game,avg_playtime
"Eastside Hockey Manager",1295.0
"Baldur's Gate II Enhanced Edition",475.255555555556
"FIFA Manager 09",411.0
Perpetuum,400.975
"Football Manager 2014",391.984615384615
"Football Manager 2012",390.453164556962
"Football Manager 2010",375.048571428571
"Football Manager 2011",365.703225806452
"Freaking Meatbags",331.0
"Out of the Park Baseball 16",330.4
"Football Manager 2015",315.364935064935
"Football Manager 2013",310.659615384615
"FINAL FANTASY XIV A Realm Reborn",300.840909090909
"Worldwide Soccer Manager 2009",295.0
"X-Plane 10 Global - 64 Bit",268.025
"NOBUNAGA'S AMBITION Kakushin with Power Up Kit",267.0
Counter-Strike,236.375176056338
"Counter-Strike Global Offensive",234.402033405955
"FIFA Manager 11",229.0
"MLB 2K10",228.0
"Avernum 4",228.0
"Avernum 5",222.0
"Marvel Puzzle Quest",211.288888888889
"Sword of the Stars Complete Collection",209.55
"Pro Evolution Soccer 2015",208.375
"Dota 2",202.785498863871
"Europa Universalis IV",195.18
"Cultures - Northland",194.0
"Football Manager 2009",185.86
"Silent Hunter Wolves of the Pacific U-Boat Missions",185.0
"King's Bounty Dark Side",183.0
"Mount & Blade Warband",182.626548672566
"Uncharted Waters Online",181.0
"Sid Meier's Civilization V",180.18285198556
"Disciples III Reincarnation",179.15
"Pro Cycling Manager 2014",177.5
Scarygirl,173.0
"Silent Hunter Wolves of the Pacific",172.4
"Imperial Glory",170.0
"Prime World",169.0375
"Sid Meier's Civilization IV Beyond the Sword",168.056
"Movie Studio 13 Platinum - Steam Powered",166.0
"Stargate Resistance",162.0
Empires,156.1
"King's Bounty Warriors of the North",153.257142857143
"Arma 3",153.22101910828
"Supreme Ruler Cold War",150.133333333333
"STORM Frontline Nation",149.48
"Nobunaga's Ambition Souzou with Power Up Kit",148.333333333333
"Guild Wars",147.925
"Call of Duty Modern Warfare 2 - Multiplayer",144.363917525773
"The Treasures of Montezuma 4",138.6
"Out of the Park Baseball 15",137.3
"Total War ROME II - Emperor Edition",136.552287581699
"NBA 2K15",135.735
"Baldur's Gate Enhanced Edition",134.560869565217
"Counter-Strike Source",134.371328671329
"Distant Worlds Universe",132.0
"Battle Nations",131.4
"Eschalon Book 2",128.0
"Sigils of Elohim",127.4
"Winning Post 8 2015",127.0
"Fieldrunners 2",124.533333333333
Mabinogi,124.04
"Bard's Gold",119.0
"Crusader Kings II",118.693421052632
"Shattered Union",116.0
"Pro Cycling Manager 2013",107.666666666667
"OMSI 2",107.56
"MLB 2K11",107.0
"Call of Duty Modern Warfare 3 - Multiplayer",105.117346938776
"The Elder Scrolls V Skyrim",104.710930576071
"Might & Magic Duel of Champions",104.657142857143
"Out of the Park Baseball 14",103.0
"Might & Magic Heroes VI",100.963414634146
"Kingdoms CCG",100.4
"Stronghold Kingdoms",100.065957446809
Nightbanes,99.0
"Empire Total War",98.2724299065421
"Build-A-Lot 4",97.0
Glare,95.0
"Blood Bowl Chaos Edition",94.0153846153846
"Call of Duty United Offensive",93.525
"NBA 2K14",93.21875
"Anno Online",93.025
"Disciples III Renaissance",92.35
"Might & Magic Heroes VII ",91.8
"Call of Duty Black Ops II - Multiplayer",91.4986754966887
"NBA 2K12",91.25
"Chocolatier Decadence by Design",90.0
"Clicker Heroes",89.8430555555556
"Action! - Gameplay Recording and Streaming",89.6666666666667
"Don Bradman Cricket 14",89.0
"Crusaders of the Lost Idols",88.4142857142857
"Total War SHOGUN 2",88.0530726256983
"DARK SOULS II",87.2366197183099
"Call of Duty Black Ops - Multiplayer",86.5883838383838
"ARK Survival Evolved",86.0322784810127
"Grotesque Tactics 2 - Dungeons and Donuts",86.0
"Avernum Escape From the Pit",85.6666666666667
"Grand Theft Auto V",85.3408921933085
"Football Manager 2016",85.0592592592592
"Mutant Mudds Deluxe",84.95
"Supreme Commander Forged Alliance",84.9153846153846
"The Binding of Isaac Rebirth",84.19375
"Heroes of Might & Magic V Tribes of the East",83.78
"Age of Empires Online",83.2
"NBA 2K16",82.775
DayZ,82.5829268292683
"Avernum 6",80.0
"Black Ink",79.7666666666667
"Making History The Calm & The Storm",79.0
"Rooms The Unsolvable Puzzle",78.0
"BlazBlue Continuum Shift Extend",77.9333333333333
"Team Fortress 2",74.7625053809729
"Garry's Mod",74.6626126126126
"Dragon Age II",74.56
"Elite Dangerous",74.4151515151515
"Sword of the Stars II Enhanced Edition",74.18
"Napoleon Total War",73.8222222222222
Rust,73.7937198067633
"Total War ATTILA",73.7416666666667
"Warhammer 40,000 Dawn of War II  Retribution",72.2275362318841
"METAL GEAR SOLID V THE PHANTOM PAIN",71.9863636363636
"The Jackbox Party Pack",71.8333333333333
"Farming Simulator 15",70.7
"Star Trek Online",70.022
Drakensang,69.45
"Rocksmith 2014",69.256
"Men of War Assault Squad 2",69.0
"Delta Force Black Hawk Down - Team Sabre",69.0
"Mortal Kombat X",68.3710526315789
"liteCam Game 100 FPS Game Capture",68.0
"Europa Universalis III",67.6875
"APB Reloaded",66.936231884058
"Farming Simulator 2013",66.85
Kenshi,66.675
"Kingdom Rush",65.3
Terraria,65.1126086956522
"MLB 2K12",64.5666666666667
"Fallout 4",64.4479041916168
Warframe,63.8551886792453
"Uncharted Waters Online Gran Atlas",63.45
"The Witcher 3 Wild Hunt",63.3363636363636
"Men of War Assault Squad",62.98
"UFO Extraterrestrials Gold",62.0
"Assassin's Creed Rogue",62.0
"King's Bounty Crossworlds",61.775
"Hearts of Iron II Complete",60.8666666666667
"Dragon Age Origins",60.8645161290323
"BookWorm Adventures Volume 2",60.25
"Battlefield Bad Company 2",60.1675675675676
"Assassin's Creed IV Black Flag",59.8203703703704
"Pro Evolution Soccer 2014",59.6333333333333
"Train Simulator",59.51
"Kerbal Space Program",59.2722222222222
"F1 2012",59.2368421052632
"Borderlands 2",58.7251295336788
"Primal Carnage Extinction",58.4428571428571
"The Incredible Adventures of Van Helsing Final Cut",58.0
"Hearts of Iron III",57.2857142857143
"Eschalon Book 1",57.0
"NOBUNAGA'S AMBITION Sphere of Influence",55.7666666666667
"RPG Maker MV",55.0
"The Crew",54.995
"Farming Simulator 2011",54.75
"Pro Evolution Soccer 2016",54.6666666666667
"Call of Duty Ghosts - Multiplayer",54.3514285714286
H1Z1,53.7532846715328
"LEGO MARVEL Super Heroes",53.4769230769231
"Path of Exile",53.3277486910995
"Star Ruler 2",53.2
"Rulers of Nations",53.0
"Dark Messiah of Might & Magic Multi-Player",52.7727272727273
"Ragnarok Online 2",52.6739130434783
"Craft The World",52.6133333333333
"Rocket League",52.5315436241611
"RPG Maker 2003",52.4
"Victor Vran",51.75
"Star Ruler",51.7333333333333
"Dragon Nest Europe",51.69
"Fallout New Vegas",51.6825783972125
"DARK SOULS II Scholar of the First Sin",51.2515151515152
"The Sims(TM) 3",51.1295454545455
"NBA 2K13",50.7833333333333
"Call of Duty Advanced Warfare - Multiplayer",50.7606557377049
Transformice,50.4844444444444
"PAYDAY 2",50.2917948717949
Runers,50.0
"East India Company",50.0
"Arma 2 Operation Arrowhead",49.8925925925926
MotoGP14,48.7
"Medieval II Total War Kingdoms",48.4941176470588
"Galactic Civilizations III",48.48
"Borderlands 2 RU",48.065
Breezeblox,48.0
"XCOM Enemy Unknown",47.8018633540373
"Warlock 2 the Exiled",47.7
"F1 2013",47.4666666666667
"War Thunder",47.4640264026403
"The Age of Decadence",47.0
"Sid Meier's Civilization Beyond Earth",46.3377049180328
"Dungeon Souls",46.2
"Emergency 2012",46.0
"Expeditions Conquistador",45.875
"Zuma's Revenge",45.5
"Rising Storm/Red Orchestra 2 Multiplayer",45.4831932773109
"Assassin's Creed III",45.4535714285714
"Supreme Commander 2",45.4134615384615
"Mass Effect 2",44.5
"Hotel Giant 2",44.0
"Port Royale 2",43.95
"Space Engineers",43.7950980392157
"Wargame Red Dragon",43.5962962962963
"Plants vs. Zombies Game of the Year",43.35
"Dragon Age Origins - Ultimate Edition",43.2627118644068
"Medieval II Total War",43.2105263157895
"Neverwinter Nights 2 Platinum",43.2
"Dark Souls Prepare to Die Edition",43.0772727272727
"AdVenture Capitalist",43.0333333333333
"Sunrider Academy",43.0
"Cities XL 2012",42.9090909090909
"Killing Floor",42.7806282722513
"Left 4 Dead",42.4504901960784
"Euro Truck Simulator 2",42.2625730994152
"Wargame AirLand Battle",42.2285714285714
"GameMaker Studio",42.0615384615385
"Left 4 Dead 2",41.9434456928839
"Gems of War",41.9
"7 Days to Die",41.5867346938776
RIFT,41.5146666666667
"Blood Bowl 2",41.2833333333333
"Victoria II",41.0785714285714
"The Dreamatorium of Dr. Magnus 2",41.0
"On the Rain-Slick Precipice of Darkness, Episode Two",40.75
"X3 Albion Prelude",40.35
"The Elder Scrolls Online Tamriel Unlimited",40.2705882352941
"X Rebirth",40.0
"Knights of Honor",39.8
"Hero Academy",39.76
"Grand Ages Medieval",39.6
"Champions Online",39.347619047619
Starbound,39.3166666666667
"DRAGON BALL XENOVERSE",39.196875
"Robin Hood",39.0
"Wings of Prey",38.9181818181818
Landmark,38.8
"Rome Total War",38.6548387096774
"Runestone Keeper",38.2
"Assassin's Creed Revelations",38.17
"Call of Duty World at War",37.9926470588235
"Fallen Enchantress",37.825
"Mass Effect",37.8231884057971
"Borderlands The Pre-Sequel",37.5276315789474
"Reign Of Kings",37.20625
"Pillars of Eternity",37.1512195121951
"Might & Magic X - Legacy ",37.0714285714286
Ironcast,37.0
"Tom Clancy's Ghost Recon Phantoms - NA",36.9233082706767
"Spiral Knights",36.8859375
"Global Agenda",36.8666666666667
"Puzzle Quest",36.8571428571429
"Sakura Clicker",36.8276595744681
"Dawn of Discovery - Venice",36.5166666666667
"Ultra Street Fighter IV",36.5075
"From The Depths",36.5
"Call of Duty Black Ops III",36.3051282051282
"Vampire The Masquerade - Bloodlines",36.1241379310345
"SpellForce 2 - Faith in Destiny",36.0571428571429
"The Musketeers Victoria's Quest",36.0
"Tesla Effect",36.0
Nevermind,36.0
"Tropico 3 Absolute Power",35.9083333333333
"Eador. Masters of the Broken World",35.8666666666667
"Far Cry 4",35.7628571428571
Hurtworld,35.5333333333333
"Divinity Original Sin",35.5238805970149
"Counter-Strike Condition Zero",35.3333333333333
"Age of Wonders III",35.040625
"EVE Online",34.8857142857143
"Battle Islands",34.8727272727273
WAKFU,34.869696969697
"Rusty Hearts",34.6833333333333
"Dungeon Defenders",34.3801801801802
R.U.S.E,34.3135135135135
"Age of Empires II HD Edition",34.2925
"Mount & Blade With Fire and Sword",33.9318181818182
"Endless Legend",33.8973684210526
"Torchlight II",33.7838235294118
"Fable III",33.5647058823529
"Killing Floor 2",33.2270833333333
"The LEGO Movie - Videogame",33.15
"Arma Combat Operations",33.0666666666667
"Cossacks Art of War",33.0
"NBA 2K9",32.6571428571429
"Majesty 2",32.62
"The Repopulation",32.5
"StarDrive 2",32.5
"The Binding of Isaac",32.4886904761905
Borderlands,32.4849315068493
"Terra Incognita ~ Chapter One The Descendant",32.2
"Assassin's Creed Syndicate",32.1333333333333
"You Must Build A Boat",32.0
"Freedom Force vs. the 3rd Reich",32.0
"MLB Front Office Manager",31.9666666666667
"Earth Defense Force Insect Armageddon",31.9666666666667
"LIGHTNING RETURNS FINAL FANTASY XIII",31.96
"Dragon Nest",31.8076923076923
"Age of Wonders 2",31.6
"I Am Alive",31.3555555555556
"Call of Duty Black Ops - Multiplayer OSX",31.35
"Farming Giant",31.0
"Darkest Hour A Hearts of Iron Game",30.9
"Stronghold Crusader 2",30.8266666666667
"Space Pirates and Zombies",30.8129032258065
MapleStory,30.6571428571429
"Sins of a Solar Empire Rebellion",30.4340425531915
"DC Universe Online",30.3551948051948
Banished,30.2413793103448
"Epic Battle Fantasy 4",30.2
"Freedom Fall",30.1
"Dragon's Prophet (EU)",29.975
"TrackMania Valley",29.875
"PlanetSide 2",29.7128571428571
"Sid Meier's Civilization III Complete",29.6695652173913
"LEGO The Hobbit",29.5454545454545
"The Elder Scrolls IV Oblivion ",29.4833333333333
Spore,29.4241379310345
"Anno 2070",29.42
"Endless Space",29.3843137254902
"Desktop Dungeons",29.3
"Day of Defeat Source",29.1584337349398
"Infestation Survivor Stories",29.1537313432836
"Call of Duty Modern Warfare 2",29.0754208754209
"Marvel Heroes 2015",29.0072072072072
"Magic The Gathering  Duels of the Planeswalkers 2012",28.9944444444444
"WWE 2K15",28.92
"Test Drive Unlimited 2",28.8708333333333
"Warhammer 40,000 Dawn of War II - Chaos Rising",28.7181818181818
"Dungeons of Dredmor",28.45
"Tales of Zestiria",28.4428571428571
"Return to Castle Wolfenstein",28.4090909090909
"Zombie Panic Source",28.3802325581395
"Life is Feudal Your Own",28.3538461538462
"X2 The Threat",28.1666666666667
"Far Cry 3",28.0441988950276
"Fortune Summoners Secret of the Elemental Stone",28.0
"Environmental Station Alpha",28.0
"Assassin's Creed II",27.9
"Cities Skylines",27.8365217391304
"Blackguards 2",27.8333333333333
ArcheAge,27.7425
"Dying Light",27.6575
"Magic 2014 ",27.65
"Blood Bowl Legendary Edition",27.6117647058824
"Pro Cycling Manager 2015",27.5666666666667
"Warhammer 40,000 Dawn of War  Dark Crusade",27.1695652173913
"The Witcher Enhanced Edition",27.1458333333333
"Saints Row 2",27.1070175438596
"America's Army Proving Grounds",27.0037735849057
"Naval War Arctic Circle",27.0
"Hidden Object Bundle 4 in 1",27.0
"Ancient Space",27.0
Spintires,26.9741935483871
"Prison Architect",26.8010204081633
"Icewind Dale Enhanced Edition",26.75
"Sniper Elite",26.71
"Fallen Earth",26.5729166666667
Broforce,26.4769230769231
"Red Orchestra Ostfront 41-45",26.3548387096774
"Medal of Honor Airborne",26.33
"Unreal Tournament Game of the Year Edition",26.3181818181818
"Kingdoms of Amalur Reckoning",26.2577777777778
"Democracy 2",26.2
"Warhammer 40,000 Dawn of War II",26.0916666666667
"Sacred 3",26.0833333333333
"Fairy Fencer F",26.05
Wolfenstein,26.0
GamersGoMakers,26.0
"Dungeons & Dragons Online",26.0
Crawl,26.0
"Deus Ex Human Revolution",25.995652173913
"Call of Duty Modern Warfare 3",25.7990521327014
"Natural Selection 2",25.7618556701031
Gnomoria,25.7545454545455
"FINAL FANTASY VIII",25.748275862069
"Construction-Simulator 2015",25.7
Mountain,25.6833333333333
"Renowned Explorers International Society",25.5
"Wolfenstein The New Order German Edition",25.45
"Jagged Alliance - Back in Action",25.44
"Legends of Eisenwald",25.4
"Tropico 4",25.3911764705882
Neverwinter,25.3786764705882
"LEGO Batman 3 Beyond Gotham",25.28
Darkspore,25.1666666666667
"FINAL FANTASY XI",25.15
"Saints Row The Third",25.1477157360406
"Mount & Blade",25.0862068965517
"Call to Arms",25.0666666666667
"Assassin's Creed Brotherhood",25.0358974358974
SimpleRockets,25.0
"Memento Mori 2",25.0
"Emergency 5 - Deluxe Edition",25.0
"Mafia II",24.9431034482759
"Magic 2015",24.8777777777778
Shadowgate,24.8
"Patrician IV Rise of a Dynasty",24.8
"Outcast 1.1",24.7
"Franchise Hockey Manager 2014",24.6666666666667
"X3 Reunion",24.6
"Silent Hunter 5 Battle of the Atlantic",24.6
Eufloria,24.5833333333333
"Primal Carnage",24.4619047619048
"Battle of Empires  1914-1918",24.4
"Dead State",24.1
"Men of War",24.0083333333333
"Secret Files Puritas Cordis",24.0
"FINAL FANTASY VII",23.9984126984127
"PROTOTYPE 2",23.98
"Middle-earth Shadow of Mordor",23.9639175257732
"TrackMania Stadium",23.825
"Tom Clancy's Ghost Recon Phantoms - EU",23.6080291970803
"Restaurant Empire II",23.6
"Cities in Motion",23.6
"LEGO Harry Potter Years 5-7",23.5
Basement,23.2333333333333
Eldevin,23.2285714285714
"Agricultural Simulator 2013 Steam Edition",23.2
Evolve,23.1323529411765
"Sleeping Dogs",23.1282352941176
"Tom Clancy's Rainbow Six Siege",23.1125
"The Settlers 7 Paths to a Kingdom",23.1
"Wizardry 7 Crusaders of the Dark Savant",23.0
"Warrior Kings Battles",23.0
"The Swindle",23.0
"Music Creator 6 Touch",23.0
"Hegemony III Clash of the Ancients",23.0
"Global Agenda - Beta",23.0
"Don't Starve",22.8146496815287
"Darkest Hour Europe '44-'45",22.8
"Wargame European Escalation",22.7351351351351
"Sorcerer King",22.7
GRID,22.6714285714286
"Batman Arkham City",22.6
"Frontline Tactics",22.5666666666667
"Majesty 2 Collection",22.52
Torchlight,22.5186666666667
"Company of Heroes 2",22.4712643678161
"Heroes of Hellas 3 Athens",22.45
"The Secret World",22.41875
"Wasteland 2",22.3590909090909
Robocraft,22.3503685503686
"Crysis 2",22.3428571428571
Awesomenauts,22.1279411764706
"Crypt of the NecroDancer",22.09375
Qvadriga,22.0
"Comanche 4",22.0
"Cloud Chamber",22.0
"Captain Forever Remix",22.0
"Anno 2205",22.0
"Aion Collectors Edition",22.0
"H1Z1 Test Server",21.9111111111111
"Geometry Dash",21.9
"Penny Arcade's On the Rain-Slick Precipice of Darkness 4",21.9
"The Political Machine",21.825
"FINAL FANTASY XIII",21.6272727272727
"RIDE Game",21.6
"Resident Evil 6 / Biohazard 6",21.5641025641026
"theHunter Primal",21.475
"Batman Arkham Asylum",21.4
"Sonic Generations",21.375
"Magic The Gathering - Duels of the Planeswalkers",21.3
"Might & Magic Clash of Heroes",21.2571428571429
"Sword Coast Legends",21.2
"Bloons TD5",21.2
"STAR WARS Knights of the Old Republic II The Sith Lords",21.1604166666667
"Darkest Dungeon",21.1162162162162
"Sniper Elite 3",21.1132075471698
"Puzzle Pirates",21.1
"Rayman Legends",21.0857142857143
Infinifactory,21.05
Tryst,21.0
"Triple Town",21.0
"Sweet Lily Dreams",21.0
"R.B.I. Baseball 15",21.0
"Broken Sword 4 - the Angel of Death",21.0
"Adventurer Manager",21.0
"3DMark Vantage",21.0
"IL-2 Sturmovik Cliffs of Dover",20.9076923076923
"Max Payne 3",20.8752688172043
HuniePop,20.82
"Grand Theft Auto IV",20.7358407079646
"SimCity 4 Deluxe",20.6771929824561
"The Lord of the Rings Online",20.5787878787879
"Divinity II - The Dragon Knight Saga",20.55
"Chivalry Medieval Warfare",20.540932642487
"Age of Conan Unchained - EU version",20.5285714285714
"ShootMania Storm",20.5
"Deponia The Complete Journey",20.4
"Call of Duty 4 Modern Warfare",20.3966666666667
"Mortal Kombat Komplete Edition",20.3738461538462
"Valdis Story Abyssal City",20.2857142857143
TERA,20.2381355932203
"Forsaken World ",20.2
"Assassins Creed Unity",20.1764705882353
"Portal 2",20.1260485651214
"DYNASTY WARRIORS 8 Xtreme Legends Complete Edition",20.1142857142857
"The Curious Expedition",20.0
"Gothic 3",19.94
"Batman Arkham Origins",19.9163265306122
"Stardust Vanguards",19.9
"Saints Row IV",19.8682170542636
Blackguards,19.8166666666667
Squirreltopia,19.7
"Sid Meier's Civilization IV",19.6974358974359
"Risen 2 - Dark Waters",19.6628571428571
"Fallout 3 - Game of the Year Edition",19.6627450980392
"Trials Fusion",19.6142857142857
Dishonored,19.6013793103448
"Supreme Ruler 2020 Gold",19.5
"S.T.A.L.K.E.R. Call of Pripyat",19.5
"Company of Heroes (New Steam Version)",19.4952380952381
"S.T.A.L.K.E.R. Clear Sky",19.4666666666667
"Tropico 5",19.4575757575758
"Microsoft Flight Simulator X Steam Edition",19.4214285714286
"Train Fever",19.4111111111111
"Galactic Civilizations I Ultimate Edition",19.3666666666667
"The Elder Scrolls III Morrowind",19.274358974359
"Super Panda Adventures",19.2
"Mad Games Tycoon",19.2
"Cricket Revolution",19.2
"Wolfenstein The New Order",19.1983870967742
"Darksiders II",19.1462686567164
"The Witcher 2 Assassins of Kings Enhanced Edition",19.1429411764706
"Puzzler World 2",19.1
"Tales of Maj'Eyal",19.075
"Batman Arkham City GOTY",19.051376146789
Trove,19.0450592885375
"F1 2015",18.9
"Rampage Knights",18.8666666666667
"Tom Clancy's Ghost Recon Future Soldier",18.8090909090909
"RollerCoaster Tycoon 3 Platinum!",18.8047619047619
"Warlock - Master of the Arcane",18.7636363636364
"Half-Life 2 Deathmatch",18.7520202020202
"Bookworm Adventures Deluxe",18.725
"NARUTO SHIPPUDEN Ultimate Ninja STORM 3 Full Burst",18.7108108108108
"Lost Horizon",18.6333333333333
"Railroad Tycoon 2 Platinum",18.625
"Tom Clancy's Ghost Recon Advanced Warfighter",18.6
Darkstone,18.6
"Just Cause 2",18.5887096774194
"London 2012 The Official Video Game of the Olympic Games",18.55
"Command and Conquer Red Alert 3",18.5269230769231
"F1 2010",18.5166666666667
"Warhammer End Times - Vermintide",18.4941176470588
"RPG Maker VX Ace",18.4896551724138
"Titan Quest Immortal Throne",18.4806451612903
"Defense Grid The Awakening",18.4341463414634
"FTL Faster Than Light",18.3793650793651
StarMade,18.3
RAGE,18.3
"Stranded Deep",18.2702702702703
FarSky,18.25
"Combat Arms",18.2
"Empyrion - Galactic Survival",18.1857142857143
"Fallout 3",18.1473684210526
"Castlevania Lords of Shadow 2",18.0571428571429
StarDrive,18.0
"Duck Game",17.9142857142857
"Age of Wonders Shadow Magic",17.9
"Dishonored (RU)",17.8444444444444
"Football Superstars",17.8
"Echo of Soul",17.7652173913044
"The Talos Principle",17.7541666666667
Watch_Dogs,17.72
"Mini Metro",17.7
"Jade Empire Special Edition",17.45
Prototype,17.415
"BioShock Infinite",17.4014150943396
"Hero Siege",17.3703703703704
Caribbean!,17.3
"The Amazing Spider-Man 2",17.225
"Omerta - City of Gangsters",17.2235294117647
"Soul Gambler",17.1666666666667
"Black Mesa",17.1625
"Age of Empires III Complete Collection",17.133734939759
"Call of Duty Black Ops",17.0748898678414
"Fallen Enchantress Legendary Heroes",17.0181818181818
"Petz Horsez 2",17.0
"Spore Galactic Adventures",16.9588235294118
"Mad Max",16.952
"Grim Dawn",16.9230769230769
"DOOM 3 BFG Edition",16.895652173913
"Tom Clancy's Splinter Cell Blacklist",16.8810810810811
"The Lord of the Rings War in the North",16.8627450980392
"Grand Theft Auto Episodes from Liberty City",16.8351351351351
"Beasts of Prey",16.825
"South Park The Stick of Truth",16.8050505050505
"Mordheim City of the Damned",16.8
"Evil Genius",16.7916666666667
"Anno 1404 Venice",16.75
"Age of Chivalry",16.7241379310345
"Skyward Collapse",16.7
"Company of Heroes Opposing Fronts",16.656
"EVGA PrecisionX 16",16.61
"The Masterplan",16.6
Windward,16.5666666666667
"War of the Roses",16.5608695652174
"GRID 2",16.5578947368421
"Tree of Life",16.5
"Super Monday Night Combat",16.46
"Magic The Gathering - Duels of the Planeswalkers 2013",16.4333333333333
"Cities XXL",16.425
"Talisman Digital Edition",16.4
"Disney Infinity 2.0",16.4
"Age of Wonders",16.4
"Tom Clancy's Splinter Cell Conviction",16.395
"Supreme Commander",16.35
"FINAL FANTASY III",16.35
"Port Royale 3",16.3090909090909
Impire,16.3
"Dead or Alive 5 Last Round",16.3
"Overlord Raising Hell",16.2
Antisquad,16.2
"Toy Soldiers",16.1857142857143
"Majesty Gold Edition",16.1
"Patrician IV Steam Special Edition",16.0857142857143
"Ori and the Blind Forest",16.0322580645161
"Football Tactics",16.0
"Warhammer 40,000 Space Marine",15.9795918367347
"The Last Remnant",15.9777777777778
"Pinball FX2",15.9727272727273
"Time Clickers",15.9607142857143
"Pirates of Black Cove",15.95
"Trials Evolution Gold Edition",15.936
"Sins of a Solar Empire Trinity",15.9076923076923
"The Witcher Adventure Game",15.9
"Party Hard",15.9
"Spec Ops The Line",15.8732142857143
Insurgency,15.8705479452055
"IL-2 Sturmovik Battle of Stalingrad",15.85
"Audiosurf 2",15.7571428571429
"F1 2011",15.74
"Assetto Corsa",15.7388888888889
"L.A. Noire",15.7013888888889
"Planet Explorers",15.7
"Block Story",15.7
"Agarest Generations of War",15.6875
"LEGO Jurassic World",15.6571428571429
"Guild Wars Game of the Year",15.65
"Tomb Raider",15.6093137254902
"Blacklight Retribution",15.5703703703704
"The Walking Dead",15.4567567567568
"Ship Simulator Extremes",15.4333333333333
Defiance,15.4150537634409
"Wallace & Gromit Ep 2 The Last Resort",15.4
"Guild of Dungeoneering",15.3666666666667
"Battlestations Pacific",15.32
"Wildlife Park 2",15.3
"Just Cause 3",15.3
"Bejeweled 3",15.2642857142857
Millie,15.2
"Shadowrun Hong Kong",15.1833333333333
"Game of Thrones - A Telltale Games Series",15.12
"Batman Arkham Knight",15.1
Unturned,15.0574368568756
"NARUTO SHIPPUDEN Ultimate Ninja STORM Revolution",15.0538461538462
"The Banner Saga",14.9862068965517
"Star Wars Knights of the Old Republic",14.9658536585366
"Divinity II - Ego Draconis",14.95
"Gravity Badgers",14.9
"The Sims(TM) Medieval",14.85
"4 Elements",14.85
"X-COM Terror from the Deep",14.8166666666667
TerraTech,14.8166666666667
Pongo,14.8
Minimon,14.8
"Hate Plus",14.8
"RPG Maker XP",14.7
Xenonauts,14.6166666666667
"Lords Of The Fallen",14.6117647058824
"The Settlers 7 Paths to a Kingdom - Gold Edition",14.6
"Sky Nations",14.6
"Battle Academy",14.6
"King's Bounty Armored Princess",14.575
"The Movies",14.5
"Dungeons 2",14.4833333333333
"Town of Salem",14.4166666666667
"The Impossible Game",14.4
"Nostradamus The Last Prophecy",14.4
"Deus Ex Human Revolution - Director's Cut",14.3907407407407
"Day of Defeat",14.3776595744681
"The Jackbox Party Pack 2",14.3
"Planets Under Attack",14.3
"Joe Dever's Lone Wolf HD Remastered",14.3
"Broken Sword 5 - the Serpent's Curse",14.3
"LEGO Batman 2",14.225
"Anno 1404",14.2222222222222
GRAV,14.21
"State of Decay",14.1703125
Magicite,14.1647058823529
"Project CARS",14.1291666666667
"Shift 2 Unleashed",14.1222222222222
"DiRT 3",14.1204081632653
Overlord,14.1136363636364
"Painkiller Gold Edition",14.1
"Cricket Captain 2014",14.1
"Shadowrun Dragonfall - Director's Cut",14.0764705882353
"You Need A Budget 4 (YNAB)",14.0636363636364
"Tropico 3 - Steam Special Edition",14.0166666666667
"Point Perfect",14.0
"Two Worlds II",13.9965517241379
"DarkStar One",13.9666666666667
"Dead Island",13.9120879120879
"S.T.A.L.K.E.R. Shadow of Chernobyl",13.9108108108108
Iesabel,13.9
"Blood Bowl Dark Elves Edition",13.9
Undertale,13.89375
"Software Inc.",13.86
"Higurashi When They Cry - Ch.1 Onikakushi",13.8
"Legend of Dungeon Masters",13.8
"Rogue Legacy",13.7603174603175
Besiege,13.7538461538462
"Life Is Strange",13.6894736842105
"Prince of Persia The Forgotten Sands",13.6857142857143
"Battlefield 2",13.6642857142857
"Source Filmmaker",13.6575757575758
"Risen 3 - Titan Lords",13.625
Elsword,13.6178571428571
"Skyscraper Simulator",13.6
"Section 8",13.5666666666667
"Don't Starve Together Beta",13.546
"The Book of Unwritten Tales The Critter Chronicles",13.5
"The Book of Unwritten Tales 2",13.5
Risen,13.4692307692308
"Recettear An Item Shop's Tale",13.45625
"Gas Guzzlers Extreme",13.4333333333333
Sheltered,13.38
SpeedRunners,13.3781818181818
3DMark,13.3777777777778
"This War of Mine",13.3722222222222
"Sniper Ghost Warrior",13.3480769230769
"Nancy Drew The White Wolf of Icicle Creek",13.3
"Metro Last Light",13.2759036144578
"If My Heart Had Wings",13.25
Homefront,13.2441860465116
"The Forest",13.24375
"RollerCoaster Tycoon Deluxe",13.20625
Survivalist,13.2
FATE,13.2
"Fight The Dragon",13.18
"Gang Beasts",13.1666666666667
"The Legend of Heroes Trails in the Sky",13.14
Darksiders,13.1318681318681
"Space Rangers HD A War Apart",13.12
"Company of Heroes Tales of Valor",13.1121212121212
"Grotesque Tactics Evil Heroes",13.1
"Borderless Gaming",13.1
Demigod,13.0909090909091
"Offworld Trading Company",13.0833333333333
Reassembly,13.0666666666667
Bulletstorm,13.0347826086957
"Age of Mythology Extended Edition",13.0138888888889
"The Escapists",13.0
"Heroes of Might & Magic III - HD Edition",13.0
"Sometimes Success Requires Sacrifice",12.95
"March of the Eagles",12.92
"GemCraft - Chasing Shadows",12.9
"Dead Rising 2 Off the Record",12.9
HAWKEN,12.8754545454545
"Sleeping Dogs Definitive Edition",12.7769230769231
"Orcs Must Die! 2",12.7755319148936
"Transformers Fall of Cybertron",12.7375
"Wallace & Gromit Ep 3 Muzzled!",12.7
"Metal Planet",12.7
GALAK-Z,12.7
Rocksmith,12.6888888888889
"Game of Thrones ",12.68125
"Batman Arkham Asylum GOTY Edition",12.6763636363636
"MEDIEVAL Total War - Gold Edition",12.6333333333333
Warface,12.6233532934132
"Sherlock Holmes versus Jack the Ripper",12.6
Salt,12.6
"Gray Matter",12.6
"Company of Heroes Europe at War",12.6
"Beyond Space",12.6
"Hitman Absolution",12.5922535211268
"Call of Duty Black Ops II",12.5672566371681
Firefall,12.5512820512821
"Warhammer 40,000 Dawn of War  Soulstorm",12.528
"Sherlock Holmes Crimes and Punishments",12.5
"Aliens vs. Predator",12.4931506849315
"The Tiny Bang Story",12.4666666666667
"Arx Fatalis",12.46
"LEGO Batman The Videogame",12.4333333333333
Cosmonautica,12.4333333333333
"Castle of Illusion",12.4
"The Mighty Quest For Epic Loot",12.3878048780488
"Command and Conquer 4 Tiberian Twilight",12.3789473684211
"Shadow Harvest Phantom Ops",12.35
"Half-Life 2 Update",12.3111111111111
"Why So Evil",12.3
"Sid Meier's Starships",12.3
"Nancy Drew Shadow at the Water's Edge",12.3
"Dead Rising 3",12.3
"Bound By Flame",12.2428571428571
"Serious Sam 3 BFE",12.2027397260274
"Quantum of Solace",12.2
"New Star Soccer 5",12.2
"FINAL FANTASY XIII-2",12.2
"Everyday Genius SquareLogic",12.2
"Call of Cthulhu Dark Corners of the Earth",12.2
"Game Dev Tycoon",12.1985915492958
"Magic Duels",12.1957142857143
"TOME Immortal Arena",12.125
AirMech,12.1232558139535
"FlatOut Ultimate Carnage",12.1166666666667
"Bloodline Champions",12.1041666666667
Oniken,12.1
"EverQuest II",12.1
"Call of Duty Black Ops II - Zombies",12.0773913043478
"Rayman Origins",12.06
"Galactic Civilizations II Ultimate Edition",12.0083333333333
"Space Colony",12.0
"Amazing Adventures Around the World",12.0
"AKIBA'S TRIP Undead & Undressed",12.0
"Half-Life 2",11.9671348314607
"Planetary Annihilation",11.9575757575758
"Dead Island Riptide",11.9528301886792
"DmC Devil May Cry",11.9348837209302
"King's Bounty The Legend",11.9111111111111
"Shovel Knight",11.9071428571429
Maia,11.9
"Alan Wake",11.875
"Star Wars Empire at War Gold",11.7975
"Star Conflict",11.7925925925926
"Project Zomboid",11.7378378378378
"Legend of Grimrock",11.7057142857143
Squad,11.65
"Star Wars Jedi Knight Jedi Academy",11.6351351351351
Cradle,11.6333333333333
"Shadowrun Returns",11.61
"Alien Isolation",11.5806451612903
"Pandora First Contact",11.55
"Tales from the Borderlands",11.5466666666667
"Assassin's Creed",11.5388888888889
"Keen Dreams",11.5
"Dynasty Warriors 8 - Empires",11.5
"Command and Conquer 3 Kane's Wrath",11.4833333333333
"Enemy Front",11.42
"Divinity II Developer's Cut",11.4083333333333
"World of Mixed Martial Arts 3",11.4
"Sherlock Holmes Nemesis",11.4
"Panzer Tactics HD",11.4
"Fallout Tactics",11.4
LISA,11.3833333333333
"Lifeless Planet",11.34
"Tabletop Simulator",11.3277777777778
"The Campaign Series Fall Weiss",11.3
"Tap Heroes",11.3
"Railroad Pioneer",11.3
"PT Boats Knights of the Sea",11.3
"SpellForce Platinum Edition",11.3
"The Walking Dead Season Two",11.2708333333333
"King's Quest",11.2333333333333
"Franchise Hockey Manager 2",11.2
"Fortix 2",11.2
"Cities XL Platinum",11.2
Spelunky,11.1411764705882
"Blade Symphony",11.1166666666667
"The Incredible Adventures of Van Helsing II",11.1071428571429
"Absconding Zatwor",11.1
"Overlord II",11.0827586206897
"Homeworld Remastered Collection",11.05
"Risk of Rain",11.0466666666667
"Sid Meier's Civilization IV Warlords",11.03
"Dungeon Defenders II",11.0235294117647
"Sid Meier's Ace Patrol",11.0
"Pat & Mat",11.0
"Fable - The Lost Chapters",10.9916666666667
"Rebel Galaxy",10.98
"Counter-Strike Nexon Zombies",10.9461956521739
"Castle Story",10.94
"Need for Speed Hot Pursuit",10.9392857142857
"Phantom Breaker Battle Grounds",10.9333333333333
"Grand Theft Auto San Andreas",10.9044247787611
"Secret Of Magia",10.9
"Freight Tycoon Inc.",10.9
Panzar,10.8941176470588
"Cities XL 2011",10.8714285714286
"Grand Ages Rome",10.8666666666667
"Never Alone (Kisima Ingitchuna)",10.8166666666667
SOMA,10.8076923076923
"The Lady",10.8
Dex,10.8
DeathSpank,10.8
"Grey Goo",10.8
"Fallout 2",10.7772727272727
"The Long Dark",10.7758620689655
"Kings Bounty Legions",10.7666666666667
"DiRT 2",10.756
"On the Rain-Slick Precipice of Darkness, Episode One",10.72
Towns,10.7
"Lost Planet 3",10.7
"Championship Manager 2010",10.7
"The Incredible Adventures of Van Helsing",10.6894736842105
"X-COM UFO Defense",10.6666666666667
"Space Empires IV Deluxe",10.6666666666667
Magicka,10.6414507772021
"Dungeon Defenders Eternity",10.6333333333333
"America's Army 3",10.61875
"Nimble Writer",10.6
"Castle In The Darkness",10.6
"Call of Duty Black Ops - OSX",10.6
"Agarest Zero",10.6
"Realm of the Mad God",10.575
"Escape Goat",10.5666666666667
"TowerFall Ascension",10.5571428571429
"DiRT Rally",10.5388888888889
"TyranoBuilder Visual Novel Studio",10.5
"Indigo Prophecy",10.5
"Hotline Miami 2 Wrong Number",10.4888888888889
"The Golf Club",10.45
"Sniper Elite V2",10.4282485875706
"Ryse Son of Rome",10.4052631578947
Sanitarium,10.4
"M.U.D. TV",10.4
"Depth Hunter 2 Deep Dive",10.4
"F.E.A.R. 2 Project Origin",10.3868421052632
"Duke Nukem Forever",10.365
"DUNGEONS - Steam Special Edition",10.3555555555556
"Injustice Gods Among Us Ultimate Edition",10.3510638297872
"Emergency 2013",10.35
Aion,10.35
"Call of Duty Advanced Warfare",10.2903846153846
"Plague Inc Evolved",10.2622222222222
"realMyst Masterpiece Edition",10.25
"Rugby League Team Manager 2015",10.25
"Bully Scholarship Edition",10.2260869565217
"Heroes of Might & Magic V",10.1916666666667
"Gratuitous Space Battles",10.1736842105263
"War for the Overworld",10.1545454545455
"Space Hulk Ascension",10.15
"FreeStyle2 Street Basketball",10.1483516483516
Singularity,10.1375
Verdun,10.1333333333333
"Warhammer 40,000 Armageddon",10.1
"Ballad of Solar",10.1
"Cook, Serve, Delicious!",10.0909090909091
Deadpool,10.0769230769231
"To End All Wars",10.05
"METAL GEAR RISING REVENGEANCE",10.05
"Rome Total War - Alexander",10.0444444444444
"Star Wars - Battlefront II",10.036036036036
"Dead Space 2",10.0333333333333
"Bad Hotel",10.0
"Aliens Colonial Marines",9.96363636363636
"The Book of Unwritten Tales",9.95555555555556
Subnautica,9.91538461538462
"The Wolf Among Us",9.90681818181818
"Guild Wars Trilogy",9.9
"Angels of Fasaria Version 2.0",9.9
"Valkyria Chronicles",9.89310344827586
"Universe at War Earth Assault",9.87777777777778
"Cave Story+",9.87586206896552
"Cossacks Back to War",9.875
"RollerCoaster Tycoon 2 Triple Thrill Pack",9.8625
"Heroes & Generals",9.84925373134328
"Company of Heroes",9.84193548387097
"Gauntlet ",9.83636363636364
"Broken Age",9.83125
"Dungeon of the Endless",9.81111111111111
"RPG Maker 2000",9.8
"RUNNING WITH RIFLES",9.8
"Resident Evil Revelations 2 / Biohazard Revelations 2",9.78571428571429
"Need for Speed Undercover",9.68333333333333
"Planetary Annihilation TITANS",9.64545454545454
"A.R.E.S. Extinction Agenda EX",9.6
"Disciples II Gallean's Return",9.56
"Red Faction Guerrilla Steam Edition",9.54418604651163
"Stronghold 3",9.53333333333333
"Bloody Good Time",9.53333333333333
Skullgirls,9.53125
"Fable Anniversary",9.51176470588235
"Letter Quest Grimm's Journey",9.5
"Eufloria HD",9.5
"The Raven - Legacy of a Master Thief",9.475
"Big Pharma",9.46666666666667
"Mystery PI The Vegas Heist",9.45
"MXGP - The Official Motocross Videogame",9.45
"Insaniquarium! Deluxe",9.45
Thief,9.37794117647059
"Invisible, Inc.",9.37777777777778
"Skulls of the Shogun",9.375
"Royal Quest",9.36666666666667
"Harvest Massive Encounter",9.36666666666667
"Gotham City Impostors Free To Play",9.34411764705882
"Warmachine Tactics",9.3
"ArtRage Studio Pro",9.3
"Rogue Shooter The FPS Roguelike",9.3
"Command and Conquer 3 Tiberium Wars",9.28333333333333
"Farm for your Life",9.25
"Anna's Quest",9.25
"Defense Grid 2",9.24615384615385
LYNE,9.24444444444445
"F1 2014",9.225
"Rise of Nations Extended Edition",9.21538461538461
Depth,9.2037037037037
"Super 3-D Noah's Ark",9.2
Parcel,9.2
Strife,9.19705882352941
"Sid Meier's Railroads!",9.17857142857143
"Lego Harry Potter",9.17692307692308
"Survival Postapocalypse Now",9.16666666666667
"Orcs Must Die!",9.14193548387097
"Call of Duty Ghosts",9.11571428571429
"Dawn of Discovery",9.1
"RACE 07",9.0675
"Alien Breed 3 Descent",9.06666666666667
"Tony Hawk's Pro Skater HD",9.06666666666667
"Dragon's Prophet",9.06666666666667
"The Cave",9.05
"Transformers War for Cybertron",9.03333333333333
"Hotel Dash",9.0
"Airport Madness World Edition",9.0
"Spacebase DF-9",8.98571428571429
"KickBeat Steam Edition",8.98333333333333
"Saints Row Gat out of Hell",8.95
"Metro 2033",8.94685714285714
"GRID Autosport",8.93448275862069
"Unreal Tournament 3 Black Edition",8.91621621621622
"State of Decay Year-One",8.9
Starscape,8.9
"Magical Diary",8.9
Build-A-Lot,8.9
Boid,8.9
"Deus Ex Human Revolution - The Missing Link",8.88636363636364
"Resident Evil 5 / Biohazard 5",8.859375
"Divinity Original Sin Enhanced Edition",8.85714285714286
"Metro Last Light Redux",8.85357142857143
"EasyAntiCheat eSports",8.8125
"Sacred Citadel",8.8
Omegalodon,8.8
"Legends of Aethereus",8.8
"Men of War Condemned Heroes",8.8
"The Chronicles of Riddick Assault on Dark Athena",8.75714285714286
"Max Payne 2 The Fall of Max Payne",8.7
"Heroes of Might & Magic V Hammers of Fate",8.7
"100% Orange Juice",8.7
"Pirates, Vikings, & Knights II",8.68666666666667
Unepic,8.67777777777778
"MASSIVE CHALICE",8.675
Mafia,8.65
"Fearless Fantasy",8.65
"Infested Planet",8.63333333333333
"Serious Sam HD The Second Encounter",8.62566371681416
"Letter Quest Grimm's Journey Remastered",8.6
"Ether One",8.6
"Elven Legacy",8.6
Crimsonland,8.6
"Ultimate General Gettysburg",8.58
"Alien Breed Impact",8.58
"X3 Terran Conflict",8.57222222222222
SpaceChem,8.55454545454545
"The Evil Within",8.55
"Mystery P.I. The Lottery Ticket",8.55
"Street Fighter IV",8.54444444444444
"NOT A HERO",8.53333333333333
"Hydrophobia Prophecy",8.50833333333333
"Car Mechanic Simulator 2015",8.50769230769231
"System Protocol One",8.5
"Clockwork Empires",8.5
"Airport Simulator 2014",8.5
"Nuclear Dawn",8.45833333333333
"The Night of the Rabbit",8.4
"Star Traders 4X Empires",8.4
"Rebuild 3 Gangs of Deadsville",8.4
"Earth 2150 The Moon Project",8.4
"Star Wolves 3 Civil War",8.375
Godus,8.36666666666667
"Prince of Persia Warrior Within",8.36666666666667
"Tom Clancy's Rainbow Six Vegas 2",8.36153846153846
"TrackMania United",8.35
"Spore Creepy & Cute Parts Pack",8.33636363636364
"Tea Party Simulator 2015",8.3
"Nancy Drew The Deadly Device",8.3
Gaokao.Love.100Days,8.3
Burgers,8.3
"The Bureau XCOM Declassified",8.29333333333333
"Crysis Warhead",8.27826086956522
"Scribblenauts Unlimited",8.26716417910448
"Brothers in Arms Road to Hill 30",8.25
"Alice Madness Returns",8.21111111111111
"Painkiller Recurring Evil",8.2
Creativerse,8.2
"Atlantica Online",8.2
"One Finger Death Punch",8.19090909090909
"Front Mission Evolved",8.18571428571429
"Chaos on Deponia",8.17
"Legends of Pegasus",8.13333333333333
"Full Mojo Rampage",8.13
"Blades of Time",8.11666666666667
"Stronghold 2",8.11333333333333
Hammerwatch,8.106
"Sam & Max 202 Moai Better Blues",8.1
"STAR WARS X-Wing vs. TIE Fighter",8.1
"Memoir '44 Online",8.1
Manyland,8.1
"Community College Hero Trial by Fire",8.1
Audiosurf,8.09875
"Resident Evil / biohazard HD REMASTER",8.09090909090909
"March of War",8.04705882352941
"Half-Life Source",8.02702702702703
"Divinity Dragon Commander",8.025
"Space Quest Collection",8.0
"Nom Nom Galaxy",8.0
"Faerie Solitaire",7.98
"LEGO The Lord of the Rings",7.95
"Clive Barker's Jericho",7.95
"Half-Life 2 Episode Two",7.94468085106383
"Space Hulk",7.93333333333333
"Dungeon Siege",7.90909090909091
Loadout,7.90847457627119
Obscure,7.9
"Kohan Immortal Sovereigns",7.9
"GunZ 2 The Second Duel",7.87971014492754
"Ys Origin",7.84285714285714
SMITE,7.82875
"Kingdom Wars",7.82608695652174
Devilian,7.81666666666667
"Zombie Grinder",7.8
Steredenn,7.8
"Mishap An Accidental Haunting",7.8
"Men of War Vietnam",7.8
"Incoming Forces",7.8
"Grow Home",7.79166666666667
"Child of Light",7.79090909090909
"Dark Messiah of Might & Magic Single Player",7.78421052631579
"Ticket to Ride",7.78333333333333
"THE KING OF FIGHTERS 2002 UNLIMITED MATCH",7.75
"MacGuffin's Curse",7.75
"F.E.A.R. 3",7.74339622641509
"Stronghold Crusader HD",7.72608695652174
Nosgoth,7.72456140350877
"Star Wars - Jedi Knight II Jedi Outcast",7.71
Overture,7.7
Love,7.7
"F.E.A.R. Extraction Point",7.7
Nether,7.69117647058824
"The Amazing Spider-Man",7.66666666666667
"Trine 3 The Artifacts of Power",7.65
"The Maw",7.64
Distance,7.64
"Just Cause 2 Multiplayer Mod",7.62558139534884
BioShock,7.61678321678322
"ToCA Race Driver 3",7.6
"Silent Storm Sentinels",7.6
"City of Heroes",7.6
"Blazing Angels Squadrons of WWII",7.6
"Axiom Verge",7.575
"Sunless Sea",7.57272727272727
"La Tale",7.56842105263158
"The Albino Hunter",7.56666666666667
"Mercenary Kings",7.56
Synergy,7.55454545454545
"Merchants of Kaidan",7.55
"MicroVolts Surge",7.5421052631579
"Secrets of Grindea",7.53333333333333
"Fairy Bloom Freesia",7.53333333333333
"Little Inferno",7.532
"BioShock 2",7.52727272727273
"The Testament of Sherlock Holmes",7.52352941176471
"Take On Helicopters",7.51428571428571
"Star Wars - Jedi Knight Mysteries of the Sith",7.5
Spectraball,7.5
"Prince of Persia The Two Thrones",7.5
"Lilly Looking Through",7.5
"Cubemen 2",7.5
"PAYDAY The Heist",7.4950495049505
QuestRun,7.48
"Starpoint Gemini 2",7.46923076923077
"Ys The Oath in Felghana",7.46666666666667
"Stronghold Crusader Extreme HD",7.46
"Worms Reloaded",7.432
BRINK,7.421875
"Nancy Drew The Captive Curse",7.4
"Lumino City",7.4
"Cast of the Seven Godsends",7.4
"Farming Simulator 2013 - Modding Tutorials",7.4
"Devil May Cry 4 Special Edition",7.36666666666667
"Ace of Spades",7.34084507042254
"Guns of Icarus Online",7.32058823529412
"The Walking Dead Survival Instinct",7.3
Stonehearth,7.3
"Dust An Elysian Tail",7.29565217391304
"Soldier Front 2",7.26923076923077
"A New Beginning - Final Cut",7.26666666666667
"Blitzkrieg 2 Anthology",7.26666666666667
"Call of Juarez Gunslinger",7.26170212765958
"Tom Clancy's H.A.W.X.",7.25
"GoD Factory Wingmen",7.25
"Command and Conquer Red Alert 3 - Uprising",7.24666666666667
"Of Orcs And Men",7.23333333333333
"METAL GEAR SOLID V GROUND ZEROES",7.22857142857143
"The Guild II Renaissance",7.21666666666667
"Wolfenstein The Old Blood ",7.20769230769231
"The Darkness II",7.20285714285714
Rotieer,7.2
Roguelands,7.2
"Nancy Drew Tomb of the Lost Queen",7.2
"Nancy Drew Danger By Design",7.2
"METAL SLUG X",7.2
"Grim Legends The Forsaken Bride",7.2
"Cloudberry Kingdom",7.2
"Buccaneer The Pursuit of Infamy",7.2
Influent,7.15
Fallout,7.15
Blur,7.14285714285714
"Midnight Club II",7.13333333333333
"Dirty Bomb",7.12974358974359
"Two Worlds Epic Edition",7.11578947368421
"Goat Simulator",7.10076923076923
"Take On Mars",7.1
"The Stomping Land",7.08888888888889
"Far Cry 3 Blood Dragon",7.0734693877551
"The Ball",7.06363636363636
"Hand Of Fate",7.06
"Sid Meier's Pirates!",7.05909090909091
Brawlhalla,7.05538461538462
"Zack Zero",7.03333333333333
"Traps N' Gemstones",7.0
"TransOcean The Shipping Company",7.0
"Starlaxis Supernova Edition",7.0
"Lego Star Wars 3 The Clone Wars",7.0
"Enemy Territory Quake Wars",7.0
"Dig or Die",7.0
"Cargo! - The quest for gravity",7.0
Armello,7.0
"Galaxy on Fire 2 Full HD",6.99166666666667
"How to Survive",6.99107142857143
"Worms Revolution",6.97916666666667
"Tomb Raider Underworld",6.97777777777778
"Star Wars Jedi Knight Dark Forces II",6.97
"Monday Night Combat",6.96842105263158
"Brilliant Bob",6.95
"Dragon Quest Heroes",6.95
Bardbarian,6.95
"GTR Evolution",6.93333333333333
Crysis,6.91090909090909
"Last Word",6.9
DARK,6.9
"BookWorm Deluxe",6.9
"Enforcer Police Crime Action",6.9
"Crysis 2 Maximum Edition",6.88651685393258
"resident evil 4 / biohazard 4",6.86428571428571
BeamNG.drive,6.85
Descent,6.8
"Jagged Alliance 2 - Wildfire ",6.8
"Castaway Paradise",6.8
"Abyss The Wraiths of Eden",6.8
Miscreated,6.775
"Monkey Island 2 Special Edition",6.76666666666667
"Wolfenstein The Old Blood German Edition",6.75
"Sniper Ghost Warrior 2",6.70277777777778
"WTFast Gamers Private Network (GPN)",6.7
"Skullgirls Endless Beta",6.7
"Salvation Prophecy",6.7
"Nancy Drew Curse of Blackmoor Manor ",6.7
"Holy Potatoes! A Weapon Shop?!",6.7
Greyfox,6.7
"Gorky 17",6.7
"Empire TV Tycoon",6.7
"Disciples Sacred Lands Gold",6.7
"Chroma Squad",6.7
"Cabela's Big Game Hunter Pro Hunts",6.7
"Nation Red",6.69230769230769
"From Dust",6.68125
"Metro 2033 Redux",6.67631578947368
"AION Free-to-Play",6.66666666666667
"Shoot Many Robots",6.64444444444444
"Wind of Luck Arena",6.64
"Minecraft Story Mode - A Telltale Games Series",6.62857142857143
"The Dark Eye Chains of Satinav",6.6
"Full Spectrum Warrior",6.6
"UFO Aftermath",6.6
"The Gate",6.6
"Puzzle Quest Galactrix",6.6
"Magic Barrage - Bitferno",6.6
"Hard Truck Apocalypse / Ex Machina",6.6
"Contraption Maker",6.6
BloodRayne,6.6
Deponia,6.58846153846154
"Lambda Wars Beta",6.5875
"Starbound - Unstable",6.57
"Arma 2 Operation Arrowhead Beta (Obsolete)",6.56551724137931
"Castle Crashers",6.55424836601307
"Call of Juarez The Cartel",6.55
"RaceRoom Racing Experience ",6.5462962962963
"12 Labours of Hercules III Girl Power",6.53333333333333
"War, the Game",6.5
"The Adventures of Tree",6.5
"Ship Simulator Maritime Search and Rescue",6.5
Overgrowth,6.5
"Magic The Gathering  Tactics",6.5
"Bob Was Hungry",6.5
Vindictus,6.46538461538462
"The Fifth Day",6.45
"Firefighters 2014",6.45
"Carmageddon 2 Carpocalypse Now",6.45
"Infinity Wars - Animated Trading Card Game",6.41333333333333
SPACECOM,6.4
"Mega Man Legacy Collection",6.4
"Doodle God",6.4
"Trine 2",6.38549618320611
"Devil May Cry 4",6.37222222222222
"Shufflepuck Cantina Deluxe VR",6.36666666666667
"District 187",6.36666666666667
TIS-100,6.35
"Dungeon Siege III",6.34516129032258
"Heroes of Scene",6.32
"War in a Box Paper Tanks",6.3
"Chuzzle Deluxe",6.3
"Lakeview Cabin Collection",6.275
"Blazing Angels 2 Secret Missions of WWII",6.26666666666667
"Resident Evil Revelations / Biohazard Revelations",6.26111111111111
"Legend of Grimrock 2",6.25714285714286
"Rising World",6.25
"Medal of Honor(TM) Multiplayer",6.2475
"Imperium Romanum Gold Edition",6.225
"Rune Classic",6.2
"Rivals of Aether",6.2
"Fiesta Online",6.2
"Fatty Maze's Adventures",6.2
"Automation - The Car Company Tycoon Game",6.2
"Airline Tycoon 2",6.2
"King Arthur II - The Role-playing Wargame",6.19230769230769
"Grim Fandango Remastered",6.19230769230769
"Pixel Piracy",6.18846153846154
"Octodad Dadliest Catch",6.175
"Battlestations Midway",6.175
"Hatoful Boyfriend",6.15714285714286
Anoxemia,6.15
"Arctic Combat",6.13333333333333
"Defender's Quest Valley of the Forgotten",6.125
"Insurgency Modern Infantry Combat",6.11492537313433
Krater,6.1
"Tales of Monkey Island Chapter 3 - Lair of the Leviathan ",6.1
"Sam & Max 205 What's New Beelzebub?",6.1
Mainland,6.1
Bastion,6.09252336448598
"A Game of Thrones - Genesis",6.09230769230769
"Dead Rising 2",6.08095238095238
"Warhammer 40,000 Dawn of War - Game of the Year Edition",6.07272727272727
"Brtal Legend",6.06388888888889
Minimum,6.06363636363636
"Gotham City Impostors",6.06153846153846
"Satellite Reign",6.06
"Creeper World 3 Arc Eternal",6.05
"LEGO Worlds",6.03571428571429
"DeathSpank Thongs Of Virtue",6.03333333333333
Cryostasis,6.03333333333333
"Universe Sandbox",6.006
"Frozen Synapse",6.00384615384615
"Shadow Warrior",6.003125
"War of the Vikings",6.0
"Prime World Defenders",6.0
NyxQuest,6.0
Monochroma,6.0
"Lost Saga North America",6.0
"Hegemony Rome The Rise of Caesar",6.0
"Finn and Jake's Epic Quest",6.0
"Call of Juarez",6.0
"Remember Me",5.976
"Carmageddon Reincarnation",5.975
"Mark of the Ninja",5.97323943661972
ArcaniA,5.97
"Death Rally",5.96666666666667
"Guacamelee! Gold Edition",5.96129032258065
"Hazard Ops",5.95714285714286
Multiwinia,5.95
"Jack Lumber",5.93333333333333
Divekick,5.93333333333333
"Turbo Dismount",5.93
"Nuclear Throne",5.92727272727273
"Zombies Monsters Robots",5.91785714285714
CastleStorm,5.91538461538462
"BattleBlock Theater",5.90283018867925
"Super Puzzle Platformer Deluxe",5.9
"Rising Angels Reborn",5.9
"Return to Mysterious Island 2",5.9
"Nightmares from the Deep 3 Davy Jones",5.9
"Nancy Drew The Haunted Carousel",5.9
"MechWarrior Online",5.9
"Enigmatis 2 The Mists of Ravenwood",5.9
"1953 NATO vs Warsaw Pact",5.9
"Sonic Adventure 2 ",5.85833333333333
F.E.A.R.,5.85833333333333
"Driver San Francisco",5.85
"Dead Island Epidemic",5.84251968503937
"Earth 2160",5.84
"Atom Zombie Smasher ",5.83157894736842
"Far Cry 2",5.81132075471698
"Poker Night at the Inventory",5.80606060606061
"Puzzle Dimension",5.8
"Nancy Drew Warnings at Waverly Academy",5.8
"East India Company Pirate Bay",5.8
"18 Wheels of Steel American Long Haul",5.8
"Sonic & All-Stars Racing Transformed",5.790625
"Folk Tale",5.775
"Why So Evil 2 Dystopia",5.76666666666667
"No Time To Explain Remastered",5.76666666666667
"Red Faction Armageddon",5.7530612244898
"Theatre of War",5.75
"No More Room in Hell",5.74434782608696
Transistor,5.74117647058824
Half-Life,5.73706896551724
"Sanctum 2",5.73584905660377
"Eden Star  Destroy - Build - Protect",5.73333333333333
"Burnout Paradise The Ultimate Box",5.73132530120482
"Viscera Cleanup Detail",5.70909090909091
"Half-Life 2 Episode One",5.70135135135135
"Stellar Impact",5.7
OlliOlli,5.7
"Into the Dark",5.7
"Conflict Denied Ops",5.7
"Broken Sword 2 - the Smoking Mirror Remastered",5.7
"Abandoned Chestnut Lodge Asylum",5.7
"Ski Region Simulator",5.7
"Hunted The Demon's Forge",5.68333333333333
"BLOCKADE 3D",5.68333333333333
"GUILTY GEAR Xrd -SIGN-",5.66666666666667
"Ascend Hand of Kul",5.66363636363636
"Castlevania Lords of Shadow - Ultimate Edition",5.66
"Men of War Red Tide",5.65714285714286
"SONIC THE HEDGEHOG 4 Episode II",5.65
Horizon,5.65
"Beat Hazard",5.64411764705882
"Block N Load",5.63260869565217
"Arma 2",5.6156462585034
"Call of Juarez Bound in Blood",5.6
Yesterday,5.6
"The Detail",5.6
"Robot Rescue Revolution",5.6
"Pro Evolution Soccer 2013",5.6
"Desperados - Wanted Dead or Alive",5.6
"Knights of Pen and Paper +1",5.58333333333333
Trine,5.57777777777778
"Painkiller Black Edition",5.56666666666667
Polarity,5.56153846153846
StarForge,5.55263157894737
"iBomber Defense",5.55
"Reprisal Universe",5.55
"Just Cause",5.55
"Brothers in Arms Hell's Highway",5.55
"S.K.I.L.L. - Special Force 2",5.53611111111111
"Teenage Mutant Ninja Turtles Out of the Shadows",5.53333333333333
"World in Conflict Soviet Assault",5.53333333333333
Eldritch,5.525
Stacking,5.525
"Hotline Miami",5.51276595744681
"SpaceForce Rogue Universe",5.5
"Nancy Drew Ghost of Thornton Hall",5.5
"Azure Striker Gunvolt",5.5
"NEO Scavenger",5.475
"F1 Race Stars",5.475
Portal,5.47434052757794
"Fahrenheit Indigo Prophecy Remastered",5.46666666666667
"Democracy 3",5.46071428571429
"Soccer Manager 2015",5.45833333333333
Altitude,5.45384615384615
"Dreamfall The Longest Journey",5.45
"Broken Sword 1 - Shadow of the Templars Director's Cut",5.44
"Scribblenauts Unmasked",5.4375
"Guns and Robots",5.43666666666667
"Nightmares from the Deep 2 The Siren`s Call",5.43333333333333
"Lucius II",5.43333333333333
"Small World 2",5.425
Despair,5.425
"DUNGEONS - The Dark Lord (Steam Special Edition)",5.42
"DiRT Showdown",5.41739130434783
"POSTAL 2",5.41
"fault milestone one",5.4
"Volgarr the Viking",5.4
"Rugby Challenge 2",5.4
"Nancy Drew Ransom of the Seven Ships ",5.4
"Nancy Drew Danger on Deception Island ",5.4
"King of Dragon Pass",5.4
"SUPER DISTRO",5.4
"Poly Bridge",5.38333333333333
"The Legend of Korra",5.38333333333333
"Road Redemption",5.38333333333333
Outlast,5.38169014084507
GameGuru,5.375
"Portal Stories Mel",5.3625
Voxelized,5.35
"Loadout Campaign Beta",5.34736842105263
"Ghost Master",5.32857142857143
Battlepaths,5.32
"Quantum Conundrum",5.31818181818182
"Star Wars The Force Unleashed Ultimate Sith Edition",5.31212121212121
"Gothic 3 Forsaken Gods Enhanced Edition",5.3
"Star Wars The Force Unleashed II",5.3
"Rogue Trooper",5.3
Redshirt,5.3
"Pride of Nations",5.3
"Earth 2150 Lost Souls",5.3
"Choice Chamber",5.3
"Cherry Tree High I! My! Girls!",5.3
"Bullet Heaven 2",5.3
"bit Dungeon II",5.25
"Kingdom Tales 2",5.25
Convoy,5.25
"Sniper Elite Nazi Zombie Army",5.23913043478261
"Shattered Horizon",5.23333333333333
"Penguins Arena Sedna's World",5.225
"Alien Swarm",5.2076124567474
"Everlasting Summer",5.20263157894737
"The Magic Circle",5.2
"The Clockwork Man The Hidden World",5.2
"Disciples III Resurrection",5.2
"Build-A-Lot 2",5.2
"DiRT 3 Complete Edition",5.19473684210526
"MURDERED SOUL SUSPECT",5.19444444444444
"Call of Duty 2",5.1875
Psychonauts,5.15714285714286
Robotex,5.15
"Alien Breed 2 Assault",5.14285714285714
"Dead Realm",5.13333333333333
"MX vs. ATV Reflex",5.12857142857143
"Shantae and the Pirate's Curse",5.125
"Poker Night 2",5.11428571428571
"Aura Kingdom",5.10731707317073
Aftermath,5.10185185185185
"Ys VI The Ark of Napishtim",5.1
Windborne,5.1
"Speed Kills",5.1
Reversi,5.1
"Portal of Evil Stolen Runes Collector's Edition",5.1
"Nancy Drew Ghost Dogs of Moon Lake ",5.1
"Hamlet or the last game without MMORPG features, shaders and product placement",5.1
"Geometry Wars 3 Dimensions Evolved",5.1
"Diner Dash Hometown Hero",5.1
Autocraft,5.1
"9 Clues 2 The Ward",5.1
"Deus Ex Game of the Year Edition",5.08918918918919
"ORION Prelude",5.08875
"X-COM Apocalypse",5.08333333333333
"SEGA Genesis & Mega Drive Classics",5.08260869565217
"Amnesia The Dark Descent",5.08230088495575
"Need for Speed SHIFT",5.07
"Max Payne",5.06875
"Angels Fall First",5.06666666666667
"The Baconing",5.06666666666667
"Grand Theft Auto Vice City",5.06444444444444
"F.E.A.R. Perseus Mandate",5.05714285714286
Timberman,5.05
"Enigmatis The Ghosts of Maple Creek",5.05
Shadowgrounds,5.04705882352941
"Hard Reset",5.04666666666667
"WRC 4 FIA WORLD RALLY CHAMPIONSHIP",5.04
"Dead Space",5.03692307692308
"Camera Obscura",5.025
"Lego Star Wars Saga",5.01428571428571
"Hector Ep 2",5.0
"Decay - The Mare",5.0
"Battle vs Chess",5.0
Ascendant,5.0
"An Assassin in Orlandes",5.0
"Medal of Honor(TM) Single Player",4.98372093023256
HELLDIVERS,4.98333333333333
"Solar 2",4.975
"Shank 2",4.97142857142857
"Penumbra Black Plague",4.9625
"12 Labours of Hercules",4.95714285714286
"Pox Nora",4.95
"Lilly and Sasha Curse of the Immortals",4.95
"Chronicles of a Dark Lord Episode 1 Tides of Fate Complete",4.95
"Ghostbusters The Video Game",4.93636363636364
"Sword of the Stars The Pit",4.93333333333333
"Mind Path to Thalamus Enhanced Edition",4.93333333333333
"Tribes Ascend",4.93023255813953
"Pixel Puzzles Japan",4.9125
"NEKOPARA Vol. 1",4.91111111111111
"Kane & Lynch 2 Dog Days",4.90588235294118
"Shellshock 2 Blood Trails",4.9
"Labyronia RPG",4.9
"Cloudy with a Chance of Meatballs",4.9
"Bloodbath Kavkaz",4.9
"Amnesia Memories",4.9
"Binary Domain",4.9
"Door Kickers",4.87692307692308
"Peggle Deluxe",4.86153846153846
"CastleMiner Z",4.85714285714286
"Scourge Outbreak",4.85
"Peggle Nights",4.84285714285714
"Double Action Boogaloo",4.82888888888889
"World of Guns Gun Disassembly",4.81449275362319
Dustforce,4.80666666666667
"Zeno Clash 2",4.8
"WRC Powerslide",4.8
"The Otherside",4.8
"Pre-Civilization Marble Age",4.8
"Mount Your Friends",4.8
"Mars Colony Challenger",4.8
"Assassins Creed Chronicles China",4.8
"Get Off My Lawn!",4.78333333333333
"Dreamfall Chapters",4.78
"Super Sanctum TD",4.775
"Batman Arkham Origins Blackgate - Deluxe Edition",4.76666666666667
"Always Sometimes Monsters",4.75833333333333
"Valiant Hearts The Great War / Soldats Inconnus  Mmoires de la Grande Guerre",4.75714285714286
Startopia,4.75
"Full Spectrum Warrior Ten Hammers",4.75
"Tales of Monkey Island Chapter 4 - The Trial and Execution of Guybrush Threepwood ",4.73333333333333
"Platypus II",4.73333333333333
"Beyond Good & Evil",4.73333333333333
"I am Bread",4.72727272727273
Monopoly,4.725
Uncrowded,4.71
"Time Mysteries 2 The Ancient Spectres",4.7
"The Few",4.7
"The Clans - Saga of the Twins",4.7
"Section 8 Prejudice",4.7
"Nancy Drew Alibi in Ashes",4.7
"Lords of the Realm II",4.7
"Industry Giant 2",4.7
"Dive to the Titanic",4.7
"Boson X",4.7
Armikrog,4.7
"3 Stars of Destiny",4.7
"Sam & Max 106 Bright Side of the Moon",4.7
"Melissa K. and the Heart of Gold Collector's Edition",4.7
"E.Y.E Divine Cybermancy",4.68333333333333
Uplink,4.67857142857143
"Tower Wars",4.67777777777778
"Iron Grip Warlord",4.66666666666667
"Professional Farmer 2014",4.65555555555556
"Tomb Raider I",4.65384615384615
"X-COM Interceptor",4.65
"The Incredible Adventures of Van Helsing III",4.65
"Order of War",4.63333333333333
"Nightmares from the Deep The Cursed Heart",4.63333333333333
"Lara Croft and the Temple of Osiris",4.625
"Tom Clancy's H.A.W.X. 2",4.61428571428571
"The Secret of Monkey Island Special Edition",4.60322580645161
"The Dead Linger",4.6
"Kings of Kung Fu",4.6
"Fall of the New Age Premium Edition",4.6
"Dominions 4",4.6
"Age of Conan Rise of the Godslayer",4.6
FEZ,4.59230769230769
HOARD,4.58571428571429
"Space Run",4.575
"Hero of the Kingdom",4.56666666666667
"Tiny Bridge Ratventure",4.56666666666667
"Sol Survivor",4.56666666666667
"Viscera Cleanup Detail Santa's Rampage",4.56315789473684
"White Noise Online",4.5
"Vlad the Impaler",4.5
Vagante,4.5
"Starion Tactics",4.5
"Secret Files Sam Peters",4.5
"Mini Ninjas",4.5
"Journey Of The Light",4.5
"Ether Vapor Remaster",4.5
"Buzz Aldrin's Space Program Manager",4.5
"Surgeon Simulator",4.49277108433735
"Stronghold Legends",4.48333333333333
"Greed Corp",4.48333333333333
"Mirror's Edge",4.48235294117647
"AaAaAA!!! - A Reckless Disregard for Gravity",4.48
"iBomber Defense Pacific",4.475
"Street Fighter X Tekken",4.475
Toribash,4.47228915662651
"Red Faction II",4.46666666666667
"Operation Flashpoint Red River",4.46666666666667
Lucius,4.45416666666667
"Gun Metal",4.45
"16bit Trader",4.45
"Counter-Strike Condition Zero Deleted Scenes",4.44893617021277
"Tap Tap Infinity",4.43333333333333
Element4l,4.43333333333333
"All Zombies Must Die!",4.43333333333333
"Alien Shooter Vengeance",4.43333333333333
"Rise of Venice",4.41666666666667
"The Vanishing of Ethan Carter",4.40952380952381
"Amnesia A Machine for Pigs",4.408
"Zombie Army Trilogy",4.4
X-note,4.4
"The Undying Plague",4.4
"Secret Files Tunguska",4.4
"Grim Legends 2 Song of the Dark Swan",4.4
"DuckTales Remastered",4.4
"CID The Dummy",4.4
AXYOS,4.4
"Duke Nukem Forever ",4.4
"Metro Conflict",4.39375
"King Arthur - The Role-playing Wargame",4.39285714285714
"Titan Quest",4.38620689655172
"Lichdom Battlemage",4.38181818181818
Archeblade,4.35762711864407
"Mars War Logs",4.35454545454545
"Jagged Alliance Flashback",4.35
"Warhammer 40,000 Dawn of War  Winter Assault",4.34666666666667
Machinarium,4.32352941176471
Reus,4.31224489795918
"Stronghold HD",4.30476190476191
"Renegade Ops",4.3
"Virtual Villagers A New Home",4.3
TimeShift,4.3
"Temper Tantrum",4.3
"Far Cry",4.29615384615385
"12 Labours of Hercules II The Cretan Bull",4.2875
Aquaria,4.28571428571429
"Robot Roller-Derby Disco Dodgeball",4.27
"Major Mayhem",4.26666666666667
Breach,4.26666666666667
"Next Car Game Wreckfest",4.26071428571429
"The Kings' Crusade",4.25
"The Escapists The Walking Dead",4.25
Chaser,4.25
"Chainsaw Warrior",4.25
"Act of Aggression",4.25
"Half Minute Hero Super Mega Neo Climax Ultimate Boy",4.24285714285714
"Flatout 3",4.23333333333333
"Sniper Elite Nazi Zombie Army 2",4.22352941176471
"Tales of Monkey Island Chapter 1 - Launch of the Screaming Narwhal",4.22
"Sid Meier's Ace Patrol Pacific Skies",4.21111111111111
"Unreal Tournament 2004",4.20909090909091
"Magicka Wizard Wars",4.20782608695652
Westward,4.2
"The Wizard's Pen",4.2
"Styx Master of Shadows",4.2
"Star Wolves",4.2
Shipwreck,4.2
"RESCUE 2",4.2
"Game Tycoon 1.5",4.2
"Duke Nukem 3D Megaton Edition",4.2
"DCS Black Shark",4.2
Blockland,4.2
"Sang-Froid - Tales of Werewolves",4.17
"Tom Clancy's Rainbow Six 3 Gold Edition",4.16666666666667
"The Dream Machine",4.16666666666667
"Goodbye Deponia",4.15714285714286
"Waking Mars",4.14
"Strike Suit Infinity",4.1375
Planetbase,4.1375
"The Slaughtering Grounds",4.13333333333333
"Star Wars Republic Commando",4.13333333333333
"Fistful of Frags",4.12784810126582
"Post Apocalyptic Mayhem",4.1
"Xpand Rally Xtreme",4.1
"Teddy Floppy Ear - Mountain Adventure",4.1
"Seduce Me the Otome",4.1
Nux,4.1
"Mission Control NanoMech",4.1
Ichi,4.1
Contrast,4.1
"Battle Los Angeles",4.1
"IL-2 Sturmovik 1946",4.08888888888889
"Football Manager 2016 Demo",4.08571428571429
"Costume Quest",4.08235294117647
"Half-Life Opposing Force",4.08095238095238
Contagion,4.07755102040816
"Speedball 2 HD",4.06666666666667
"Keep Talking and Nobody Explodes",4.06666666666667
"Jigoku Kisetsukan Sense of the Seasons",4.06666666666667
"Journey of a Roach",4.05
"A.V.A - Alliance of Valiant Arms",4.04074074074074
"Super Amazing Wagon Adventure",4.03333333333333
"Relic Hunters Zero",4.02272727272727
"Frankenstein Master of Death",4.02
"Wildlife Park 3",4.0
"Total War Battles KINGDOM",4.0
"The Beast of Lycan Isle - Collector's Edition",4.0
"Our Darker Purpose",4.0
"Nancy Drew Last Train to Blue Moon Canyon",4.0
"Jet Set Radio",4.0
"Family Guy Back to the Multiverse",4.0
DiRT,4.0
"1... 2... 3... KICK IT! (Drop That Beat Like an Ugly Baby)",4.0
"Gear Up",3.9962962962963
"Cities in Motion 2",3.99473684210526
"Alchemy Mysteries Prague Legends",3.98
"Worms Armageddon",3.96190476190476
Split/Second,3.95
"Silent Hunter III",3.95
"Season of Mystery  The Cherry Blossom Murders",3.95
"Magicka 2",3.93125
Prey,3.925
"My Lands",3.925
"Puzzle Agent",3.92
"Abyss Odyssey",3.92
"Lost Planet 2",3.9125
Nidhogg,3.90625
"Operation Flashpoint Dragon Rising",3.90588235294118
Survarium,3.9
"Flower Shop Winter In Fairbrook",3.9
"Wallace & Gromit Ep 4 The Bogey Man",3.9
"Tales of Monkey Island Chapter 2 - The Siege of Spinner Cay ",3.9
"Runaway A Road Adventure",3.9
"MX vs. ATV Supercross Encore",3.9
"It came from space, and ate our brains",3.9
"Dustoff Heli Rescue",3.9
"Dungeons & Dragons Chronicles of Mystara",3.9
"Drawn The Painted Tower",3.9
"99 Spirits",3.9
"Grand Theft Auto III",3.890625
"Q.U.B.E Director's Cut",3.88
"The Ship",3.86976744186047
Primordia,3.86666666666667
"Giana Sisters Twisted Dreams",3.85238095238095
Kingdom,3.85
"Tiny Brains",3.85
"Villagers and Heroes",3.84444444444444
"Oddworld New 'n' Tasty",3.83333333333333
"Papers, Please",3.82972972972973
"Viking Battle for Asgard",3.82222222222222
"Weather Lord The Successor's Path",3.8
"The Room",3.8
"The Black Watchmen",3.8
"Pro Rugby Manager 2015",3.8
"Nancy Drew Secrets can Kill",3.8
"Mountain Crime Requital",3.8
"Monster Loves You!",3.8
"BAD END",3.8
Apollo4x,3.8
"The Wonderful End of the World",3.78
Screencheat,3.78
"Savage Lands",3.77692307692308
"Blood of Old",3.775
"Crazy Machines 2",3.775
"Codename CURE",3.76764705882353
"Out There  Edition",3.76666666666667
"Star Wars Dark Forces",3.76428571428571
"Dungeon Siege 2",3.76
"Wanderlust Rebirth",3.75555555555556
Gunpoint,3.75263157894737
"Marble Mayhem Fragile Ball",3.75
"Emergency 2014",3.75
"Devil May Cry 3 Special Edition",3.7125
"Terminator Salvation",3.7
"Sam & Max 201 Ice Station Santa",3.7
"Rescue Everyday Heroes",3.7
"Interstellar Marines",3.7
"Ghost in the Shell Stand Alone Complex First Assault Online",3.7
"Divinity Dragon Commander Beta",3.7
"Demon Hunter Chronicles from Beyond",3.7
"Mitos.is The Game",3.69818181818182
"Cubic Castles",3.69655172413793
"Little Racers STREET",3.68
"Hitman Blood Money",3.6695652173913
"Doorways The Underworld",3.66666666666667
"Lead and Gold - Gangs of the Wild West",3.65833333333333
"Quake Live",3.65584415584416
"War Inc. Battlezone",3.653125
"Tom Clancy's Splinter Cell Double Agent",3.65
"Scratches Director's Cut",3.65
"Overcast - Walden and the Werewolf",3.65
Republique,3.65
"Hollywood Visionary",3.65
"Her Story",3.64
"Boring Man - Online Tactical Stickman Combat",3.63809523809524
SNOW,3.63333333333333
"Divine Divinity",3.63333333333333
"D.I.P.R.I.P. Warm Up",3.62857142857143
"Super Meat Boy",3.6264
"School of Dragons How to Train Your Dragon",3.625
"The Guild II",3.61538461538462
"Card Hunter",3.615
"Lara Croft and the Guardian of Light",3.61153846153846
"Serious Sam HD The First Encounter",3.60689655172414
Zoombinis,3.6
"Zafehouse Diaries",3.6
"Total War Battles SHOGUN",3.6
"The Samaritan Paradox",3.6
"The Political Machine 2016",3.6
GunWorld,3.6
"Eaten Alive",3.6
"Down To One",3.6
"Clockwork Tales Of Glass and Ink",3.6
"Aura Fate of the Ages",3.6
"10,000,000",3.6
"NASCAR '14",3.6
"METAL SLUG 3",3.59047619047619
"Hitman 2 Silent Assassin",3.58571428571429
"Anna - Extended Edition",3.58181818181818
"Shoppe Keep",3.58
"Steel Ocean",3.575
"Zombie Shooter 2",3.56666666666667
"Worms Clan Wars",3.56666666666667
"Tales of Monkey Island Chapter 5 - Rise of the Pirate God",3.56666666666667
"The Longest Journey",3.55714285714286
"Commandos 2 Men of Courage",3.55454545454545
"The Clockwork Man",3.55
"The Lost Crown",3.55
"Chainsaw Warrior Lords of the Night",3.55
"Thief Deadly Shadows",3.54545454545455
"One Way Heroics",3.54
"DOOM 3",3.535
"Serious Sam Classic The First Encounter",3.52857142857143
"Insanely Twisted Shadow Planet",3.525
"Railroad Tycoon 3",3.52
"Pool Nation",3.52
"Alpha Protocol",3.52
"ACE COMBAT ASSAULT HORIZON Enhanced Edition",3.51818181818182
"Bridge Constructor",3.51666666666667
"Teddy Floppy Ear - Kayaking",3.5
"Strong Bad Episode 1 Homestar Ruiner",3.5
"Project AURA",3.5
"Nancy Drew Secret of the Scarlet Hand ",3.5
"LEGO Pirates of the Caribbean The Video Game",3.5
"Ironclad Tactics",3.5
"Cossacks European Wars",3.5
Cosmophony,3.5
"Cognition An Erica Reed Thriller",3.5
"Cabela's Hunting Expeditions",3.5
"AI War Fleet Command",3.5
"The Journey Down Chapter One",3.48
"Papo & Yo",3.475
"Tactical Intervention",3.46935483870968
Skyborn,3.46666666666667
"Memories of a Vagabond",3.45555555555556
"DOOM II Hell on Earth",3.45555555555556
"Alan Wake's American Nightmare",3.44166666666667
Sanctum,3.44102564102564
"Lost Planet Extreme Condition",3.42941176470588
"Iron Brigade",3.41666666666667
"Teddy Floppy Ear - The Race",3.4
"Hack 'n' Slash",3.4
"Time Mysteries Inheritance - Remastered",3.4
"The Defenders The Second Wave",3.4
Saviors,3.4
"Saturday Morning RPG",3.4
"Project Explore",3.4
"Hegemony Gold Wars of Ancient Greece",3.4
"Heavy Bullets",3.4
"Fast & Furious Showdown",3.4
"Deadly Profits",3.4
Cyto,3.4
"Cabelas Trophy Bucks",3.4
"Better Late Than DEAD",3.4
Bedlam,3.4
"A Story About My Uncle",3.4
8BitBoy,3.4
"The Basement Collection",3.38
"METAL SLUG DEFENSE",3.37777777777778
Evoland,3.37222222222222
"The Expendabros",3.371875
"Edna & Harvey Harvey's New Eyes",3.36666666666667
"Revenge of the Titans",3.34666666666667
"Painkiller Hell & Damnation",3.32666666666667
"Sinister City",3.31666666666667
"Sid Meier's Civilization IV Colonization",3.30588235294118
"Colin McRae Rally",3.3
Closure,3.3
"The 39 Steps",3.3
"Super Chibi Knight",3.3
Retrovirus,3.3
"Narco Terror",3.3
"Gunspell Steam Edition",3.3
"Evochron Mercenary",3.3
Echelon,3.3
"Delta Force 2",3.3
"Amazing Adventures The Lost Tomb",3.3
"Dungeons & Dragons Daggerdale",3.28333333333333
La-Mulana,3.28
"Commandos Behind Enemy Lines",3.26666666666667
"Super Hexagon",3.26551724137931
"SteamWorld Dig",3.2625
"System Shock 2",3.25833333333333
"Medieval Engineers",3.25333333333333
"Wasteland 1 - The Original Classic",3.25
"WRC 5",3.25
"Victim of Xen",3.25
SolForge,3.25
Hacknet,3.25
"Analogue A Hate Story",3.24285714285714
"THE KING OF FIGHTERS XIII STEAM EDITION",3.24285714285714
"Go! Go! Nippon! ~My First Trip to Japan~",3.24
"Race The Sun",3.232
"Happy Wars",3.20363636363636
"Sunrider Mask of Arcadius",3.2
"Strong Bad Episode 3 Baddest of the Bands",3.2
"Sam & Max 302 The Tomb of Sammun-Mak",3.2
"Heroes Over Europe",3.2
"Hard Truck Apocalypse Rise Of Clans / Ex Machina Meridian 113",3.2
"Elite Dangerous Horizons",3.2
"Bus-Simulator 2012",3.2
"Blue Rose",3.2
CubeGun,3.2
"Coin Crypt",3.2
Quake,3.1875
"PixelJunk Shooter",3.18
"Hyperdimension Neptunia Re;Birth1",3.17777777777778
"The Swapper",3.16923076923077
"PAC-MAN Championship Edition DX+",3.16923076923077
"Indie Game The Movie",3.15714285714286
Swipecart,3.15
Cinders,3.15
"Super Killer Hornet Resurrection",3.15
"Rabbit Hole 3D Steam Edition",3.15
"Codename Panzers - Cold War",3.15
Receiver,3.14285714285714
Spirits,3.14
Q.U.B.E.,3.13333333333333
"Peggle Extreme",3.12
KnightShift,3.12
FUEL,3.12
"Panzer Corps",3.1
"Order of War Challenge",3.1
"Oozi Earth Adventure",3.1
"Life is Hard",3.1
"Karate Master 2 Knock Down Blow",3.1
"Kane & Lynch Dead Men",3.1
"Humanity Asset",3.1
"Hegemony Philip of Macedon",3.1
Fire,3.1
"Face Noir",3.1
"Escape Rosecliff Island",3.1
"City Life 2008",3.1
"Cherry Tree High Comedy Club",3.1
"Battleplan American Civil War",3.1
"Fancy Skulls",3.1
"Gemini Rue",3.08333333333333
Botanicula,3.08125
"Ionball 2  Ionstorm",3.08
"Shelter 2",3.06666666666667
"King Arthur's Gold",3.06666666666667
Anodyne,3.06666666666667
"The Stanley Parable",3.06363636363636
"Strategic War in Europe",3.05
Platypus,3.05
"Cossacks II Battle for Europe",3.05
"BlazBlue Calamity Trigger",3.05
"Dragons and Titans",3.04583333333333
"Estranged Act I",3.04166666666667
"The Dig",3.04
"The Showdown Effect",3.03571428571429
Viridi,3.03333333333333
"King Arthur Collection",3.02857142857143
"Plain Sight",3.025
Batla,3.02
Z,3.0
"Way of the Samurai 4",3.0
"Warhammer Online Age of Reckoning",3.0
"Vintage Year",3.0
"Treeker The Lost Glasses",3.0
"The Nightmare Cooperative",3.0
"TRANSFORMERS Rise of the Dark Spark",3.0
"Sam & Max 304 Beyond the Alley of the Dolls",3.0
"Sam & Max 101 Culture Shock",3.0
"Reach for the Sun",3.0
Pressure,3.0
Obludia,3.0
"MoW Face Off M",3.0
Kyn,3.0
"Hunting Unlimited 2010",3.0
"Frederic Evil Strikes Back",3.0
"Dark Fall Lost Souls",3.0
Clickr,3.0
"CivCity Rome",3.0
"CAFE 0 ~The Drowned Mermaid~",3.0
"Big Money! Deluxe",3.0
"500 Years Act 1",3.0
"3DMark 11",3.0
"Infinite Crisis",2.98918918918919
"Trials 2 Second Edition",2.9875
"The Four Kings Casino and Slots",2.975
"Sakura Spirit",2.97272727272727
"Car Mechanic Simulator 2014",2.97142857142857
"FX Football - The Manager for Every Football Fan",2.96666666666667
"Call of Duty",2.96666666666667
"Assassin's Creed Freedom Cry",2.96666666666667
"To the Moon",2.95294117647059
"10 Second Ninja",2.95
"Long Live The Queen",2.94
"ENSLAVED Odyssey to the West Premium Edition",2.93333333333333
"Quake III Arena",2.92857142857143
Apotheon,2.92
"Serious Sam 2",2.91538461538462
Hammerfight,2.91428571428571
LIMBO,2.91190476190476
"Five Nights at Freddy's 2",2.90869565217391
Xeodrifter,2.9
"Splatter - Blood Red Edition",2.9
"Sam & Max 303 They Stole Max's Brain!",2.9
STARWHAL,2.9
"Road Not Taken",2.9
"Quest of Dungeons",2.9
"Nancy Drew Lights, Camera, Curses!",2.9
MotoGP13,2.9
"Left in the Dark No One on Board",2.9
"Dracula's Legacy",2.9
"Deadly Premonition The Director's Cut",2.9
"Clash of Puppets",2.9
"Children of the Nile Alexandria",2.9
"BloodRayne 2",2.9
"Blob From Space",2.9
"Avadon 2 The Corruption",2.9
VVVVVV,2.89189189189189
"Canyon Capers",2.89166666666667
A.R.E.S.,2.88888888888889
Braid,2.8875
"F.E.A.R. Online",2.88148148148148
"Alien Rage - Unlimited",2.88
"Takedown Red Sabre",2.87272727272727
"Double Dragon Neon",2.87142857142857
FORCED,2.87037037037037
"RPG MO",2.8625
Sengoku,2.86
Deadlight,2.85789473684211
"Wild Warfare",2.85555555555556
Waveform,2.85
"Tiny Troopers",2.85
"Sun Blast",2.85
"Paranormal State Poison Spring Collector's Edition",2.85
eden*,2.85
"Slender The Arrival",2.84615384615385
"Dwarfs F2P",2.8375
"Blitzkrieg Anthology",2.83333333333333
"Artemis Spaceship Bridge Simulator",2.83333333333333
"RISK Factions",2.81666666666667
"DLC Quest",2.81666666666667
FOTONICA,2.8
Deadbreed,2.8
"Zombie Tycoon 2 Brainhov's Revenge",2.8
"Watchmen The End Is Nigh Part 2",2.8
Showtime!,2.8
"Sherlock Holmes and The Hound of The Baskervilles",2.8
"Sam & Max 305 The City that Dares not Sleep",2.8
"Residue Final Cut",2.8
Obulis,2.8
Halfway,2.8
"Doctor Who The Eternity Clock",2.8
"Crusader Kings Complete",2.8
"Carmageddon Max Pack",2.8
"9 Clues The Secret of Serpent Creek",2.8
Antichamber,2.788
"Cthulhu Saves the World ",2.7875
"Shadowgrounds Survivor",2.78571428571429
"Metal Reaper Online",2.78571428571429
"Ys I",2.76666666666667
"Doorways Prelude",2.76666666666667
"Back to the Future Ep 5 - OUTATIME",2.76666666666667
"Hostile Waters Antaeus Rising",2.76666666666667
"Universe Sandbox ",2.75714285714286
"PixelJunk Monsters Ultimate",2.75714285714286
"Sam & Max 105 Reality 2.0",2.75
DeadCore,2.75
"Swords and Soldiers HD",2.73333333333333
"SpellForce 2 Gold Edition",2.73333333333333
"Layers of Fear",2.73333333333333
"Tomb Raider Anniversary",2.72727272727273
McPixel,2.72105263157895
"DOOM 3 Resurrection of Evil",2.72
"Oddworld Abe's Exoddus",2.7125
RUSH,2.71111111111111
Grimm,2.70769230769231
"Deadfall Adventures",2.7
"Sugar Cube Bittersweet Factory",2.7
"Strong Bad Episode 2 Strong Badia the Free",2.7
"Riding Star",2.7
"Retro-Pixel Castles",2.7
Outland,2.7
NaissanceE,2.7
"N.P.P.D. RUSH - The milk of Ultra violet",2.7
"Midnight Mysteries 4 Haunted Houdini",2.7
"Kill Fun Yeah",2.7
Hylics,2.7
"Ghost Encounters Deadwood - Collector's Edition",2.7
"Forsaken Uprising",2.7
"Executive Assault",2.7
"Escape Machines",2.7
"Eryi's Action",2.7
"Cities XL",2.7
"Back to the Future Ep 3 - Citizen Brown",2.7
"Angry Birds Space",2.7
"Alex Hunter - Lord of the Mind",2.7
1Quest,2.7
"Deadly 30",2.7
Enclave,2.68666666666667
"Race The WTCC Game",2.68333333333333
RaiderZ,2.67
"Silent Hill Homecoming",2.66666666666667
"Puzzle Agent 2",2.66666666666667
X-Blades,2.66
Syberia,2.65714285714286
"Indiana Jones and the Fate of Atlantis",2.65
"Enemy Mind",2.65
Monaco,2.646875
Eets,2.64
Chime,2.62857142857143
TypeRider,2.625
"Out There Somewhere",2.62
"Grand Theft Auto 2",2.61666666666667
Shank,2.60625
"The Typing of The Dead Overkill",2.6
Servo,2.6
"Reaper - Tale of a Pale Swordsman",2.6
"Offspring Fling!",2.6
"Make it indie!",2.6
"GEARCRACK Arena",2.6
Fingered,2.6
"Fading Hearts",2.6
"Destiny Warriors",2.6
"Chris Sawyer's Locomotion",2.6
"Catmouth Island",2.6
"Battle Group 2",2.6
"Back to the Future Ep 4 - Double Visions",2.6
"Dysfunctional Systems Learning to Manage Chaos",2.6
"The Bard's Tale",2.58333333333333
"Lunar Flight",2.58333333333333
Gravilon,2.58333333333333
Darwinia,2.58333333333333
Chains,2.58333333333333
"Red Crucible Firestorm",2.57608695652174
"Prince of Persia The Sands of Time",2.57333333333333
Shatter,2.57222222222222
"Edge of Space",2.56666666666667
"Dino D-Day",2.5640625
"Construct 2 Free",2.55714285714286
"Stubbs the Zombie in Rebel Without a Pulse",2.55
"Toki Tori",2.55
"The Howler",2.55
"Stellar 2D",2.55
"Sins of a Dark Age",2.54615384615385
"Red Orchestra 2 Heroes of Stalingrad - Single Player",2.54615384615385
"Leviathan Warships",2.54444444444444
"East India Company Gold",2.54
"New kind of adventure",2.53333333333333
"FootLOL Epic Fail League",2.53333333333333
"Air Conflicts Pacific Carriers",2.53333333333333
"War of the Roses Balance Beta",2.525
"Edna & Harvey The Breakout",2.525
"Fractured Space",2.52222222222222
"Arma 2 DayZ Mod",2.51016949152542
WARMODE,2.50816326530612
"God Mode",2.50769230769231
"Virtua Tennis 4",2.5
"Spriter Pro",2.5
"Smooth Operators",2.5
"Shiny The Firefly",2.5
"RADical ROACH Deluxe Edition",2.5
"Quake II",2.5
Kuros,2.5
"Hell Yeah!",2.5
"Fate of the World",2.5
"Demolition, Inc.",2.5
"Deadlings - Rotten Edition",2.5
"CameraBag 2",2.5
"Blood Knights",2.5
"Ancient Planet",2.5
theHunter,2.49354838709677
"Piercing Blow",2.49
Damned,2.49
"Shadows on the Vatican - Act I Greed",2.4875
DiggerOnline,2.48235294117647
"Sir, You Are Being Hunted",2.48125
Guncraft,2.48
"Wallace & Gromit Ep 1 Fright of the Bumblebees",2.475
"Vertical Drop Heroes HD",2.46666666666667
"Halo Spartan Assault",2.45384615384615
"The Mean Greens - Plastic Warfare",2.45
"Air Brawl",2.45
"The Cat Lady",2.45
Cubemen,2.4375
"Speedball 2 Tournament",2.43333333333333
"Beatbuddy Tale of the Guardians",2.43333333333333
"Space Farmers",2.425
"Killer is Dead",2.42
Betrayer,2.41666666666667
"Randal's Monday",2.4
"Warhammer 40,000 Kill Team",2.4
Vox,2.4
Ultratron,2.4
"Tkl Online",2.4
"Spooky Cats",2.4
"Skara - The Blade Remains",2.4
"Postal 3",2.4
"PixelJunk Shooter Ultimate",2.4
"Phoenix Force",2.4
"NightShift Code",2.4
Knock-knock,2.4
"Flesh Eaters",2.4
"Fat Chicken",2.4
"Farming World",2.4
"Else Heart.Break()",2.4
"Duck Dynasty",2.4
"Darksiders II Deathinitive Edition",2.4
"Conquest of Champions",2.4
"Commander Conquest of the Americas",2.4
"Organ Trail Director's Cut",2.39230769230769
"Brothers - A Tale of Two Sons",2.39
"DCS World",2.3875
"Eets Munchies",2.38
"Oil Rush",2.37777777777778
"Toki Tori 2+",2.37777777777778
"Myst Masterpiece Edition",2.375
"BIT.TRIP Presents... Runner2 Future Legend of Rhythm Alien",2.36923076923077
Daylight,2.36666666666667
"Over 9000 Zombies!",2.35
"Time Mysteries 3 The Final Enigma",2.35
Shelter,2.34
"The Guild Gold Edition",2.33333333333333
"Soccer Manager 2016",2.33333333333333
"Cargo Commander",2.33333333333333
Morphopolis,2.325
Bleed,2.32
Rochard,2.31538461538462
"Grimoire Manastorm",2.31428571428571
"Racer 8",2.31
"Delve Deeper",2.3
"Back to the Future Ep 1 - It's About Time",2.3
"YOU DON'T KNOW JACK",2.3
"Towtruck Simulator 2015",2.3
"Super Motherload",2.3
Submerged,2.3
"Sphere III Enchanted World",2.3
Pressured,2.3
"Kohan II Kings of War",2.3
"Divine Souls",2.3
"Defense Grid 2 A Matter of Endurance",2.3
DarkEnd,2.3
"Cosmic DJ",2.3
"Containment The Zombie Puzzler",2.3
"Boo Bunny Plague",2.3
"Knights and Merchants",2.29444444444444
"Squishy the Suicidal Pig",2.29166666666667
"Talisman Prologue",2.28571428571429
"They Bleed Pixels",2.28
"Deus Ex The Fall",2.275
"Lords of the Black Sun",2.26666666666667
"Survivor Squad",2.26666666666667
LUFTRAUSERS,2.26
"Bad Rats",2.25384615384615
"Zombie Zoeds",2.25
"Toy Soldiers War Chest",2.25
"Hamilton's Great Adventure",2.25
"Destination Sol",2.25
"World of Goo",2.24878048780488
SkyDrift,2.24444444444444
"Uriel's Chasm",2.24285714285714
"Thomas Was Alone",2.24074074074074
"Ultimate Tic-Tac-Toe",2.24
"Foreign Legion Buckets of Blood",2.24
"Axis Game Factory's AGFPRO 3.0",2.24
"Lethal League",2.23333333333333
"Europa Universalis Rome - Gold Edition",2.23333333333333
"Carrier Command Gaea Mission",2.23333333333333
NEOTOKYO,2.22666666666667
"Master Levels for DOOM II",2.225
"Stealth Bastard Deluxe",2.22307692307692
"Moonbase Alpha",2.22
Cogs,2.22
"Navy Field 2  Conqueror of the Ocean",2.21764705882353
"NEKOPARA Vol. 0",2.21666666666667
"The Bridge",2.215
"Blocks That Matter",2.21333333333333
UberStrike,2.20857142857143
rFactor,2.2
"Wings! Remastered Edition",2.2
"Tomb Raider The Last Revelation",2.2
"SpellForce 2 - Demons of the Past",2.2
Silverfall,2.2
"Shark Attack Deathmatch 2",2.2
"Sakura Swim Club",2.2
"SAMURAI WARRIORS 4-II",2.2
"NASCAR The Game 2013",2.2
"Millennium - A New Hope",2.2
Lumines,2.2
"Jack Keane",2.2
"Fairy Tale Mysteries The Puppet Thief Collector's Edition",2.2
"Coffin Dodgers",2.2
"Choice of the Deathless",2.2
"Beware Planet Earth",2.2
"The Silent Age",2.2
"Back to the Future Ep 2 - Get Tannen!",2.2
Aerena,2.2
"Mortal Kombat Kollection",2.18235294117647
"Half-Life Blue Shift",2.1804347826087
"Guardians of Middle-earth",2.18
"Scania Truck Driving Simulator",2.17777777777778
"Hitman Sniper Challenge",2.175
"FortressCraft Evolved",2.175
Interplanetary,2.16666666666667
"Penumbra Overture",2.15294117647059
"Syder Arcade",2.15
"Nimble Quest",2.15
"NEED FOR MADNESS ?",2.15
"Midnight Mysteries 3 Devil on the Mississippi",2.15
"Geometry Wars Retro Evolved",2.15
"Five Nights at Freddy's",2.14545454545455
Chip,2.14285714285714
Terrorhedron,2.13333333333333
"Woodle Tree Adventures",2.12307692307692
"Free to Play",2.11212121212121
Dizzel,2.10333333333333
"War of the Human Tanks",2.1
"Toybox Turbos",2.1
"Time Gentlemen, Please!",2.1
"The Whispered World Special Edition",2.1
"Rise of the Triad",2.1
"RPG Tycoon",2.1
"Post Mortem",2.1
"Pineview Drive",2.1
"Mini Motor Racing EVO",2.1
Light,2.1
"Legend of Mysteria",2.1
Dodge,2.1
Circuits,2.1
"Choice of Robots",2.1
"Anomaly Warzone Earth Mobile Campaign",2.1
"Anomaly Warzone Earth",2.09459459459459
"Trainz Simulator 12",2.08571428571429
"Vanguard Princess",2.075
"Galcon Legends",2.075
"Dead Bits",2.07368421052632
"Worms Ultimate Mayhem",2.06923076923077
"Audition Online",2.06
"Street Fighter V Beta",2.05
"Remnants Of Isolation",2.05
"Narcissu 1st & 2nd",2.05
"Karos Returns",2.05
"Five Nights at Freddy's 3",2.05
"Hitman Codename 47",2.04666666666667
"RAW - Realms of Ancient War",2.04285714285714
"Rock of Ages",2.035
"Tomb Raider Legend",2.03333333333333
"Sacred 2 Gold",2.03333333333333
"Not The Robots",2.03333333333333
"Mechanic Escape",2.03333333333333
"Kinetic Void",2.03333333333333
"Heavy Fire Afghanistan",2.03333333333333
"Gone Home",2.03333333333333
"FlatOut 2",2.01428571428571
"Red Faction",2.0125
"ibb & obb",2.0
"Two Worlds II Castle Defense",2.0
"Theme Park Studio",2.0
"The Last Federation",2.0
"SC2VN - The eSports Visual Novel",2.0
"Resident Evil Operation Raccoon City",2.0
"Of Guards And Thieves",2.0
"Midnight Mysteries Salem Witch Trials",2.0
Hook,2.0
"Gold Rush! Classic",2.0
"GestureWorks Gameplay",2.0
"Fritz Chess 14",2.0
"Final Dusk",2.0
"Dogs of War Online - Beta",2.0
"Crazy Plant Shop",2.0
"Sam & Max 104 Abe Lincoln Must Die!",1.98571428571429
"Rocketbirds Hardboiled Chicken",1.975
Nihilumbra,1.975
Jazzpunk,1.975
"Flight Control HD",1.975
Fuse,1.97142857142857
"Angry Video Game Nerd Adventures",1.97
"Absolute Drift",1.96666666666667
"Thief 2",1.96
"A Virus Named TOM",1.95833333333333
"Kentucky Route Zero",1.95714285714286
Collapse,1.95
Symphony,1.95
"Lugaru HD ",1.95
"Galcon Fusion",1.95
"Earth 2150 Trilogy",1.95
Hatred,1.94285714285714
"Arma Tactics",1.94
"Secret of the Magic Crystal",1.93333333333333
"Sacred Gold",1.93333333333333
FaceRig,1.93076923076923
"Oddworld Stranger's Wrath HD",1.92222222222222
"Before the Echo",1.92
"Unreal Gold",1.9125
"Strike Suit Zero",1.91052631578947
"Thinking with Time Machine",1.91
"Fishing Planet",1.90408163265306
"Westerado Double Barreled",1.9
"The Path",1.9
"Gemini Wars",1.9
"Crimzon Clover  WORLD IGNITION",1.9
"Close Your Eyes",1.9
ZOMBI,1.9
VoidExpanse,1.9
"Talismania Deluxe",1.9
"Space Empires V",1.9
"Solstice Arena",1.9
"SCHAR Blue Shield Alliance",1.9
Retention,1.9
"Pixel Puzzles UndeadZ",1.9
OTTTD,1.9
"Kingdom Wars 2 Battles",1.9
"Khet 2.0",1.9
"Dynomite! Deluxe",1.9
"Draconian Wars",1.9
"Defend Your Life",1.9
DRAKERZ-Confrontation,1.9
"Breach & Clear",1.9
Bermuda,1.9
"Arms Dealer",1.9
Teeworlds,1.89444444444444
"Oddworld Abe's Oddysee",1.89333333333333
"Cry of Fear",1.875
"Space Trader Merchant Marine",1.86666666666667
"Nexus The Jupiter Incident",1.86666666666667
"Dogfight 1942",1.86666666666667
"BRAINPIPE A Plunge to Unhumanity",1.86666666666667
"Afterfall InSanity Extended Edition",1.86129032258065
"60 Seconds!",1.86
"Deus Ex Invisible War",1.85
"Crystals of Time",1.85
Ziggurat,1.85
"Warhammer 40,000 Regicide",1.85
Unmechanical,1.85
"Amazing World",1.85
"Intrusion 2",1.84
"BIT.TRIP RUNNER",1.84
"The Hat Man Shadow Ward",1.83333333333333
"ONE PIECE PIRATE WARRIORS 3",1.83333333333333
"Commando Jack",1.83333333333333
"Sonic CD",1.82857142857143
Borealis,1.825
"Eternal Fate",1.825
"Freedom Planet",1.82
"rFactor 2",1.8
"Year Walk",1.8
"Wildlife Park 2 - Dino World",1.8
"Viking Brothers",1.8
"The Sun at Night",1.8
"The Culling Of The Cows",1.8
"Tetrobot and Co.",1.8
"SuperPower 2 Steam Edition",1.8
"Signal Ops",1.8
Rigonauts,1.8
"Real World Racing",1.8
"Parkan 2",1.8
"Pacific Storm",1.8
"Night Mysteries The Amphora Prisoner",1.8
"Neverending Nightmares",1.8
"Lost Planet Extreme Condition - Colonies Edition",1.8
"Jet Gunner",1.8
Flashback,1.8
"Drakensang The River of Time",1.8
"Detective Grimoire",1.8
"Cossacks II Napoleonic Wars",1.8
Chessmaster,1.8
"Cannon Brawl",1.8
"Burn Zombie Burn",1.8
"Blaster Shooter GunGuy!",1.8
"Black Sails",1.8
"Bionic Dues",1.8
"Aperture Tag The Paint Gun Testing Initiative",1.8
"Alpha Kimori Episode One ",1.8
Downwell,1.8
Strider,1.79090909090909
POSTAL,1.78888888888889
"Crysis Wars",1.78666666666667
"Smashmuck Champions",1.78571428571429
"SiN Episodes Emergence",1.775
"Electronic Super Joy",1.7625
"Velvet Assassin",1.75
"Sam & Max 103 The Mole, the Mob and the Meatball",1.75
Demonicon,1.75
Dungeonland,1.74814814814815
"Tom Clancy's EndWar",1.73333333333333
"The Adventures of Mr. Bobley",1.73333333333333
"Among the Sleep",1.73333333333333
"Aliens versus Predator Classic 2000",1.73
Osmos,1.72727272727273
DEFCON,1.72727272727273
"Commander Keen Complete Pack",1.725
"The Beginner's Guide",1.72
"Tiny and Big Grandpa's Leftovers",1.7125
"Zero Gear",1.7
"Tomb Raider Chronicles",1.7
"Titan Souls",1.7
"T.E.C. 3001",1.7
Stonerid,1.7
"Stick RPG 2",1.7
"Song of the Myrne What Lies Beneath",1.7
Saw,1.7
"Royal Defense",1.7
"Prison Tycoon 3 Lockdown",1.7
"Planet of the Eyes",1.7
"Party of Sin",1.7
"Metal War Online Retribution",1.7
Hardland,1.7
"FINAL FANTASY TYPE-0 HD",1.7
"Bridge Constructor Medieval",1.7
"Adventures of Bertram Fiddle Episode 1 A Dreadly Business",1.7
"Pid ",1.68666666666667
Miasmata,1.68571428571429
"Teleglitch Die More Edition",1.68333333333333
"Patch testing for Chivalry",1.68181818181818
"Madballs in...Babo Invasion",1.68
Loom,1.68
"Hacker Evolution - Untold",1.68
GooCubelets,1.68
"Retro City Rampage DX",1.67777777777778
"Zeno Clash",1.675
"Yet Another Zombie Defense",1.675
"Frozen Hearth",1.675
"Sine Mora",1.67142857142857
Teslagrad,1.66666666666667
"Break Into Zatwor",1.66666666666667
"BIT.TRIP BEAT",1.66153846153846
"Sam & Max 102 Situation Comedy",1.66
"Eternal Senia",1.65714285714286
"A Bird Story",1.65714285714286
"Titan Attacks",1.65
Burstfire,1.65
"BloodRayne Betrayal",1.65
"Warhammer Quest",1.65
"Real Boxing",1.65
"Akane the Kunoichi",1.65
"Air Conflicts - Secret Wars",1.65
"Nosferatu The Wrath of Malachi",1.64545454545455
"Urban Trial Freestyle",1.64285714285714
"Zombie Driver",1.6375
Smashball,1.63571428571429
"Tomb Raider (VI) The Angel of Darkness",1.63333333333333
"BloodRealm Battlegrounds",1.63333333333333
"Revolution Ace",1.63
"Jagged Alliance Online - Steam Edition",1.625
"Sparkle 2 Evo",1.61111111111111
"Super Crate Box",1.60294117647059
"fault milestone two sideabove",1.6
"Thunder Wolves",1.6
"The Whispered World",1.6
"Septerra Core",1.6
"Revelations 2012",1.6
"Paper Sorcerer",1.6
"Nancy Drew The Creature of Kapu Cave",1.6
"Korwin The Game",1.6
"Just Get Through",1.6
"Jagged Alliance 2 Gold Pack",1.6
"Horizon Shift",1.6
"Guilty Gear Isuka",1.6
"Great Permutator",1.6
Glowfish,1.6
"Foosball - Street Edition",1.6
Epigenesis,1.6
"Drunken Robot Pornography",1.6
"Dracula Origin",1.6
"Dark Arcana The Carnival",1.6
CreaVures,1.6
"Back to Bed",1.6
"TDP4Team Battle",1.6
Ikaruga,1.6
Deathtrap,1.6
"Run and Fire",1.58888888888889
"Indiana Jones and the Last Crusade",1.58333333333333
"Dragomon Hunter",1.58181818181818
Home,1.57777777777778
"Hacker Evolution",1.56923076923077
"Reversion - The Escape",1.56666666666667
"RWBY Grimm Eclipse",1.56666666666667
"Hospital Tycoon",1.56
"Shadows of War",1.55
Particula,1.55
Dream,1.55
"Depression Quest",1.55
"Adventures of Shuggy",1.55
Incredipede,1.55
"Crash Time II",1.54285714285714
"Intergalactic Bubbles",1.53333333333333
"Back to Dinosaur Island ",1.52857142857143
"Krosmaster Arena",1.525
"Day One Garry's Incident",1.525
"Hector Ep 1",1.525
"Murder Miners",1.52
"Anomaly 2",1.52
"Endless Sky",1.50769230769231
"Void Destroyer",1.5
"Tradewinds Caravans",1.5
"Tomb Raider II",1.5
"The Deer",1.5
Taxi,1.5
"Rogue Warrior",1.5
"Quake 4",1.5
"Paint the Town Red",1.5
"Neighbours from Hell",1.5
"Mr. Bree+",1.5
Kidnapped,1.5
"Joe Danger",1.5
"Jets'n'Guns Gold",1.5
"Genesis Rising",1.5
"Freedom Force",1.5
"Fiends of Imprisonment",1.5
"Demise of Nations Rome",1.5
"Crusaders Thy Kingdom Come",1.5
"CrimeCraft GangWars",1.5
"Call of Tomsk-7",1.5
"Beyond Eyes",1.5
"Battle Brothers",1.5
"Albino Lullaby Episode 1",1.5
"Really Big Sky",1.4952380952381
"Star Wars Starfighter",1.48888888888889
"The Novelist",1.475
"Helicopter Simulator 2014 Search and Rescue",1.475
"Bridge Project",1.45714285714286
"The Marvellous Miss Take",1.45
"The Guild II - Pirates of the European Seas",1.45
Tidalis,1.45
"Patrician III",1.45
"Epic Arena",1.45
"Blood Omen 2 Legacy of Kain",1.45
"Black Fire",1.45
"Assault Android Cactus",1.45
Blockstorm,1.44285714285714
DETOUR,1.44
"Euro Truck Simulator",1.4375
"Tales from Space Mutant Blobs Attack",1.43333333333333
"All Is Dust",1.43333333333333
BEEP,1.425
Dwarfs!?,1.42
"Bloody Trapland",1.40769230769231
"Arma Cold War Assault",1.4037037037037
Tinboy,1.4
Power-Up,1.4
"Hack, Slash, Loot",1.4
"Dungeon Hearts",1.4
"Wizardry 8",1.4
"The Chaos Engine",1.4
"RollerCoaster Tycoon",1.4
"Rhythm Destruction",1.4
"Puzzle Quest 2",1.4
"Prince of Persia",1.4
"Magnetic By Nature",1.4
"Little Farm",1.4
"Light of Altair",1.4
KWAAN,1.4
"Ice Age Continental Drift Arctic Games",1.4
"Dysan the Shapeshifter",1.4
"Card City Nights",1.4
Capsized,1.4
"Penny Arcade's On the Rain-Slick Precipice of Darkness 3",1.38333333333333
"99 Levels To Hell",1.38
"Anarchy Arcade",1.38
CroNix,1.37777777777778
"Defy Gravity",1.37692307692308
"No Time to Explain",1.36666666666667
Caster,1.36
"TrackMania Canyon",1.35
"The Next BIG Thing",1.35
Rake,1.35
"Mortal Online",1.35
"HeXen II",1.33333333333333
Grimind,1.33333333333333
"Crossfire Europe",1.325
"Shadow Warrior Classic Redux",1.32222222222222
"Ben There, Dan That!",1.32
"And Yet It Moves",1.30666666666667
"Zombie Driver HD",1.3
"Wizardry Online",1.3
WARP,1.3
VelocityUltra,1.3
"Theatre of War 2 Africa 1943",1.3
"The Secret of Tremendous Corporation",1.3
"The Inner World",1.3
"The Club",1.3
"Strife Veteran Edition",1.3
"Shadow of Kingdoms",1.3
"Runespell Overture",1.3
"Putt-Putt Travels Through Time",1.3
"Putt-Putt Joins the Circus",1.3
"Post Master ",1.3
"Oscura Lost Light",1.3
"Missing Translation",1.3
"Microsoft Flight",1.3
"Max The Curse of Brotherhood",1.3
"Lovely Planet",1.3
Kairo,1.3
"Ittle Dew",1.3
"How To Survive Third Person",1.3
"Gurumin A Monstrous Adventure",1.3
"Foreign Legion Multi Massacre",1.3
"FIST OF AWESOME",1.3
"Dragon's Lair 2 Time Warp",1.3
"Crazy Machines",1.3
Castle,1.3
"Bridge It (plus)",1.3
ArchonClassic,1.3
"Actual Sunlight",1.3
Vessel,1.3
"Killing Floor Mod Defence Alliance 2",1.29642857142857
Ragnarok,1.27777777777778
Wickland,1.275
"Velvet Sundown",1.275
"Ravaged Zombie Apocalypse",1.26666666666667
"Dementium II HD",1.26666666666667
"Battle for Graxia",1.26666666666667
140,1.26
Forge,1.25263157894737
"Weapons Genius",1.25
"Secret Ponchos",1.25
"STAR WARS X-Wing Alliance",1.25
Puddle,1.25
"Gigantic Army",1.25
"Fester Mudd Curse of the Gold - Episode 1",1.25
"A Walk in the Dark",1.25
"Strike Vector",1.24
"Another World",1.24
"Galcon 2",1.2375
"Stealth Inc 2",1.23333333333333
"Five Nights at Freddy's 4",1.23333333333333
Brick-Force,1.22926829268293
"Star Trek",1.225
Requiem,1.225
"Orbital Gear",1.225
"World of Zoo",1.2
"Super Game Jam",1.2
Riven,1.2
"Red Bull X-Fighters",1.2
"Realms of Arkania 3 - Shadows over Riva Classic",1.2
"Over the Dream",1.2
NotGTAV,1.2
"Mystery of Neuschwanstein",1.2
Motorbike,1.2
"Max and the Magic Marker",1.2
"Lords of Magic Special Edition",1.2
Lightfish,1.2
"Iron Warriors T-72 Tank Command",1.2
I-Fluid,1.2
"Gods Will Be Watching",1.2
"FATE Undiscovered Realms",1.2
"Dream Of Mirror Online",1.2
"Controller Companion",1.2
"Constant C",1.2
Claire,1.2
"Bionic Commando",1.2
"Aveyond 3-1 Lord of Twilight",1.2
"A Golden Wake",1.2
Jamestown,1.18636363636364
Wizorb,1.18333333333333
"Rush Bros",1.175
"Foul Play",1.175
"Street Racing Syndicate",1.16666666666667
Moonrise,1.16666666666667
"Blood One Unit Whole Blood",1.16666666666667
"City of Steam Arkadia",1.16
"Gun Monkeys",1.15862068965517
"Superbrothers Sword & Sworcery EP",1.155
"The Ship Single Player",1.15217391304348
"Please, Dont Touch Anything",1.15
"MoW Face Off XL",1.15
"Jurassic Park The Game",1.15
"Final Exam",1.15
"Serious Sam Classic The Second Encounter",1.13333333333333
Yury,1.13333333333333
Warside,1.13333333333333
"Super House of Dead Ninjas",1.13333333333333
"Heroes of SoulCraft",1.13333333333333
Gomo,1.13333333333333
"AaaaaAAaaaAAAaaAAAAaAAAAA!!! for the Awesome",1.13333333333333
"The Cursed Crusade",1.125
Rodina,1.125
"A Valley Without Wind",1.11666666666667
rymdkapsel,1.1
"Weird Worlds Return to Infinite Space",1.1
"Tom Clancy's Splinter Cell",1.1
"Strong Bad Episode 4 Dangeresque 3",1.1
"Pro Cycling Manager Season 2009",1.1
"Onimusha 3 Demon Siege",1.1
MDK,1.1
"Hacker Evolution Duality",1.1
"Gunslugs 2",1.1
"Guild Commander",1.1
"Black Ice",1.1
"AZMD! Scorepocalypse ",1.1
"Strike Suit Zero Director's Cut",1.1
"Spoiler Alert",1.1
"Impossible Creatures",1.1
EDGE,1.1
"PixelJunk Eden",1.0875
FlatOut,1.0875
"Rise of Flight United",1.08333333333333
"The Fall",1.075
"Modular Combat",1.07333333333333
Gish,1.06923076923077
"Heretic Shadow of the Serpent Riders",1.06666666666667
"Gunman Clive",1.06666666666667
"Space Channel 5 Part 2",1.05
"Haunt the House Terrortown",1.05
"Frontlines Fuel of War",1.05
"Dead Horde",1.05
"Cobi Treasure Deluxe",1.05
"Gothic II Gold Edition",1.04285714285714
"Half-Life 2 Lost Coast",1.04180790960452
"Portal 2 - The Final Hours",1.0375
"Dear Esther",1.03548387096774
"Ballpoint Universe Infinite",1.03333333333333
"Penumbra Requiem",1.025
"EverQuest Free-to-Play",1.025
"Saints Row IV Inauguration Station",1.01428571428571
"Breath of Death VII ",1.0125
"Tom Clancy's Splinter Cell Chaos Theory",1.01111111111111
Ricochet,1.00952380952381
iO,1.0
"Trapped Dead",1.0
"Tower of Guns",1.0
"Tom Clancy's Rainbow Six Vegas",1.0
"Test Drive Ferrari Racing Legends",1.0
"Special Forces Team X",1.0
"Solar Flux",1.0
Serena,1.0
"Potatoman Seeks the Troof",1.0
"Paranautical Activity Deluxe Atonement Edition",1.0
"Obscure 2",1.0
"Ninja Reflex Steamworks Edition",1.0
Legendary,1.0
Fortix,1.0
"Dollar Dash",1.0
"Distant Star Revenant Fleet",1.0
"DinerTown Tycoon",1.0
"Dead Effect",1.0
Darkout,1.0
"Damnation City of Death",1.0
Clutch,1.0
"Close Combat - Gateway to Caen",1.0
"Bejeweled Deluxe",1.0
Asteria,1.0
"3D Mini Golf",1.0
"Face of Mankind",0.985714285714286
Windosill,0.983333333333333
sZone-Online,0.977586206896552
"PARTICLE MACE",0.975
"Wasteland 2 Director's Cut",0.966666666666667
"Joe Danger 2 The Movie",0.953846153846154
"Worms Crazy Golf",0.95
"Autobahn Police Simulator",0.95
"Zuma's Revenge! - Adventure",0.95
"Star Crusade CCG",0.95
"Sakura Angels",0.95
Retro/Grade,0.95
ROCKETSROCKETSROCKETS,0.95
"Noir Syndrome",0.95
KHOLAT,0.95
ComaMortuary,0.95
"Cities XL - Limited Edition",0.95
"Beast Boxing Turbo",0.95
"The Ultimate DOOM",0.946666666666667
"Spooky's House of Jump Scares",0.942424242424242
"Kung Fu Strike The Warrior's Rise",0.94
"Doc Clock The Toasted Sandwich of Time",0.933333333333333
"Rise of Incarnates",0.933333333333333
"Marlow Briggs",0.933333333333333
"The Misadventures of P.B. Winterbottom",0.928571428571429
"Frozen Synapse Prime",0.925
"X Beyond the Frontier",0.925
"Sonic Adventure DX",0.916666666666667
"Lone Survivor The Director's Cut",0.905263157894737
"Apotheon Arena",0.9
Volt,0.9
Velocibox,0.9
"Trouble In The Manor",0.9
"The Haunted Hells Reach",0.9
"THE KING OF FIGHTERS '98 ULTIMATE MATCH FINAL EDITION",0.9
"Super Splatters",0.9
"SanctuaryRPG Black Edition",0.9
"Puzzle Chronicles",0.9
Lume,0.9
"LEVEL 22",0.9
"Inside The Gear",0.9
"Governor of Poker 2 Premium Edition",0.9
"Dungeons The Eye of Draconus",0.9
"Dragon The Game",0.9
"Dead Mountaineer's Hotel",0.9
"Anomaly Korea",0.9
"Adventure Park",0.9
"Blacklight Tango Down",0.9
"You Have to Win the Game",0.88421052631579
"Blender 2.76b",0.883333333333333
"Pinball Arcade",0.88
"Secrets of Rtikon",0.875
"Team Fortress Classic",0.873076923076923
"Only If",0.869444444444444
"Voices from the Sea",0.866666666666667
"Simply Chess",0.866666666666667
"Draw a Stickman EPIC",0.866666666666667
Delver,0.866666666666667
Ampu-Tea,0.866666666666667
Achron,0.866666666666667
"Guns'N'Zombies",0.866666666666667
"HIS (Heroes In the Sky)",0.863636363636364
"The Polynomial",0.8625
"Might & Magic Heroes Online",0.857142857142857
"Space Ace",0.85
"Ubersoldier II",0.85
Spermination,0.85
"Shower With Your Dad Simulator 2015 Do You Still Shower With Your Dad",0.85
"Shadowgate MacVenture Series",0.85
"Sam & Max 301 The Penal Zone",0.85
"Droid Assault",0.85
"Cards and Castles",0.85
"Nail'd",0.84
Splice,0.833333333333333
"Eternal Silence",0.83
"Superfrog HD",0.825
"The Void",0.825
Echoes+,0.825
"Steel Storm Burning Retribution",0.822222222222222
"Steam Marines",0.82
"Cortex Command",0.816666666666667
"Written in the Sky",0.8
"Unstoppable Gorg",0.8
Unium,0.8
"Undead Overlord",0.8
"The Settlers Online",0.8
"The Floor is Jelly",0.8
"Substance Painter",0.8
"Sniper Elite Zombie Army",0.8
"Rescue Team 5",0.8
"Ravensword Shadowlands",0.8
"Pound of Ground",0.8
Metrocide,0.8
"Lunch Truck Tycoon",0.8
"Kingdoms Rise",0.8
Jumpdrive,0.8
"I Have No Mouth, and I Must Scream",0.8
"Digital Combat Simulator A-10C Warthog",0.8
"Castle Never Judge a Book by its Cover",0.8
"Cabela's Dangerous Hunts 2013",0.8
"Bunch Of Heroes",0.8
"Black Mirror",0.8
"Amazing Princess Sarah",0.8
"Meridian New World",0.8
Lucid,0.8
"Bejeweled 2 Deluxe",0.8
"Next Car Game Sneak Peek 2.0",0.79375
AirBuccaneers,0.78
"Arma 2 Private Military Company",0.771428571428571
"Quantum Rush Online",0.75
"Oddworld Munch's Oddysee",0.75
"Half-Life Deathmatch Source",0.75
"Dev Guy",0.75
"Beyond Divinity",0.75
"Deathmatch Classic",0.740625
"Emily is Away",0.739583333333333
"Pool Nation FX",0.733333333333333
"Star Trek D-A-C",0.72
X-Tension,0.7
"Gumboy Crazy Adventures",0.7
"Booster Trooper",0.7
Volume,0.7
"Unreal II The Awakening",0.7
Tropico,0.7
TOXIKK,0.7
"Star Wars The Clone Wars Republic Heroes",0.7
Sokobond,0.7
"SlamIt Pinball Big Score",0.7
SickBrick,0.7
"Rig 'n' Roll",0.7
"Pixel Space",0.7
O.R.B.,0.7
"Mushroom 11",0.7
"Mensa Academy",0.7
"Jagged Alliance Crossfire",0.7
"Into The War",0.7
"Insane 2",0.7
"Homebrew - Vehicle Sandbox",0.7
Hexcells,0.7
"Heli Heroes",0.7
"Grand Class Melee 2",0.7
"Giana Sisters Twisted Dreams - Rise of the Owlverlord",0.7
"Flight of the Icarus",0.7
"Fair Strike",0.7
Eleusis,0.7
"Devils Share",0.7
"Cabela's African Adventures",0.7
CRYPTARK,0.7
BattleSpace,0.7
"Ashes of the Singularity",0.7
"Adventure Chronicles The Search For Lost Treasure",0.7
"007 Legends",0.7
"Viscera Cleanup Detail Shadow Warrior",0.685714285714286
"Painkiller Redemption",0.675
"Golden Rush",0.671428571428571
DogFighter,0.671428571428571
"NiGHTS into Dreams...",0.666666666666667
Gothic,0.666666666666667
"Disney Infinity 3.0 Play Without Limits",0.657142857142857
"Zen Bound 2",0.65
"YOU DON'T KNOW JACK Vol. 1 XL",0.65
"Slam Bolt Scrappers",0.65
"Quake III Team Arena",0.65
"Port of Call",0.65
"Euro Fishing",0.65
"Curse of Mermos",0.65
"Numen Contest of Heroes",0.65
"Grand Chase",0.642857142857143
"Legacy of Kain Soul Reaver",0.633333333333333
"Final DOOM",0.633333333333333
"Cannons Lasers Rockets",0.633333333333333
"Mare Nostrum",0.614285714285714
"Thief Gold",0.607692307692308
"X-COM Enforcer",0.6
"Victory The Age of Racing",0.6
"Under the Ocean",0.6
"Ultionus A Tale of Petty Revenge",0.6
"Twin Sector",0.6
"Treasure Planet Battle at Procyon",0.6
"Toast Time",0.6
"The Moon Sliver",0.6
"The Good Life",0.6
TUG,0.6
TRAUMA,0.6
"Shattered Planet",0.6
"Shallow Space",0.6
"SONIC THE HEDGEHOG 4 Episode I",0.6
"Ring Runner Flight of the Sages",0.6
RONIN,0.6
RECYCLE,0.6
"Putt-Putt Saves the Zoo",0.6
"Painkiller Resurrection",0.6
"Nikopol Secrets of the Immortals",0.6
"Naval Warfare",0.6
"MirrorMoon EP",0.6
"Judge Dredd Dredd vs Death",0.6
"Island Flight Simulator",0.6
"Hello Kitty and Sanrio Friends Racing",0.6
"FINAL FANTASY IV",0.6
Droplitz,0.6
"Dreaming Sarah",0.6
"Delta Force Black Hawk Down",0.6
"Crazy Taxi",0.6
"Corporate Lifestyle Simulator",0.6
Confrontation,0.6
"Chip's Challenge 2",0.6
CaesarIA,0.6
"Armada 2526",0.6
Arcadia,0.6
"Airline Tycoon Deluxe",0.6
"Aggression Europe Under Fire",0.6
"1701 A.D. Sunken Dragon",0.6
"Dragon Age Origins Character Creator",0.5875
"ACE - Arena Cyber Evolution",0.581818181818182
"Bob Came in Pieces",0.575
Fieldrunners,0.566666666666667
"Alpha Prime",0.566666666666667
"Spartans Vs Zombies Defense",0.566666666666667
NightSky,0.56
"Dead Pixels",0.557142857142857
"Floating Point",0.553333333333333
"World in Conflict",0.55
"UFO Afterlight",0.55
"Project Snowblind",0.55
"Kung Fury Street Rage",0.55
"Guilty Gear X2 #Reload",0.55
"FLY'N",0.55
"Dangerous High School Girls in Trouble!",0.55
"Kung Fury",0.542857142857143
Gunscape,0.542857142857143
"Thirty Flights of Loving",0.54
"Snuggle Truck",0.54
"Super Time Force Ultra",0.533333333333333
QuantZ,0.533333333333333
Nimbus,0.533333333333333
"Moon Breakers",0.533333333333333
"Arma 2 Free",0.533333333333333
404Sight,0.528571428571429
Quintet,0.525
"Legend of Dungeon",0.516666666666667
"Genesis Online",0.515384615384615
realMyst,0.5
"Zuma Deluxe",0.5
Zotrix,0.5
Worms,0.5
"Woody Two-Legs Attack of the Zombie Pirates",0.5
"Unholy Heights",0.5
"Tomb Raider III Adventures of Lara Croft",0.5
"Third Eye Crime",0.5
"The Universim",0.5
"Syberia 2",0.5
"Starseed Pilgrim",0.5
"Shad'O",0.5
"Raiden Legacy",0.5
"Putt-Putt and Pep's Balloon-o-Rama",0.5
"One Manga Day",0.5
"OCEAN CITY RACING",0.5
Nexuiz,0.5
"NecroVisioN Lost Company",0.5
"Mighty Gunvolt",0.5
"Metal Gear Solid Legacy",0.5
Maelstrom,0.5
"Knightmare Tower",0.5
"Introduction to 3D Prop Modeling and Design - Viking Armor and Weapons",0.5
"Imagine Earth",0.5
"Hitman Contracts",0.5
"Heroes of a Broken Land",0.5
Gunship!,0.5
"Guardians of Graxia",0.5
"Grey's Anatomy The Video Game",0.5
"Gravity Ghost",0.5
"GUILTY GEAR XX ACCENT CORE PLUS R",0.5
"GTR 2 - FIA GT Racing Game",0.5
"Fractal Make Blooms Not War",0.5
"Ford Racing 3",0.5
"Finding Teddy",0.5
"Farlight Explorers",0.5
FRONTIERS,0.5
"FRACT OSC",0.5
"Etherlords II",0.5
"Dragon's Lair",0.5
"Dinosaur Hunt Africa Contract",0.5
"Descent Underground",0.5
Deepworld,0.5
"Dark Fall 1 The Journal",0.5
"Dangerous Waters",0.5
"D4 Dark Dreams Don't Die",0.5
Cubot,0.5
"Commandos 3 Destination Berlin",0.5
Citadels,0.5
"Children of the Nile",0.5
"Cat Goes Fishing",0.5
"Castlevania Lords of Shadow  Mirror of Fate HD",0.5
"Blood of the Werewolf",0.5
Blockscape,0.5
"Big Brain Wolf",0.5
Alganon,0.5
"15 Days",0.5
"The Forgotten Ones",0.48
"Rag Doll Kung Fu",0.475
"I, Zombie",0.475
"Pirates of Black Cove Gold",0.466666666666667
Chantelise,0.466666666666667
"Crayon Physics Deluxe",0.465217391304348
"The Plan",0.461538461538462
8BitMMO,0.455555555555556
Stormrise,0.45
Saira,0.45
"Real Horror Stories Ultimate Edition",0.45
C9,0.45
Auditorium,0.45
"Afterfall InSanity - Dirty Arena Edition",0.45
Xam,0.45
Sideway,0.45
"Mitsurugi Kamui Hikae",0.45
"Immortal Empire",0.45
Daikatana,0.45
AquaNox,0.45
Proteus,0.445454545454545
"Shadow Warrior Classic (1997)",0.44
"The Path - Prologue",0.433333333333333
"Tank Universal",0.433333333333333
"Evolution RTS",0.433333333333333
"Aeon Command",0.433333333333333
"Among Ripples",0.425
"Copa Petrobras de Marcas",0.40625
"Samorost 2",0.4
"iBomber Attack",0.4
Yosumin!,0.4
"Wrath of Athena",0.4
"Watchmen The End Is Nigh",0.4
Violett,0.4
"Turok Dinosaur Hunter",0.4
"The Cat and the Coup",0.4
"Super Hipster Lumberjack",0.4
"Still Life",0.4
"Sonic and SEGA All Stars Racing",0.4
"Sniper Elite Zombie Army 2",0.4
Snapshot,0.4
SiN,0.4
"Seven Kingdoms 2 HD",0.4
"Rustbucket Rumble",0.4
"Rise of the Argonauts",0.4
"Reverse Crawl",0.4
"Reveal The Deep",0.4
"Razor2 Hidden Skies",0.4
"Psycho Starship Rampage",0.4
"Pink Hour",0.4
Particulars,0.4
"One Night",0.4
"Numba Deluxe",0.4
"Montague's Mount",0.4
Lucidity,0.4
"Lost Lands A Hidden Object Adventure",0.4
"Lili Child of Geos",0.4
"Invisible Apartment",0.4
"International Snooker",0.4
INK,0.4
"Gumboy Crazy Features",0.4
GUN,0.4
"Fork Parker's Holiday Profit Hike",0.4
"EverQuest Secrets of Faydwer",0.4
"European Ship Simulator",0.4
"Dream Pinball 3D",0.4
"Dark Void",0.4
"Clergy Splode",0.4
"Championship Manager 2008",0.4
"Broken Sword 3 - the Sleeping Dragon",0.4
"Bientt l't",0.4
"Battlegrounds of Eldhelm",0.4
"BIT.TRIP VOID",0.4
Astebreed,0.4
"American Conquest - Fight Back",0.4
"Alone in the Dark",0.4
Akuatica,0.4
"Akaneiro Demon Hunters",0.4
AR-K,0.4
APOX,0.4
"The Vanishing of Ethan Carter Redux",0.4
"Swarm Arena",0.4
"Jolly Rover",0.4
"Faces of War",0.4
0RBITALIS,0.4
"Codename Gordon",0.390909090909091
"World of Soccer online",0.385714285714286
"Serious Sam Double D XXL",0.375
"Painkiller Overdose",0.375
"Tom Clancy's Ghost Recon Advanced Warfighter 2",0.366666666666667
"Passing Pineview Forest",0.36
"Shadow Puppeteer",0.35
"Lineage II",0.35
"Larva Mortus",0.35
Famaze,0.35
"Commander Conquest of the Americas Gold",0.35
Cloudbuilt,0.35
"Aces Wild Manic Brawling Action!",0.35
Aberoth,0.35
"Savant - Ascent",0.34
"Wasteland Angel",0.333333333333333
"Total Annihilation",0.333333333333333
"Subspace Continuum",0.333333333333333
"Disciples II Rise of the Elves",0.333333333333333
"Chaos Heroes Online",0.333333333333333
"Avadon The Black Fortress",0.333333333333333
"Haunted Memories",0.331818181818182
"Victory Command",0.32
"Grand Theft Auto",0.32
"Dr. Langeskov, The Tiger, and The Terribly Cursed Emerald A Whirlwind Heist",0.32
KAMI,0.3
"Game Character Hub",0.3
"Feeding Frenzy 2 Shipwreck Showdown Deluxe",0.3
"Aqua Kitty - Milk Mine Defender",0.3
"Wolfenstein 3D Spear of Destiny",0.3
"Trucks & Trailers",0.3
"Thief Town",0.3
"The Yawhg",0.3
"The UnderGarden",0.3
"The Entente Gold",0.3
"The Egyptian Prophecy The Fate of Ramses",0.3
"The Collider",0.3
"The Bug Butcher",0.3
"Take Command Second Manassas",0.3
"Sublevel Zero",0.3
"Shantae Risky's Revenge - Director's Cut",0.3
"Shadow Man",0.3
"Second Chance Heroes",0.3
"Season Match 3 - Curse of the Witch Crow",0.3
"Romance of the Three Kingdoms Maker",0.3
"Rogue's Tale",0.3
RoboBlitz,0.3
"Ride! Carnival Tycoon",0.3
"Rhythm Zone",0.3
"Red Stone Online",0.3
"RACE Caterham Expansion",0.3
R.O.O.T.S,0.3
"Pyramid Raid",0.3
"Puzzle Bots",0.3
ProtoGalaxy,0.3
"Probably Archery",0.3
"Pacific Storm Allies",0.3
"PT Boats South Gambit",0.3
"PC Gamer",0.3
"Original War",0.3
"Organic Panic",0.3
"Operation Z",0.3
"Neighbours from Hell 2",0.3
"Necronomicon The Dawning of Darkness",0.3
"Maszyny Rolnicze 2015",0.3
MURI,0.3
"Leo's Fortune",0.3
"Legend of Fae",0.3
"Lamia Must Die",0.3
"Kill The Bad Guy",0.3
"Gundemonium Recollection",0.3
GundeadliGne,0.3
"Ghostbusters Sanctum of Slime",0.3
"Games of Glory",0.3
GASP,0.3
"Frozen Free Fall Snowball Fight",0.3
"Fist Puncher",0.3
Fingerbones,0.3
"EverQuest Seeds of Destruction",0.3
"Eurofighter Typhoon",0.3
Etherium,0.3
Escape,0.3
"Electric Highways",0.3
"East India Company Privateer",0.3
ENKI,0.3
"Dungeon Party",0.3
Driftmoon,0.3
"Diaper Dash",0.3
"Death Skid Marks",0.3
"Crouching Pony Hidden Dragon",0.3
Coniclysm,0.3
"Condemned Criminal Origins",0.3
"Colonial Conquest",0.3
Coil,0.3
"Clickteam Fusion 2.5",0.3
Chrome,0.3
"BloodLust Shadowhunter",0.3
"Blackwell Convergence",0.3
"Aveyond 3-2 Gates of Night",0.3
"Asteroids Outpost",0.3
"Another Perspective",0.3
Angvik,0.3
"American Conquest",0.3
"Adventure Time  Explore the Dungeon Because I DONT KNOW!",0.3
"A Valley Without Wind 2",0.3
9.03m,0.3
"3089 -- Futuristic Action RPG",0.3
"The Way of Life Free Edition",0.295238095238095
"WORLD END ECONOMiCA episode.01",0.275
"Space Hack",0.275
"Bionic Commando Rearmed",0.275
"Battle Battalions",0.275
"The Ship Tutorial",0.271428571428571
"how do you Do It?",0.266666666666667
"Wolfenstein 3D",0.266666666666667
"Pink Heaven",0.266666666666667
DisplayFusion,0.266666666666667
"Carpe Diem",0.266666666666667
"Color Symphony",0.26
"the static speaks my name",0.25
inMomentum,0.25
"World War II Panzer Claws",0.25
"War of Beach",0.25
"Vertiginous Golf",0.25
"Tom Clancy's Ghost Recon",0.25
"The Old Tree",0.25
"The 7th Guest",0.25
"TDP5 Arena 3D",0.25
"Serious Sam The Random Encounter",0.25
"SEGA Bass Fishing",0.25
"Myst V",0.25
"Firefly Online Cortex",0.25
"Deus Ex Revision",0.25
"BIT.TRIP FATE",0.25
"Running Shadow",0.244444444444444
"Let the Cat In",0.24
HIT,0.24
"Fiesta Online NA",0.233333333333333
Dethroned!,0.233333333333333
"Arma 2 British Armed Forces",0.233333333333333
"Plug & Play",0.225
"Bus Driver",0.216666666666667
"Clown House (Palyao Evi)",0.214285714285714
oO,0.2
"aerofly RC 7",0.2
"YOU DON'T KNOW JACK Vol. 2",0.2
"World Basketball Manager 2010",0.2
"Without Within",0.2
"Who's That Flying?!",0.2
"Westward 3",0.2
Waves,0.2
"Warehouse and Logistics Simulator",0.2
"Universal Combat CE",0.2
"Tobe's Vertical Adventure",0.2
"Theatre of War 2 Kursk 1943 ",0.2
"The Stalin Subway",0.2
"The Graveyard",0.2
"The Flame in the Flood",0.2
"Terrain Test",0.2
"TRI Of Friendship and Madness",0.2
"Space Siege",0.2
"Serious Sam Classics Revolution",0.2
Scoregasm,0.2
"Science Girls",0.2
"Schrdinger's Cat and the Raiders of the Lost Quark",0.2
"Samantha Swift and the Golden Touch",0.2
"Saints Row The Third - Initiation Station",0.2
"Runaway A Twist of Fate",0.2
"RIP 3 The Last Hero",0.2
"Quake Mission Pack 1 Scourge of Armagon",0.2
Pyroblazer,0.2
"Psychonauts Demo",0.2
"Pretty Girls Mahjong Solitaire",0.2
Orborun,0.2
"One Late Night Deadline",0.2
"Oceanhorn Monster of Uncharted Seas",0.2
"NBA 2K11",0.2
"Mortal Kombat Legacy II - Ep. 1 Reunited in Macau",0.2
"Monster Bash",0.2
"Max Gentlemen",0.2
"Magicka Wizards of the Square Tablet",0.2
"Life of Pixel",0.2
"Legacy of Kain Soul Reaver 2",0.2
"Last Knight Rogue Rider Edition",0.2
"LA Cops",0.2
Kingdoms,0.2
"Jacob Jones and the Bigfoot Mystery  Episode 2",0.2
"Infect and Destroy",0.2
Immune,0.2
Ignite,0.2
"Hitogata Happa",0.2
"Heroes and Titans Online",0.2
"Haunted House",0.2
Haunted,0.2
"GridRunner Revolution",0.2
Gateways,0.2
"Freddi Fish and Luther's Maze Madness",0.2
"Flora's Fruit Farm",0.2
"Ethan Meteor Hunter",0.2
"Esenthel Engine",0.2
Eradicator,0.2
"English Country Tune",0.2
Eidolon,0.2
"Echo of the Wilds",0.2
"Dynamite Jack",0.2
"Dungeonbowl Knockout Edition",0.2
"Depths of Peril",0.2
David.,0.2
"Dark Void Zero",0.2
Damnation,0.2
"Curse The Eye of Isis",0.2
Crowntakers,0.2
"Critter Crunch",0.2
"Cosmic Osmo",0.2
"Commandos Beyond the Call of Duty",0.2
"Civil War II",0.2
"Bloodwood Reload",0.2
"Black Viper Sophia's Fate",0.2
"Babel Rising",0.2
"Arcane Worlds",0.2
"Afterlife Empire",0.2
Abducted,0.2
"Tales Runner",0.2
"Combat Wings Battle of Britain",0.2
"Metaverse Construction Kit",0.166666666666667
"Chaos Domain",0.166666666666667
"Gladiators Online Death Before Dishonor",0.16
Walkover,0.15
"The Banner Saga Factions",0.15
Roogoo,0.15
Praetorians,0.15
"Descent 2",0.15
"Astro Lords",0.15
"Darkwind War on Wheels",0.14
"PAYDAY The Web Series - Episode 1",0.133333333333333
"planetarian ~the reverie of a little planet~",0.1
hocus,0.1
"Your Doodles Are Bugged!",0.1
"Wildlife Park 2 - Marine World",0.1
"Vigil Blood Bitterness",0.1
"Victory At Sea",0.1
"Urizen Shadows of the Cold",0.1
"Unity of Command",0.1
"Tiamat X",0.1
"The Fish Fillets 2",0.1
"Space Warp",0.1
Slip,0.1
"Shan Gui",0.1
Sandmason,0.1
Rexaura,0.1
"Realms of the Haunting",0.1
"Real Warfare",0.1
"Quarries of Scred",0.1
"Quake Mission Pack 2 Dissolution of Eternity",0.1
"One Way To Die Steam Edition",0.1
"Ohm Studio",0.1
Oh...Sir!,0.1
"Mr. Robot",0.1
"Little Big Adventure 2",0.1
"Killing Floor Beta",0.1
"Inside a Star-filled Sky ",0.1
"Hyper Fighters",0.1
"Huntsman - The Orphanage Halloween Edition",0.1
"HeXen Beyond Heretic",0.1
Habitat,0.1
"Guardians of Orion",0.1
"Greed Black Border",0.1
"Formula Fusion",0.1
"Final Slam 2",0.1
"Final Hours of Titanfall",0.1
"Farm Machines Championships 2014",0.1
FLOCK!,0.1
"Epic Cards Battle(TCG)",0.1
"Electronic Super Joy Groove City",0.1
"Diamond Dan",0.1
"Dark Echo",0.1
D.U.S.T.,0.1
"Critical Mass",0.1
"Chrome Specforce",0.1
"Carnage Racing",0.1
CRYENGINE,0.1
BlazeRush,0.1
"Battle Academy 2 Eastern Front",0.1
"BIT.TRIP CORE",0.1
B.U.T.T.O.N.,0.1
Anachronox,0.1
"Alter World",0.1
"Alien Shooter Revisited",0.1
"Agricultural Simulator 2011 Extended Edition",0.1
"A-Train 8",0.1
"1000 Amps",0.1
