game,total_purchasers,total_players,total_playtime,avg_playtime_per_player,conversion_rate
"Dota 2",4841,4841,981684.6,202.785498863871,100.0
"Team Fortress 2",2323,2323,173673.3,74.7625053809729,100.0
Unturned,1563,1069,16096.4,15.0574368568756,68.39
"Counter-Strike Global Offensive",1412,1377,322771.6,234.402033405955,97.52
"Half-Life 2 Lost Coast",981,177,184.4,1.04180790960452,18.04
"Counter-Strike Source",978,715,96075.5,134.371328671329,73.11
"Left 4 Dead 2",951,801,33596.7,41.9434456928839,84.23
Counter-Strike,856,568,134261.1,236.375176056338,66.36
Warframe,847,424,27074.6,63.8551886792453,50.06
"Half-Life 2 Deathmatch",823,198,3712.9,18.7520202020202,24.06
"Garry's Mod",731,666,49725.3,74.6626126126126,91.11
"The Elder Scrolls V Skyrim",717,677,70889.3,104.710930576071,94.42
Robocraft,689,407,9096.6,22.3503685503686,59.07
"Counter-Strike Condition Zero",679,225,7950.0,35.3333333333333,33.14
"Counter-Strike Condition Zero Deleted Scenes",679,94,418.2,4.44893617021277,13.84
"Heroes & Generals",658,335,3299.5,9.84925373134328,50.91
"Half-Life 2",639,356,4260.3,11.9671348314607,55.71
"Sid Meier's Civilization V",596,554,99821.3,180.18285198556,92.95
"War Thunder",590,303,14381.6,47.4640264026403,51.36
Portal,588,417,2282.8,5.47434052757794,70.92
"Portal 2",544,453,9117.1,20.1260485651214,83.27
"Day of Defeat",534,94,1351.5,14.3776595744681,17.6
"Deathmatch Classic",524,32,23.7,0.740625,6.11
Ricochet,524,21,21.2,1.00952380952381,4.01
Terraria,496,460,29951.8,65.1126086956522,92.74
"No More Room in Hell",438,230,1321.2,5.74434782608696,52.51
"Borderlands 2",429,386,22667.9,58.7251295336788,89.98
"PAYDAY 2",427,390,19613.8,50.2917948717949,91.33
"Day of Defeat Source",409,166,4840.3,29.1584337349398,40.59
"Counter-Strike Nexon Zombies",395,184,2014.1,10.9461956521739,46.58
"Half-Life 2 Episode One",394,148,843.8,5.70135135135135,37.56
"PlanetSide 2",390,210,6239.7,29.7128571428571,53.85
Half-Life,388,116,665.5,5.73706896551724,29.9
Trove,384,253,4818.4,19.0450592885375,65.89
"The Elder Scrolls V Skyrim - Dawnguard",378,0,0,0,0.0
"The Elder Scrolls V Skyrim - Hearthfire",367,0,0,0,0.0
"Half-Life Opposing Force",366,42,171.4,4.08095238095238,11.48
"Team Fortress Classic",366,26,22.7,0.873076923076923,7.1
"Half-Life 2 Episode Two",365,141,1120.2,7.94468085106383,38.63
"The Elder Scrolls V Skyrim - Dragonborn",365,0,0,0,0.0
"Half-Life Blue Shift",363,46,100.3,2.1804347826087,12.67
Loadout,358,177,1399.8,7.90847457627119,49.44
Nosgoth,354,171,1320.9,7.72456140350877,48.31
"Dead Island Epidemic",353,127,742.0,5.84251968503937,35.98
"Call of Duty Modern Warfare 2",343,297,8635.4,29.0754208754209,86.59
"Call of Duty Modern Warfare 2 - Multiplayer",343,291,42009.9,144.363917525773,84.84
"Path of Exile",339,191,10185.6,53.3277486910995,56.34
"Fallout New Vegas",337,287,14832.9,51.6825783972125,85.16
Warface,329,167,2108.1,12.6233532934132,50.76
"Dirty Bomb",323,195,1390.3,7.12974358974359,60.37
"Tom Clancy's Ghost Recon Phantoms - NA",314,133,4910.8,36.9233082706767,42.36
"Metro 2033",312,175,1565.7,8.94685714285714,56.09
"Marvel Heroes 2015",301,111,3219.8,29.0072072072072,36.88
"BioShock Infinite",296,212,3689.1,17.4014150943396,71.62
"Alien Swarm",289,289,1505.0,5.2076124567474,100.0
Neverwinter,288,136,3451.5,25.3786764705882,47.22
"Grand Theft Auto IV",281,226,4686.3,20.7358407079646,80.43
"Left 4 Dead",281,204,8659.9,42.4504901960784,72.6
"PAYDAY The Heist",277,202,1514.0,7.4950495049505,72.92
"Grand Theft Auto V",273,269,22956.7,85.3408921933085,98.53
"Arma 2",269,147,825.5,5.6156462585034,54.65
"Half-Life Deathmatch Source",268,14,10.5,0.75,5.22
"Empire Total War",263,214,21030.3,98.2724299065421,81.37
"APB Reloaded",262,138,9237.2,66.936231884058,52.67
"Saints Row The Third",259,197,4954.1,25.1477157360406,76.06
"FreeStyle2 Street Basketball",257,91,923.5,10.1483516483516,35.41
"The Witcher 2 Assassins of Kings Enhanced Edition",257,170,3254.3,19.1429411764706,66.15
"Tomb Raider",257,204,3184.3,15.6093137254902,79.38
"Don't Starve Together Beta",256,150,2031.9,13.546,58.59
"Call of Duty Black Ops",254,227,3876.0,17.0748898678414,89.37
"Call of Duty Black Ops - Multiplayer",254,198,17144.5,86.5883838383838,77.95
"Arma 2 Operation Arrowhead",250,189,9429.7,49.8925925925926,75.6
"Arma 2 Operation Arrowhead Beta (Obsolete)",250,29,190.4,6.56551724137931,11.6
DayZ,249,246,20315.4,82.5829268292683,98.8
theHunter,248,124,309.2,2.49354838709677,50.0
"Clicker Heroes",246,144,12937.4,89.8430555555556,58.54
"Tom Clancy's Ghost Recon Phantoms - EU",245,137,3234.3,23.6080291970803,55.92
"Just Cause 2",243,186,3457.5,18.5887096774194,76.54
"Sniper Elite V2",242,177,1845.8,10.4282485875706,73.14
Magicka,241,193,2053.8,10.6414507772021,80.08
"Sid Meier's Civilization V Brave New World",241,0,0,0,0.0
"Call of Duty Modern Warfare 3",239,211,5443.6,25.7990521327014,88.28
"Call of Duty Modern Warfare 3 - Multiplayer",239,196,20603.0,105.117346938776,82.01
"Age of Empires II HD Edition",238,200,6858.5,34.2925,84.03
"Magicka Wizard Wars",238,115,483.9,4.20782608695652,48.32
"Skyrim High Resolution Texture Pack",235,0,0,0,0.0
"Dead Island",231,182,2532.0,13.9120879120879,78.79
"Amnesia The Dark Descent",226,113,574.3,5.08230088495575,50.0
HAWKEN,225,110,1416.3,12.8754545454545,48.89
BioShock,224,143,1089.2,7.61678321678322,63.84
"Torchlight II",224,204,6891.9,33.7838235294118,91.07
TERA,223,118,2388.1,20.2381355932203,52.91
"AdVenture Capitalist",222,141,6067.7,43.0333333333333,63.51
"Chivalry Medieval Warfare",222,193,3964.4,20.540932642487,86.94
"Patch testing for Chivalry",222,11,18.5,1.68181818181818,4.95
"GunZ 2 The Second Duel",221,69,543.7,7.87971014492754,31.22
Defiance,218,93,1433.6,15.4150537634409,42.66
"Killing Floor",215,191,8171.1,42.7806282722513,88.84
"Quake Live",214,77,281.5,3.65584415584416,35.98
Rust,214,207,15275.3,73.7937198067633,96.73
"Killing Floor Mod Defence Alliance 2",213,28,36.3,1.29642857142857,13.15
"Batman Arkham City GOTY",212,109,2076.6,19.051376146789,51.42
"BLOCKADE 3D",209,120,682.0,5.68333333333333,57.42
"Far Cry 3",207,181,5076.0,28.0441988950276,87.44
"Fallout New Vegas Dead Money",202,0,0,0,0.0
"Fallout New Vegas Honest Hearts",202,0,0,0,0.0
"Rising Storm/Red Orchestra 2 Multiplayer",201,119,5412.5,45.4831932773109,59.2
"Don't Starve",199,157,3581.9,22.8146496815287,78.89
"Total War SHOGUN 2",198,179,15761.5,88.0530726256983,90.4
"Hitman Absolution",197,142,1788.1,12.5922535211268,72.08
Firefall,195,78,979.0,12.5512820512821,40.0
"XCOM Enemy Unknown",194,161,7696.1,47.8018633540373,82.99
"Company of Heroes (New Steam Version)",192,63,1228.2,19.4952380952381,32.81
"RaceRoom Racing Experience ",192,54,353.5,6.5462962962963,28.13
"Half-Life Source",190,37,297.0,8.02702702702703,19.47
Insurgency,190,146,2317.1,15.8705479452055,76.84
"The Binding of Isaac",190,168,5458.1,32.4886904761905,88.42
"Mirror's Edge",189,119,533.4,4.48235294117647,62.96
"Fallout New Vegas Courier's Stash",188,0,0,0,0.0
"Euro Truck Simulator 2",187,171,7226.9,42.2625730994152,91.44
"Trine 2",185,131,836.5,6.38549618320611,70.81
"BioShock 2",184,66,496.8,7.52727272727273,35.87
Borderlands,183,146,4742.8,32.4849315068493,79.78
"Batman Arkham Asylum GOTY Edition",182,110,1394.4,12.6763636363636,60.44
"Grand Theft Auto Episodes from Liberty City",181,74,1245.8,16.8351351351351,40.88
"Company of Heroes",179,62,610.2,9.84193548387097,34.64
"Grand Theft Auto San Andreas",179,113,1232.2,10.9044247787611,63.13
"Castle Crashers",177,153,1002.8,6.55424836601307,86.44
"Blacklight Retribution",176,81,1261.2,15.5703703703704,46.02
Dishonored,173,145,2842.2,19.6013793103448,83.82
Survarium,173,79,308.1,3.9,45.66
"Realm of the Mad God",171,96,1015.2,10.575,56.14
"Call of Duty Black Ops II",168,113,1420.1,12.5672566371681,67.26
"Call of Duty Black Ops II - Multiplayer",168,151,13816.3,91.4986754966887,89.88
"Call of Duty Black Ops II - Zombies",168,115,1388.9,12.0773913043478,68.45
"Fallout 4",168,167,10762.8,64.4479041916168,99.4
"Red Orchestra 2 Heroes of Stalingrad - Single Player",168,39,99.3,2.54615384615385,23.21
"Napoleon Total War",167,135,9966.0,73.8222222222222,80.84
"The Witcher Enhanced Edition",167,120,3257.5,27.1458333333333,71.86
"Total War ROME II - Emperor Edition",166,153,20892.5,136.552287581699,92.17
"Saints Row IV",165,129,2563.0,19.8682170542636,78.18
"ARK Survival Evolved",163,158,13593.1,86.0322784810127,96.93
"Deus Ex Human Revolution",163,138,3587.4,25.995652173913,84.66
"Cry of Fear",162,92,172.5,1.875,56.79
"Gotham City Impostors Free To Play",162,68,635.4,9.34411764705882,41.98
"Arma 3",161,157,24055.7,153.22101910828,97.52
"Arma 3 Zeus",161,0,0,0,0.0
RIFT,161,75,3113.6,41.5146666666667,46.58
"Warhammer 40,000 Dawn of War II",161,132,3444.1,26.0916666666667,81.99
"Dead Space",157,65,327.4,5.03692307692308,41.4
"FTL Faster Than Light",157,126,2315.8,18.3793650793651,80.25
"Rocket League",157,149,7827.2,52.5315436241611,94.9
"DC Universe Online",154,154,4674.7,30.3551948051948,100.0
Darksiders,154,91,1195.0,13.1318681318681,59.09
"Fistful of Frags",154,79,326.1,4.12784810126582,51.3
Toribash,154,83,371.2,4.47228915662651,53.9
"Super Meat Boy",153,125,453.3,3.6264,81.7
"Saints Row 2",152,57,1545.1,27.1070175438596,37.5
"Batman Arkham Origins",151,98,1951.8,19.9163265306122,64.9
"Crysis 2 Maximum Edition",151,89,612.9,6.88651685393258,58.94
"Tactical Intervention",151,62,215.1,3.46935483870968,41.06
"The Expendabros",151,64,215.8,3.371875,42.38
"Mafia II",150,116,2893.4,24.9431034482759,77.33
"Goat Simulator",146,130,923.1,7.10076923076923,89.04
"Rise of Incarnates",146,42,39.2,0.933333333333333,28.77
SMITE,145,80,626.3,7.82875,55.17
"Company of Heroes Opposing Fronts",144,25,416.4,16.656,17.36
"The Mighty Quest For Epic Loot",143,82,1015.8,12.3878048780488,57.34
Bastion,141,107,651.9,6.09252336448598,75.89
"Fallout 3 - Game of the Year Edition",141,102,2005.6,19.6627450980392,72.34
"Star Wars - Battlefront II",140,111,1114.0,10.036036036036,79.29
Archeblade,139,59,257.1,4.35762711864407,42.45
"Borderlands DLC The Zombie Island of Dr. Ned",139,0,0,0,0.0
"Sid Meier's Civilization V Scrambled Continents Map Pack",139,0,0,0,0.0
"Borderlands DLC The Secret Armory of General Knoxx",138,0,0,0,0.0
H1Z1,138,137,7364.2,53.7532846715328,99.28
"H1Z1 Test Server",138,9,197.2,21.9111111111111,6.52
"Spiral Knights",138,64,2360.7,36.8859375,46.38
"Dark Souls Prepare to Die Edition",136,110,4738.5,43.0772727272727,80.88
"Dungeon Defenders",136,111,3816.2,34.3801801801802,81.62
"Orcs Must Die! 2",136,94,1200.9,12.7755319148936,69.12
"Aura Kingdom",135,41,209.4,5.10731707317073,30.37
"Borderlands DLC Mad Moxxi's Underdome Riot",135,0,0,0,0.0
Starbound,134,132,5189.8,39.3166666666667,98.51
"Starbound - Unstable",134,10,65.7,6.57,7.46
LIMBO,133,84,244.6,2.91190476190476,63.16
"Free to Play",131,33,69.7,2.11212121212121,25.19
"The Forest",131,128,1695.2,13.24375,97.71
"Alan Wake",130,88,1045.0,11.875,67.69
"Arma 2 DayZ Mod",130,59,148.1,2.51016949152542,45.38
"Mount & Blade Warband",130,113,20636.8,182.626548672566,86.92
"Natural Selection 2",130,97,2498.9,25.7618556701031,74.62
"Burnout Paradise The Ultimate Box",129,83,475.7,5.73132530120482,64.34
"Company of Heroes Tales of Valor",129,33,432.7,13.1121212121212,25.58
"Borderlands DLC Claptraps New Robot Revolution",128,0,0,0,0.0
"Star Wars Knights of the Old Republic",127,82,1227.2,14.9658536585366,64.57
"BattleBlock Theater",125,106,625.7,5.90283018867925,84.8
"ORION Prelude",123,80,407.1,5.08875,65.04
"Cities Skylines",122,115,3201.2,27.8365217391304,94.26
"Hitman Sniper Challenge",122,24,52.2,2.175,19.67
"The Walking Dead",122,111,1715.7,15.4567567567568,90.98
"America's Army Proving Grounds",121,53,1431.2,27.0037735849057,43.8
"Fallen Earth",121,48,1275.5,26.5729166666667,39.67
"World of Guns Gun Disassembly",121,69,332.2,4.81449275362319,57.02
"Battlefield Bad Company 2",120,111,6678.6,60.1675675675676,92.5
"Max Payne 3",118,93,1941.4,20.8752688172043,78.81
"Serious Sam 3 BFE",118,73,890.8,12.2027397260274,61.86
"F.E.A.R. 3",116,53,410.4,7.74339622641509,45.69
"Gear Up",116,54,215.8,3.9962962962963,46.55
"Prison Architect",116,98,2626.5,26.8010204081633,84.48
"Titan Quest",116,58,254.4,4.38620689655172,50.0
"Age of Empires II HD The Forgotten",115,0,0,0,0.0
"Dungeon Defenders II",114,85,937.0,11.0235294117647,74.56
"F.E.A.R. 2 Project Origin",114,38,394.7,10.3868421052632,33.33
"Happy Wars",114,55,176.2,3.20363636363636,48.25
"Hotline Miami",114,94,518.2,5.51276595744681,82.46
"The Lord of the Rings Online",114,33,679.1,20.5787878787879,28.95
"Medal of Honor Pre-Order",113,0,0,0,0.0
"Medal of Honor(TM) Multiplayer",113,40,249.9,6.2475,35.4
"Medal of Honor(TM) Single Player",113,43,214.3,4.98372093023256,38.05
"Red Faction Armageddon",113,49,281.9,5.7530612244898,43.36
"Serious Sam HD The Second Encounter",113,113,974.7,8.62566371681416,100.0
"Company of Heroes 2",112,87,1955.0,22.4712643678161,77.68
"Medieval II Total War",112,76,3284.0,43.2105263157895,67.86
"Middle-earth Shadow of Mordor",112,97,2324.5,23.9639175257732,86.61
"Star Conflict",112,54,636.8,11.7925925925926,48.21
"Mass Effect 2",110,56,2492.0,44.5,50.91
"The Stanley Parable",110,99,303.3,3.06363636363636,90.0
"Magicka Vietnam",109,0,0,0,0.0
"Space Engineers",109,102,4467.1,43.7950980392157,93.58
"Surgeon Simulator",109,83,372.9,4.49277108433735,76.15
"Dino D-Day",108,64,164.1,2.5640625,59.26
Enclave,107,30,80.6,2.68666666666667,28.04
"South Park The Stick of Truth",107,99,1663.7,16.8050505050505,92.52
"Age of Empires III Complete Collection",106,83,1422.1,17.133734939759,78.3
"Rome Total War",106,62,2396.6,38.6548387096774,58.49
"Stronghold Kingdoms",105,47,4703.1,100.065957446809,44.76
Awesomenauts,104,68,1504.7,22.1279411764706,65.38
"Darksiders II",104,67,1282.8,19.1462686567164,64.42
"Football Manager 2013",104,104,32308.6,310.659615384615,100.0
"Grand Theft Auto Vice City",104,45,227.9,5.06444444444444,43.27
"Sleeping Dogs",104,85,1965.9,23.1282352941176,81.73
"Tribes Ascend",104,43,212.0,4.93023255813953,41.35
"7 Days to Die",103,98,4075.5,41.5867346938776,95.15
Trine,103,72,401.6,5.57777777777778,69.9
"Crusader Kings II",102,76,9020.7,118.693421052632,74.51
"Metro Last Light",102,83,1101.9,13.2759036144578,81.37
sZone-Online,102,58,56.7,0.977586206896552,56.86
"The Elder Scrolls IV Oblivion ",101,66,1945.9,29.4833333333333,65.35
"Warhammer 40,000 Dawn of War II  Retribution",101,69,4983.7,72.2275362318841,68.32
"Mark of the Ninja",100,71,424.1,5.97323943661972,71.0
"STAR WARS Knights of the Old Republic II The Sith Lords",100,48,1015.7,21.1604166666667,48.0
"Star Trek Online",99,50,3501.1,70.022,50.51
Thief,99,68,637.7,9.37794117647059,68.69
"Double Action Boogaloo",98,45,217.3,4.82888888888889,45.92
"Kerbal Space Program",98,90,5334.5,59.2722222222222,91.84
"Magic Duels",98,70,853.7,12.1957142857143,71.43
"Scribblenauts Unlimited",98,67,553.9,8.26716417910448,68.37
"Sid Meier's Civilization IV",98,39,768.2,19.6974358974359,39.8
"Deus Ex Human Revolution - Director's Cut",97,54,777.1,14.3907407407407,55.67
"The Lord of the Rings War in the North",97,51,860.0,16.8627450980392,52.58
"Tropico 3 - Steam Special Edition",97,24,336.4,14.0166666666667,24.74
"War of the Roses",97,46,761.8,16.5608695652174,47.42
"Mass Effect",96,69,2609.8,37.8231884057971,71.88
Monaco,96,64,169.4,2.646875,66.67
Strife,96,34,312.7,9.19705882352941,35.42
"Warhammer 40,000 Dawn of War II - Chaos Rising",96,55,1579.5,28.7181818181818,57.29
Outlast,95,71,382.1,5.38169014084507,74.74
Torchlight,95,75,1688.9,22.5186666666667,78.95
Besiege,94,91,1251.6,13.7538461538462,96.81
"Dead Island Riptide",94,53,633.5,11.9528301886792,56.38
Banished,93,87,2631.0,30.2413793103448,93.55
"Far Cry 2",93,53,308.0,5.81132075471698,56.99
"Far Cry 2 Fortunes Pack",93,0,0,0,0.0
Transformice,93,45,2271.8,50.4844444444444,48.39
Brick-Force,92,41,50.4,1.22926829268293,44.57
"L.A. Noire",92,72,1130.5,15.7013888888889,78.26
"Papers, Please",92,74,283.4,3.82972972972973,80.43
"RACE 07",92,40,362.7,9.0675,43.48
"Sanctum 2",92,53,304.0,5.73584905660377,57.61
"Tropico 4",92,68,1726.6,25.3911764705882,73.91
Audiosurf,91,80,647.9,8.09875,87.91
Brawlhalla,91,65,458.6,7.05538461538462,71.43
Dizzel,91,30,63.1,2.10333333333333,32.97
"Orcs Must Die!",91,62,566.8,9.14193548387097,68.13
"Call of Duty Ghosts",90,70,638.1,9.11571428571429,77.78
"Call of Duty Ghosts - Multiplayer",90,70,3804.6,54.3514285714286,77.78
"Grand Theft Auto III",90,32,124.5,3.890625,35.56
"Ragnarok Online 2",90,23,1211.5,52.6739130434783,25.56
"Magicka Wizard's Survival Kit",89,0,0,0,0.0
"The Witcher 3 Wild Hunt",89,77,4876.9,63.3363636363636,86.52
"Warhammer 40,000 Dawn of War - Game of the Year Edition",88,33,200.4,6.07272727272727,37.5
"Call of Duty World at War",87,68,2583.5,37.9926470588235,78.16
FEZ,87,52,238.8,4.59230769230769,59.77
RAGE,87,66,1207.8,18.3,75.86
"Just Cause 2 Multiplayer Mod",86,86,655.8,7.62558139534884,100.0
"Zombie Panic Source",86,86,2440.7,28.3802325581395,100.0
"Alan Wake's American Nightmare",85,24,82.6,3.44166666666667,28.24
"Dying Light",85,80,2212.6,27.6575,94.12
"Risk of Rain",85,75,828.5,11.0466666666667,88.24
"The Ship",85,43,166.4,3.86976744186047,50.59
"The Ship Tutorial",85,14,3.8,0.271428571428571,16.47
"Aliens vs. Predator",84,73,912.0,12.4931506849315,86.9
"DCS World",84,16,38.2,2.3875,19.05
"The Binding of Isaac Rebirth",84,80,6735.5,84.19375,95.24
"Total War SHOGUN 2 - Fall of the Samurai",84,0,0,0,0.0
"XCOM Enemy Within",84,0,0,0,0.0
"Arma Cold War Assault",83,27,37.9,1.4037037037037,32.53
"Dead Space 2",83,27,270.9,10.0333333333333,32.53
"Guns of Icarus Online",83,68,497.8,7.32058823529412,81.93
"Borderlands The Pre-Sequel",82,76,2852.1,37.5276315789474,92.68
"Don't Starve Reign of Giants",82,0,0,0,0.0
"Psychonauts Demo",82,1,0.2,0.2,1.22
"Super Monday Night Combat",82,35,576.1,16.46,42.68
"The Ship Single Player",82,23,26.5,1.15217391304348,28.05
WARMODE,82,49,122.9,2.50816326530612,59.76
Aftermath,81,54,275.5,5.10185185185185,66.67
"DiRT 3 Complete Edition",81,19,98.7,5.19473684210526,23.46
"Far Cry 3 Blood Dragon",81,49,346.6,7.0734693877551,60.49
"GRID 2",81,57,943.8,16.5578947368421,70.37
"Planetary Annihilation",81,66,789.2,11.9575757575758,81.48
Psychonauts,81,42,216.6,5.15714285714286,51.85
"Assassin's Creed II",80,59,1646.1,27.9,73.75
"Deus Ex Game of the Year Edition",80,37,188.3,5.08918918918919,46.25
"Football Manager 2012",80,79,30845.8,390.453164556962,98.75
"Football Manager 2014",80,78,30574.8,391.984615384615,97.5
"Risen 2 - Dark Waters",80,35,688.2,19.6628571428571,43.75
"Sid Meier's Civilization IV Beyond the Sword",80,25,4201.4,168.056,31.25
"Dragon Age Origins - Ultimate Edition",79,59,2552.5,43.2627118644068,74.68
"FINAL FANTASY VII",79,63,1511.9,23.9984126984127,79.75
"Football Manager 2015",79,77,24283.1,315.364935064935,97.47
"Medieval II Total War Kingdoms",79,34,1648.8,48.4941176470588,43.04
Overlord,79,22,310.5,14.1136363636364,27.85
"Sid Meier's Civilization III Complete",79,23,682.4,29.6695652173913,29.11
"Sid Meier's Civilization IV Warlords",79,10,110.3,11.03,12.66
"Star Wars Jedi Knight Jedi Academy",79,37,430.5,11.6351351351351,46.84
"Hitman 2 Silent Assassin",78,14,50.2,3.58571428571429,17.95
"Spec Ops The Line",78,56,888.9,15.8732142857143,71.79
Braid,77,40,115.5,2.8875,51.95
"DARK SOULS II",77,71,6193.8,87.2366197183099,92.21
"Hitman Blood Money",77,23,84.4,3.6695652173913,29.87
"Only If",77,36,31.3,0.869444444444444,46.75
Antichamber,76,50,139.4,2.788,65.79
ArcheAge,76,40,1109.7,27.7425,52.63
"Brtal Legend",76,36,218.3,6.06388888888889,47.37
"Call of Duty Advanced Warfare",76,52,535.1,10.2903846153846,68.42
"Call of Duty Advanced Warfare - Multiplayer",76,61,3096.4,50.7606557377049,80.26
"Dust An Elysian Tail",76,46,335.6,7.29565217391304,60.53
F.E.A.R.,76,24,140.6,5.85833333333333,31.58
"F.E.A.R. Extraction Point",76,5,38.5,7.7,6.58
"F.E.A.R. Perseus Mandate",76,7,35.4,5.05714285714286,9.21
"War Inc. Battlezone",76,32,116.9,3.653125,42.11
"Ace of Spades",75,71,521.2,7.34084507042254,94.67
AirMech,75,43,521.3,12.1232558139535,57.33
"How to Survive",75,56,391.5,6.99107142857143,74.67
"Magicka Party Robes",75,0,0,0,0.0
"Sid Meier's Civilization IV Colonization",75,17,56.2,3.30588235294118,22.67
"The Walking Dead Season Two",75,48,541.0,11.2708333333333,64.0
"Wolfenstein The New Order",75,62,1190.3,19.1983870967742,82.67
Dungeonland,74,27,47.2,1.74814814814815,36.49
"Guns and Robots",74,30,163.1,5.43666666666667,40.54
"Magicka Nippon",74,0,0,0,0.0
"POSTAL 2",74,50,270.5,5.41,67.57
"Super Crate Box",74,34,54.5,1.60294117647059,45.95
"Titan Quest Immortal Throne",74,31,572.9,18.4806451612903,41.89
Crysis,73,55,380.1,6.91090909090909,75.34
"Fishing Planet",73,49,93.3,1.90408163265306,67.12
"Mitos.is The Game",73,55,203.4,3.69818181818182,75.34
"State of Decay",73,64,906.9,14.1703125,87.67
"Supreme Commander 2",73,52,2361.5,45.4134615384615,71.23
"Assassin's Creed III",72,56,2545.4,45.4535714285714,77.78
"Block N Load",72,46,259.1,5.63260869565217,63.89
"Divinity Original Sin Enhanced Edition",72,14,124.0,8.85714285714286,19.44
"Fractured Space",72,27,68.1,2.52222222222222,37.5
"Infestation Survivor Stories",72,67,1953.3,29.1537313432836,93.06
Sanctum,72,39,134.2,3.44102564102564,54.17
"Assassin's Creed IV Black Flag",71,54,3230.3,59.8203703703704,76.06
"Divinity Original Sin",71,67,2380.1,35.5238805970149,94.37
"Game Dev Tycoon",71,71,866.1,12.1985915492958,100.0
"Lara Croft and the Guardian of Light",71,26,93.9,3.61153846153846,36.62
"Mortal Kombat Komplete Edition",71,65,1324.3,20.3738461538462,91.55
"S.K.I.L.L. - Special Force 2",71,36,199.3,5.53611111111111,50.7
SpaceChem,71,33,282.3,8.55454545454545,46.48
"Worms Revolution",71,48,335.0,6.97916666666667,67.61
"Euro Truck Simulator 2 - Going East!",70,0,0,0,0.0
"Magicka Final Frontier",70,0,0,0,0.0
"DiRT 3",69,49,691.9,14.1204081632653,71.01
"GTR Evolution",69,3,20.8,6.93333333333333,4.35
Hammerwatch,69,50,405.3,8.106,72.46
"Red Crucible Firestorm",69,46,118.5,2.57608695652174,66.67
Deadlight,68,38,108.6,2.85789473684211,55.88
"METAL GEAR SOLID V THE PHANTOM PAIN",68,66,4751.1,71.9863636363636,97.06
"Magicka The Watchtower",68,0,0,0,0.0
NEOTOKYO,68,15,33.4,2.22666666666667,22.06
"Red Faction Guerrilla Steam Edition",68,43,410.4,9.54418604651163,63.24
"Star Wars Republic Commando",68,33,136.4,4.13333333333333,48.53
"Afterfall InSanity Extended Edition",67,31,57.7,1.86129032258065,46.27
"Call of Duty 4 Modern Warfare",67,60,1223.8,20.3966666666667,89.55
"Command and Conquer Red Alert 3 - Uprising",67,30,217.4,7.24666666666667,44.78
"Insurgency Modern Infantry Combat",67,67,409.7,6.11492537313433,100.0
"Magicka Frozen Lake",67,0,0,0,0.0
"Overlord II",67,29,321.4,11.0827586206897,43.28
"Rogue Legacy",67,63,866.9,13.7603174603175,94.03
"SimCity 4 Deluxe",67,57,1178.6,20.6771929824561,85.07
Spore,67,58,1706.6,29.4241379310345,86.57
"The Elder Scrolls III Morrowind",67,39,751.7,19.274358974359,58.21
"Hitman Codename 47",66,15,30.7,2.04666666666667,22.73
"Plants vs. Zombies Game of the Year",66,56,2427.6,43.35,84.85
"Source Filmmaker",66,66,901.4,13.6575757575758,100.0
Contagion,65,49,199.8,4.07755102040816,75.38
Panzar,65,17,185.2,10.8941176470588,26.15
"Sid Meier's Civilization Beyond Earth",65,61,2826.6,46.3377049180328,93.85
SpeedRunners,65,55,735.8,13.3781818181818,84.62
"Star Wars Empire at War Gold",65,40,471.9,11.7975,61.54
"This War of Mine",65,54,722.1,13.3722222222222,83.08
"Warlock - Master of the Arcane",65,22,412.8,18.7636363636364,33.85
"Warlock - Master of the Arcane Powerful Lords",65,0,0,0,0.0
"Worms Reloaded",65,50,371.6,7.432,76.92
"Brothers - A Tale of Two Sons",64,40,95.6,2.39,62.5
"Codename CURE",64,34,128.1,3.76764705882353,53.13
"F.E.A.R. Online",64,27,77.8,2.88148148148148,42.19
"Infinite Crisis",64,37,110.6,2.98918918918919,57.81
"Overlord Raising Hell",64,8,129.6,16.2,12.5
Reus,64,49,211.3,4.31224489795918,76.56
"To the Moon",64,34,100.4,2.95294117647059,53.13
"World of Goo",64,41,92.2,2.24878048780488,64.06
"A.V.A - Alliance of Valiant Arms",63,27,109.1,4.04074074074074,42.86
"Batman Arkham Origins - New Millennium Skins Pack",63,0,0,0,0.0
"Darkest Hour Europe '44-'45",63,15,342.0,22.8,23.81
"Deus Ex Invisible War",63,10,18.5,1.85,15.87
Elsword,63,28,381.3,13.6178571428571,44.44
"Gun Monkeys",63,29,33.6,1.15862068965517,46.03
"Mare Nostrum",63,7,4.3,0.614285714285714,11.11
"Metro 2033 Redux",63,38,253.7,6.67631578947368,60.32
"Red Orchestra Ostfront 41-45",63,31,817.0,26.3548387096774,49.21
"Sakura Clicker",63,47,1730.9,36.8276595744681,74.6
VVVVVV,63,37,107.0,2.89189189189189,58.73
"Anomaly Warzone Earth",62,37,77.5,2.09459459459459,59.68
"Knights and Merchants",62,18,41.3,2.29444444444444,29.03
"Metro Last Light Redux",62,28,247.9,8.85357142857143,45.16
"Mount & Blade With Fire and Sword",62,44,1493.0,33.9318181818182,70.97
"Need for Speed Hot Pursuit",62,56,612.6,10.9392857142857,90.32
"Sniper Elite 3",62,53,1119.0,21.1132075471698,85.48
"Stronghold HD",62,21,90.4,4.30476190476191,33.87
"The Incredible Adventures of Van Helsing",62,38,406.2,10.6894736842105,61.29
"Warhammer 40,000 Space Marine",62,49,783.0,15.9795918367347,79.03
"Crysis Warhead",61,23,190.4,8.27826086956522,37.7
"Crysis Wars",61,15,26.8,1.78666666666667,24.59
"Endless Space",61,51,1498.6,29.3843137254902,83.61
"Sniper Ghost Warrior",61,52,694.1,13.3480769230769,85.25
"Star Wars - Jedi Knight II Jedi Outcast",61,20,154.2,7.71,32.79
"Star Wars The Force Unleashed Ultimate Sith Edition",61,33,175.3,5.31212121212121,54.1
"The Wolf Among Us",61,44,435.9,9.90681818181818,72.13
Vindictus,61,26,168.1,6.46538461538462,42.62
"BIT.TRIP RUNNER",60,40,73.6,1.84,66.67
"Everlasting Summer",60,38,197.7,5.20263157894737,63.33
"Far Cry",60,26,111.7,4.29615384615385,43.33
"Moonbase Alpha",60,35,77.7,2.22,58.33
"School of Dragons How to Train Your Dragon",60,28,101.5,3.625,46.67
"Anno 2070",59,55,1618.1,29.42,93.22
"Dragons and Titans",59,24,73.1,3.04583333333333,40.68
Machinarium,59,34,147.0,4.32352941176471,57.63
"Supreme Commander Forged Alliance",59,26,2207.8,84.9153846153846,44.07
"Two Worlds Epic Edition",59,19,135.2,7.11578947368421,32.2
UberStrike,59,35,77.3,2.20857142857143,59.32
"Universe Sandbox",59,50,300.3,6.006,84.75
"Age of Chivalry",58,58,970.0,16.7241379310345,100.0
"Assassin's Creed Brotherhood",58,39,976.4,25.0358974358974,67.24
"Batman Arkham Origins - Initiation",58,0,0,0,0.0
"Call of Juarez Gunslinger",58,47,341.3,7.26170212765958,81.03
"Legend of Grimrock",58,35,409.7,11.7057142857143,60.34
"Mortal Kombat Kollection",58,17,37.1,2.18235294117647,29.31
"Oddworld Abe's Oddysee",58,15,28.4,1.89333333333333,25.86
"Batman Arkham Origins - Infinite Earths Skins Pack",57,0,0,0,0.0
"Blender 2.76b",57,18,15.9,0.883333333333333,31.58
"DmC Devil May Cry",57,43,513.2,11.9348837209302,75.44
"Stronghold 3",57,48,457.6,9.53333333333333,84.21
"The Darkness II",57,35,252.1,7.20285714285714,61.4
"Tom Clancy's Splinter Cell Conviction",57,40,655.8,16.395,70.18
"Viscera Cleanup Detail Shadow Warrior",57,7,4.8,0.685714285714286,12.28
"DiRT Showdown",56,23,124.6,5.41739130434783,41.07
"Haunted Memories",56,22,7.3,0.331818181818182,39.29
"Injustice Gods Among Us Ultimate Edition",56,47,486.5,10.3510638297872,83.93
"Just Cause",56,12,66.6,5.55,21.43
"Star Wars Dark Forces",56,14,52.7,3.76428571428571,25.0
"Wargame European Escalation",56,37,841.2,22.7351351351351,66.07
"Deus Ex Human Revolution - The Missing Link",55,22,195.5,8.88636363636364,40.0
"Dragon Age Origins",55,31,1886.8,60.8645161290323,56.36
"Emily is Away",55,48,35.5,0.739583333333333,87.27
"Football Manager 2009",55,40,7434.4,185.86,72.73
"Guacamelee! Gold Edition",55,31,184.8,5.96129032258065,56.36
"S.T.A.L.K.E.R. Shadow of Chernobyl",55,37,514.7,13.9108108108108,67.27
"Sacred 2 Gold",55,12,24.4,2.03333333333333,21.82
"Serious Sam HD The First Encounter",55,29,104.6,3.60689655172414,52.73
"Thief Gold",55,13,7.9,0.607692307692308,23.64
"BioShock Infinite Burial at Sea - Episode 1",54,0,0,0,0.0
Fallout,54,26,185.9,7.15,48.15
Homefront,54,43,569.5,13.2441860465116,79.63
"Kingdoms of Amalur Reckoning",54,45,1181.6,26.2577777777778,83.33
"Spooky's House of Jump Scares",54,33,31.1,0.942424242424242,61.11
"Superbrothers Sword & Sworcery EP",54,20,23.1,1.155,37.04
"The Swapper",54,26,82.4,3.16923076923077,48.15
"Train Simulator",54,50,2975.5,59.51,92.59
"BioShock Infinite Burial at Sea - Episode 2",53,0,0,0,0.0
"Fable - The Lost Chapters",53,36,395.7,10.9916666666667,67.92
"Five Nights at Freddy's",53,44,94.4,2.14545454545455,83.02
"Galactic Civilizations II Ultimate Edition",53,24,288.2,12.0083333333333,45.28
Gunpoint,53,38,142.6,3.75263157894737,71.7
"Kane & Lynch 2 Dog Days",53,17,83.4,4.90588235294118,32.08
"La Tale",53,19,143.8,7.56842105263158,35.85
"Shadowrun Returns",53,40,464.4,11.61,75.47
"Supreme Commander",53,18,294.3,16.35,33.96
"Tomb Raider Legend",53,9,18.3,2.03333333333333,16.98
Transistor,53,34,195.2,5.74117647058824,64.15
"War of the Roses Balance Beta",53,4,10.1,2.525,7.55
"War of the Roses Kingmaker",53,0,0,0,0.0
"Zombies Monsters Robots",53,28,165.7,5.91785714285714,52.83
"America's Army 3",52,16,169.9,10.61875,30.77
"Assassin's Creed Revelations",52,30,1145.1,38.17,57.69
"Bloodline Champions",52,24,290.5,12.1041666666667,46.15
"Cubic Castles",52,29,107.2,3.69655172413793,55.77
DEFCON,52,22,38.0,1.72727272727273,42.31
"Dark Messiah of Might & Magic Multi-Player",52,11,580.5,52.7727272727273,21.15
"Dark Messiah of Might & Magic Single Player",52,19,147.9,7.78421052631579,36.54
"Defy Gravity",52,26,35.8,1.37692307692308,50.0
"Europa Universalis IV",52,50,9759.0,195.18,96.15
"Might & Magic Heroes VI",52,41,4139.5,100.963414634146,78.85
"Operation Flashpoint Dragon Rising",52,17,66.4,3.90588235294118,32.69
"Poker Night at the Inventory",52,33,191.6,5.80606060606061,63.46
"Race The Sun",52,25,80.8,3.232,48.08
"Thomas Was Alone",52,27,60.5,2.24074074074074,51.92
"Tomb Raider Anniversary",52,11,30.0,2.72727272727273,21.15
"Tomb Raider Underworld",52,9,62.8,6.97777777777778,17.31
"Assassin's Creed",51,36,415.4,11.5388888888889,70.59
"East India Company Gold",51,5,12.7,2.54,9.8
"Star Wars Jedi Knight Dark Forces II",51,10,69.7,6.97,19.61
"Teleglitch Die More Edition",51,12,20.2,1.68333333333333,23.53
"Time Clickers",51,28,446.9,15.9607142857143,54.9
WAKFU,51,33,1150.7,34.869696969697,64.71
"Cave Story+",50,29,286.4,9.87586206896552,58.0
"Dear Esther",50,31,32.1,1.03548387096774,62.0
"Dungeon Siege III",50,31,196.7,6.34516129032258,62.0
"Magicka Holiday Spirit Item Pack ",50,0,0,0,0.0
"March of War",50,17,136.8,8.04705882352941,34.0
"Mount & Blade",50,29,727.5,25.0862068965517,58.0
"S.T.A.L.K.E.R. Call of Pripyat",50,25,487.5,19.5,50.0
"Sins of a Solar Empire Rebellion",50,47,1430.4,30.4340425531915,94.0
"Star Wars The Force Unleashed II",50,12,63.6,5.3,24.0
8BitMMO,49,27,12.3,0.455555555555556,55.1
"BioShock Infinite - Season Pass",49,0,0,0,0.0
GRID,49,28,634.8,22.6714285714286,57.14
Jamestown,49,22,26.1,1.18636363636364,44.9
"Killing Floor 2",49,48,1594.9,33.2270833333333,97.96
"Portal Stories Mel",49,24,128.7,5.3625,48.98
"Resident Evil 5 / Biohazard 5",49,32,283.5,8.859375,65.31
"RollerCoaster Tycoon 3 Platinum!",49,42,789.8,18.8047619047619,85.71
"Royal Quest",49,9,84.3,9.36666666666667,18.37
"Super Hexagon",49,29,94.7,3.26551724137931,59.18
"The Bureau XCOM Declassified",49,15,124.4,8.29333333333333,30.61
"Thief Deadly Shadows",49,11,39.0,3.54545454545455,22.45
"Ultra Street Fighter IV",49,40,1460.3,36.5075,81.63
"Arma 2 British Armed Forces",48,3,0.7,0.233333333333333,6.25
"Arma 2 Private Military Company",48,7,5.4,0.771428571428571,14.58
Deponia,48,26,171.3,6.58846153846154,54.17
"Fallout 2",48,22,237.1,10.7772727272727,45.83
"Floating Point",48,15,8.3,0.553333333333333,31.25
"Life Is Strange",48,38,520.2,13.6894736842105,79.17
"Mount & Blade Warband - Napoleonic Wars",48,0,0,0,0.0
"COH2 - The Western Front Armies Oberkommando West",47,0,0,0,0.0
Cogs,47,25,55.5,2.22,53.19
DiggerOnline,47,34,84.4,2.48235294117647,72.34
"Duke Nukem Forever",47,40,414.6,10.365,85.11
"Fallout 3",47,38,689.6,18.1473684210526,80.85
"LEGO MARVEL Super Heroes",47,39,2085.6,53.4769230769231,82.98
"METAL GEAR SOLID V GROUND ZEROES",47,35,253.0,7.22857142857143,74.47
"Operation Flashpoint Red River",47,9,40.2,4.46666666666667,19.15
"Pillars of Eternity",47,41,1523.2,37.1512195121951,87.23
"Pirates of Black Cove Gold",47,3,1.4,0.466666666666667,6.38
"RACE 07 - Formula RaceRoom Add-On",47,0,0,0,0.0
"Two Worlds II",47,29,405.9,13.9965517241379,61.7
"Defense Grid The Awakening",46,41,755.8,18.4341463414634,89.13
"Dragon Nest Europe",46,20,1033.8,51.69,43.48
"Dungeons & Dragons Online",46,17,442.0,26.0,36.96
"Navy Field 2  Conqueror of the Ocean",46,17,37.7,2.21764705882353,36.96
"Plague Inc Evolved",46,45,461.8,10.2622222222222,97.83
"Space Pirates and Zombies",46,31,955.2,30.8129032258065,67.39
"The Last Remnant",46,27,431.4,15.9777777777778,58.7
"Tom Clancy's Splinter Cell Blacklist",46,37,624.6,16.8810810810811,80.43
"Age of Mythology Extended Edition",45,36,468.5,13.0138888888889,80.0
"Borderlands 2 Headhunter 4 Wedding Day Massacre",45,0,0,0,0.0
"Champions Online",45,21,826.3,39.347619047619,46.67
"Crash Time II",45,14,21.6,1.54285714285714,31.11
"Magic 2014 ",45,44,1216.6,27.65,97.78
"MicroVolts Surge",45,19,143.3,7.5421052631579,42.22
"Pid ",45,15,25.3,1.68666666666667,33.33
"Really Big Sky",45,21,31.4,1.4952380952381,46.67
Risen,45,13,175.1,13.4692307692308,28.89
"Rome Total War - Alexander",45,18,180.8,10.0444444444444,40.0
"Shadow Warrior",45,32,192.1,6.003125,71.11
"Sid Meier's Railroads!",45,14,128.5,9.17857142857143,31.11
"Stronghold Crusader Extreme HD",45,5,37.3,7.46,11.11
"Stronghold Crusader HD",45,23,177.7,7.72608695652174,51.11
"System Shock 2",45,24,78.2,3.25833333333333,53.33
"The Incredible Adventures of Van Helsing Thaumaturge",45,0,0,0,0.0
"The Way of Life Free Edition",45,21,6.2,0.295238095238095,46.67
Uplink,45,14,65.5,4.67857142857143,31.11
"Warhammer 40,000 Dawn of War  Dark Crusade",45,23,624.9,27.1695652173913,51.11
"Warhammer 40,000 Dawn of War  Winter Assault",45,15,65.2,4.34666666666667,33.33
C9,44,6,2.7,0.45,13.64
"CrimeCraft GangWars",44,5,7.5,1.5,11.36
"Giana Sisters Twisted Dreams",44,21,80.9,3.85238095238095,47.73
"Little Inferno",44,25,188.3,7.532,56.82
"Resident Evil 6 / Biohazard 6",44,39,841.0,21.5641025641026,88.64
"Run and Fire",44,9,14.3,1.58888888888889,20.45
Synergy,44,44,332.4,7.55454545454545,100.0
"The Sims(TM) 3",44,44,2249.7,51.1295454545455,100.0
"Unreal Tournament 3 Black Edition",44,37,329.9,8.91621621621622,84.09
"Borderlands 2 Headhunter 1 Bloody Harvest",43,0,0,0,0.0
"Crayon Physics Deluxe",43,23,10.7,0.465217391304348,53.49
"Fallout Tactics",43,13,148.2,11.4,30.23
"Guardians of Middle-earth",43,10,21.8,2.18,23.26
"METAL GEAR RISING REVENGEANCE",43,38,381.9,10.05,88.37
"Modular Combat",43,15,16.1,1.07333333333333,34.88
R.U.S.E,43,37,1269.6,34.3135135135135,86.05
R.U.S.E.,43,0,0,0,0.0
Shadowgrounds,43,17,85.8,5.04705882352941,39.53
Watch_Dogs,43,40,708.8,17.72,93.02
"Worms Armageddon",43,21,83.2,3.96190476190476,48.84
"You Have to Win the Game",43,19,16.8,0.88421052631579,44.19
"Batman Arkham Origins -  Online Supply Drop 1",42,0,0,0,0.0
"Beat Hazard",42,34,191.9,5.64411764705882,80.95
"Borderlands 2 Headhunter 2 Wattle Gobbler",42,0,0,0,0.0
"Borderlands 2 Headhunter 5 Son of Crawmerax",42,0,0,0,0.0
Darwinia,42,12,31.0,2.58333333333333,28.57
"Divinity II Developer's Cut",42,12,136.9,11.4083333333333,28.57
"Gone Home",42,24,48.8,2.03333333333333,57.14
"Grand Theft Auto",42,10,3.2,0.32,23.81
"Grand Theft Auto 2",42,6,15.7,2.61666666666667,14.29
"NARUTO SHIPPUDEN Ultimate Ninja STORM 3 Full Burst",42,37,692.3,18.7108108108108,88.1
Receiver,42,7,22.0,3.14285714285714,16.67
Skullgirls,42,32,305.0,9.53125,76.19
"Skyrim Script Extender (SKSE)",42,0,0,0,0.0
"Sonic & All-Stars Racing Transformed",42,32,185.3,5.790625,76.19
"Arma 3 Karts",41,0,0,0,0.0
"Batman Arkham Origins - Online Supply Drop 2",41,0,0,0,0.0
"Batman Arkham Origins Blackgate - Deluxe Edition",41,3,14.3,4.76666666666667,7.32
"Call of Duty Black Ops III",41,39,1415.9,36.3051282051282,95.12
"Child of Light",41,22,171.4,7.79090909090909,53.66
"Copa Petrobras de Marcas",41,16,6.5,0.40625,39.02
"Endless Legend",41,38,1288.1,33.8973684210526,92.68
"Game of Thrones ",41,16,202.9,12.68125,39.02
"Kung Fury",41,7,3.8,0.542857142857143,17.07
"Mortal Online",41,12,16.2,1.35,29.27
"RPG Maker VX Ace",41,29,536.2,18.4896551724138,70.73
"Sid Meier's Pirates!",41,22,155.3,7.05909090909091,53.66
"Stealth Inc 2",41,9,11.1,1.23333333333333,21.95
"X-COM UFO Defense",41,12,128.0,10.6666666666667,29.27
"Battlefield Bad Company 2 Vietnam",40,0,0,0,0.0
"FINAL FANTASY VIII",40,29,746.7,25.748275862069,72.5
"Far Cry 4",40,35,1251.7,35.7628571428571,87.5
"Frozen Synapse",40,26,156.1,6.00384615384615,65.0
KnightShift,40,5,15.6,3.12,12.5
"Lone Survivor The Director's Cut",40,19,17.2,0.905263157894737,47.5
"Remember Me",40,25,149.4,5.976,62.5
"Sniper Ghost Warrior 2",40,36,241.3,6.70277777777778,90.0
"Sniper Ghost Warrior 2 Multiplayer Expansion Pack",40,0,0,0,0.0
Spelunky,40,34,378.8,11.1411764705882,85.0
"The Guild II",40,13,47.0,3.61538461538462,32.5
"The Secret of Monkey Island Special Edition",40,31,142.7,4.60322580645161,77.5
"Velvet Sundown",40,16,20.4,1.275,40.0
"Warhammer 40,000 Dawn of War  Soulstorm",40,25,313.2,12.528,62.5
"Alice Madness Returns",39,27,221.7,8.21111111111111,69.23
"Alien Isolation",39,31,359.0,11.5806451612903,79.49
"Amnesia A Machine for Pigs",39,25,110.2,4.408,64.1
BRINK,39,32,237.5,7.421875,82.05
"Commander Conquest of the Americas Gold",39,2,0.7,0.35,5.13
"Cthulhu Saves the World ",39,16,44.6,2.7875,41.03
"Darkest Dungeon",39,37,781.3,21.1162162162162,94.87
Deadbreed,39,17,47.6,2.8,43.59
"Shadowrun Dragonfall - Director's Cut",39,17,239.3,14.0764705882353,43.59
Shank,39,16,41.7,2.60625,41.03
"Sonic Generations",39,28,598.5,21.375,71.79
"Star Wars Starfighter",39,9,13.4,1.48888888888889,23.08
"Thinking with Time Machine",39,10,19.1,1.91,25.64
"Tomb Raider I",39,13,60.5,4.65384615384615,33.33
"Villagers and Heroes",39,18,69.2,3.84444444444444,46.15
"Alien Breed 2 Assault",38,7,36.0,5.14285714285714,18.42
"Ascend Hand of Kul",38,11,62.3,5.66363636363636,28.95
"Borderlands 2 Headhunter 3 Mercenary Day",38,0,0,0,0.0
"Cities in Motion 2",38,19,75.9,3.99473684210526,50.0
"DARK SOULS II Scholar of the First Sin",38,33,1691.3,51.2515151515152,86.84
"Deadlight Original Soundtrack",38,0,0,0,0.0
"Dungeons of Dredmor",38,26,739.7,28.45,68.42
"EVGA PrecisionX 16",38,10,166.1,16.61,26.32
"Echo of Soul",38,23,408.6,17.7652173913044,60.53
"Football Manager 2010",38,35,13126.7,375.048571428571,92.11
"From Dust",38,32,213.8,6.68125,84.21
"Gauntlet ",38,33,324.6,9.83636363636364,86.84
Hammerfight,38,7,20.4,2.91428571428571,18.42
"Homeworld Remastered Collection",38,34,375.7,11.05,89.47
"LEGO The Lord of the Rings",38,30,238.5,7.95,78.95
"Mortal Kombat X",38,38,2598.1,68.3710526315789,100.0
Multiwinia,38,6,35.7,5.95,15.79
Nether,38,34,261.5,7.69117647058824,89.47
"Pixel Piracy",38,26,160.9,6.18846153846154,68.42
"Project Zomboid",38,37,434.3,11.7378378378378,97.37
"SEGA Genesis & Mega Drive Classics",38,23,116.9,5.08260869565217,60.53
"Skullgirls Endless Beta",38,10,67.0,6.7,26.32
"SteamWorld Dig",38,24,78.3,3.2625,63.16
"Stranded Deep",38,37,676.0,18.2702702702703,97.37
"The Banner Saga",38,29,434.6,14.9862068965517,76.32
"The Banner Saga - Mod Content",38,0,0,0,0.0
"The Escapists",38,37,481.0,13.0,97.37
Undertale,38,32,444.6,13.89375,84.21
"Unturned - Permanent Gold Upgrade",38,0,0,0,0.0
"X-COM Apocalypse",38,6,30.5,5.08333333333333,15.79
"X-COM Terror from the Deep",38,6,88.9,14.8166666666667,15.79
"And Yet It Moves",37,15,19.6,1.30666666666667,40.54
"BIT.TRIP Presents... Runner2 Future Legend of Rhythm Alien",37,26,61.6,2.36923076923077,70.27
"Batman Arkham City",37,29,655.4,22.6,78.38
"Blood Bowl Legendary Edition",37,17,469.4,27.6117647058824,45.95
"Divine Souls",37,13,29.9,2.3,35.14
"Eets Munchies",37,10,23.8,2.38,27.03
"Europa Universalis III",37,16,1083.0,67.6875,43.24
FORCED,37,27,77.5,2.87037037037037,72.97
"Football Superstars",37,9,160.2,17.8,24.32
"Global Agenda",37,15,553.0,36.8666666666667,40.54
"Gratuitous Space Battles",37,19,193.3,10.1736842105263,51.35
NightSky,37,10,5.6,0.56,27.03
Osmos,37,22,38.0,1.72727272727273,59.46
"Serious Sam Classic The First Encounter",37,7,24.7,3.52857142857143,18.92
"Serious Sam Classic The Second Encounter",37,6,6.8,1.13333333333333,16.22
"Serious Sam Classics Revolution",37,1,0.2,0.2,2.7
"Tomb Raider II",37,4,6.0,1.5,10.81
"Vampire The Masquerade - Bloodlines",37,29,1047.6,36.1241379310345,78.38
"Worms Ultimate Mayhem",37,13,26.9,2.06923076923077,35.14
"Age of Wonders III",36,32,1121.3,35.040625,88.89
Batla,36,15,45.3,3.02,41.67
"Batman Arkham Knight",36,28,422.8,15.1,77.78
"Cities XL Platinum",36,15,168.0,11.2,41.67
"Commandos 2 Men of Courage",36,11,39.1,3.55454545454545,30.56
"Grand Chase",36,7,4.5,0.642857142857143,19.44
"Half-Life 2 Update",36,9,110.8,12.3111111111111,25.0
"Men of War Assault Squad",36,20,1259.6,62.98,55.56
"PROTOTYPE 2",36,25,599.5,23.98,69.44
"Space Hack",36,4,1.1,0.275,11.11
"Star Wars - Jedi Knight Mysteries of the Sith",36,2,15.0,7.5,5.56
"The Bridge",36,20,44.3,2.215,55.56
"Thief - Opportunist",36,0,0,0,0.0
"Tiny and Big Grandpa's Leftovers",36,16,27.4,1.7125,44.44
"Total War ATTILA",36,36,2654.7,73.7416666666667,100.0
"Valkyria Chronicles",36,29,286.9,9.89310344827586,80.56
"Valkyria Chronicles Challenge of the Edy Detachment",36,0,0,0,0.0
"Valkyria Chronicles Edy's Mission Enter the Edy Detachment",36,0,0,0,0.0
"Valkyria Chronicles Hard EX Mode",36,0,0,0,0.0
"Valkyria Chronicles Selveria's Mission Behind Her Blue Flame",36,0,0,0,0.0
"Wargame AirLand Battle",36,28,1182.4,42.2285714285714,77.78
"X-COM Enforcer",36,1,0.6,0.6,2.78
"X-COM Interceptor",36,2,9.3,4.65,5.56
"ACE - Arena Cyber Evolution",35,11,6.4,0.581818181818182,31.43
"Ben There, Dan That!",35,5,6.6,1.32,14.29
"Bully Scholarship Edition",35,23,235.2,10.2260869565217,65.71
"Dwarfs F2P",35,8,22.7,2.8375,22.86
"Face of Mankind",35,7,6.9,0.985714285714286,20.0
"Farming Simulator 2013",35,32,2139.2,66.85,91.43
"Infinity Wars - Animated Trading Card Game",35,15,96.2,6.41333333333333,42.86
Nidhogg,35,32,125.0,3.90625,91.43
"Ori and the Blind Forest",35,31,497.0,16.0322580645161,88.57
"Poker Night 2",35,28,143.2,5.11428571428571,80.0
"Relic Hunters Zero",35,22,88.5,4.02272727272727,62.86
Spintires,35,31,836.2,26.9741935483871,88.57
"THE KING OF FIGHTERS XIII STEAM EDITION",35,21,68.1,3.24285714285714,60.0
Teeworlds,35,18,34.1,1.89444444444444,51.43
"Time Gentlemen, Please!",35,3,6.3,2.1,8.57
"Tomb Raider (VI) The Angel of Darkness",35,3,4.9,1.63333333333333,8.57
"Tomb Raider The Last Revelation",35,2,4.4,2.2,5.71
"Tropico 5",35,33,642.1,19.4575757575758,94.29
"Arma 3 Marksmen",34,0,0,0,0.0
"Boring Man - Online Tactical Stickman Combat",34,21,76.4,3.63809523809524,61.76
"Card Hunter",34,20,72.3,3.615,58.82
"Command and Conquer Red Alert 3",34,26,481.7,18.5269230769231,76.47
"Dragon Nest",34,13,413.5,31.8076923076923,38.24
Dustforce,34,15,72.1,4.80666666666667,44.12
"E.Y.E Divine Cybermancy",34,24,112.4,4.68333333333333,70.59
"Elite Dangerous",34,33,2455.7,74.4151515151515,97.06
Evolve,34,34,786.5,23.1323529411765,100.0
"Football Manager 2011",34,31,11336.8,365.703225806452,91.18
Forge,34,19,23.8,1.25263157894737,55.88
"GRID Autosport",34,29,259.1,8.93448275862069,85.29
HOARD,34,14,64.2,4.58571428571429,41.18
"Kingdom Wars",34,23,180.0,7.82608695652174,67.65
"Max Payne 2 The Fall of Max Payne",34,15,130.5,8.7,44.12
"Microsoft Flight Simulator X Steam Edition",34,28,543.8,19.4214285714286,82.35
"Rise of the Argonauts",34,2,0.8,0.4,5.88
"Sid Meier's Ace Patrol",34,7,77.0,11.0,20.59
"Sid Meier's Ace Patrol Pacific Skies",34,9,37.9,4.21111111111111,26.47
"Soldier Front 2",34,13,94.5,7.26923076923077,38.24
"Sunrider Mask of Arcadius",34,9,28.8,3.2,26.47
"The Showdown Effect",34,14,42.5,3.03571428571429,41.18
"Thief - The Bank Heist",34,0,0,0,0.0
"Tomb Raider Chronicles",34,1,1.7,1.7,2.94
"Tomb Raider III Adventures of Lara Croft",34,2,1.0,0.5,5.88
"Yet Another Zombie Defense",34,24,40.2,1.675,70.59
"Arma 3 Helicopters",33,0,0,0,0.0
"Borderlands 2 RU",33,20,961.3,48.065,60.61
"Breath of Death VII ",33,8,8.1,1.0125,24.24
"DOOM 3 BFG Edition",33,23,388.6,16.895652173913,69.7
"DRAGON BALL XENOVERSE",33,32,1254.3,39.196875,96.97
"DiRT 2",33,25,268.9,10.756,75.76
"Duke Nukem 3D Megaton Edition",33,16,67.2,4.2,48.48
"Euro Truck Simulator 2 - Ice Cold Paint Jobs Pack",33,0,0,0,0.0
Lucius,33,24,106.9,4.45416666666667,72.73
"MURDERED SOUL SUSPECT",33,18,93.5,5.19444444444444,54.55
"MX vs. ATV Reflex",33,7,35.9,5.12857142857143,21.21
MapleStory,33,21,643.8,30.6571428571429,63.64
"Max Payne",33,16,81.1,5.06875,48.48
"Pinball Arcade",33,10,8.8,0.88,30.3
Prototype,33,20,348.3,17.415,60.61
"RAW - Realms of Ancient War",33,7,14.3,2.04285714285714,21.21
"Serious Sam 2",33,13,37.9,2.91538461538462,39.39
"Shadowgrounds Survivor",33,7,19.5,2.78571428571429,21.21
"Strike Suit Zero",33,19,36.3,1.91052631578947,57.58
"Viking Battle for Asgard",33,9,34.4,3.82222222222222,27.27
"Wargame Red Dragon",33,27,1177.1,43.5962962962963,81.82
"Alien Breed Impact",32,5,42.9,8.58,15.63
Altitude,32,13,70.9,5.45384615384615,40.63
"Back to the Future Ep 1 - It's About Time",32,11,25.3,2.3,34.38
"Back to the Future Ep 2 - Get Tannen!",32,6,13.2,2.2,18.75
"Back to the Future Ep 3 - Citizen Brown",32,4,10.8,2.7,12.5
"Back to the Future Ep 4 - Double Visions",32,3,7.8,2.6,9.38
"Back to the Future Ep 5 - OUTATIME",32,3,8.3,2.76666666666667,9.38
"Bad Rats",32,13,29.3,2.25384615384615,40.63
"COH2 - The Western Front Armies US Forces",32,0,0,0,0.0
"DOOM 3",32,20,70.7,3.535,62.5
"Darksiders II Deathinitive Edition",32,2,4.8,2.4,6.25
"Dead Bits",32,19,39.4,2.07368421052632,59.38
Depth,32,27,248.5,9.2037037037037,84.38
"Hero Siege",32,27,469.0,17.3703703703704,84.38
"Hitman Contracts",32,1,0.5,0.5,3.13
"Penumbra Overture",32,17,36.6,2.15294117647059,53.13
"Pirates, Vikings, & Knights II",32,15,130.3,8.68666666666667,46.88
"Reign Of Kings",32,32,1190.6,37.20625,100.0
"Rocketbirds Hardboiled Chicken",32,8,15.8,1.975,25.0
"S.T.A.L.K.E.R. Clear Sky",32,15,292.0,19.4666666666667,46.88
"Shank 2",32,14,69.6,4.97142857142857,43.75
Skyborn,32,6,20.8,3.46666666666667,18.75
"The Plan",32,13,6.0,0.461538461538462,40.63
"Toki Tori",32,20,51.0,2.55,62.5
"X3 Terran Conflict",32,18,154.3,8.57222222222222,56.25
"Alpha Protocol",31,15,52.8,3.52,48.39
"Bejeweled 3",31,14,213.7,15.2642857142857,45.16
Confrontation,31,6,3.6,0.6,19.35
"Construct 2 Free",31,7,17.9,2.55714285714286,22.58
"Democracy 3",31,28,152.9,5.46071428571429,90.32
"Divine Divinity",31,3,10.9,3.63333333333333,9.68
"Euro Truck Simulator",31,8,11.5,1.4375,25.81
"EverQuest II",31,8,96.8,12.1,25.81
"Farming Simulator 15",31,29,2050.3,70.7,93.55
"Five Nights at Freddy's 2",31,23,66.9,2.90869565217391,74.19
"Next Car Game Wreckfest",31,28,119.3,4.26071428571429,90.32
"One Finger Death Punch",31,22,180.2,8.19090909090909,70.97
"Painkiller Hell & Damnation",31,15,49.9,3.32666666666667,48.39
"Portal 2 Sixense Perceptual Pack",31,0,0,0,0.0
"Resident Evil Revelations / Biohazard Revelations",31,18,112.7,6.26111111111111,58.06
"Rise of Nations Extended Edition",31,26,239.6,9.21538461538461,83.87
"Sacred Citadel",31,7,61.6,8.8,22.58
"Shadow Warrior Classic (1997)",31,5,2.2,0.44,16.13
"Spore Galactic Adventures",31,17,288.3,16.9588235294118,54.84
"The Long Dark",31,29,312.5,10.7758620689655,93.55
"The Witcher 3 Wild Hunt - New Finisher Animations",31,0,0,0,0.0
"Thief 2",31,5,9.8,1.96,16.13
ArcaniA,30,10,59.7,5.97,33.33
"Beatbuddy Tale of the Guardians",30,9,21.9,2.43333333333333,30.0
Broforce,30,26,688.4,26.4769230769231,86.67
Capsized,30,10,14.0,1.4,33.33
"Chaos Domain",30,3,0.5,0.166666666666667,10.0
"EVE Online",30,21,732.6,34.8857142857143,70.0
"Frontline Tactics",30,6,135.4,22.5666666666667,20.0
"Kane & Lynch Dead Men",30,4,12.4,3.1,13.33
"Killing Floor - Toy Master",30,0,0,0,0.0
"LEGO Worlds",30,28,169.0,6.03571428571429,93.33
"Loadout Campaign Beta",30,19,101.6,5.34736842105263,63.33
"Lost Planet Extreme Condition",30,17,58.3,3.42941176470588,56.67
"Might & Magic Duel of Champions",30,14,1465.2,104.657142857143,46.67
"ROSE Online",30,0,0,0,0.0
Ragnarok,30,9,11.5,1.27777777777778,30.0
"Realms of the Haunting",30,1,0.1,0.1,3.33
"Red Faction",30,8,16.1,2.0125,26.67
"Resident Evil Revelations 2 / Biohazard Revelations 2",30,14,137.0,9.78571428571429,46.67
Saira,30,6,2.7,0.45,20.0
"The Culling Of The Cows",30,17,30.6,1.8,56.67
"The Forgotten Ones",30,5,2.4,0.48,16.67
Unepic,30,18,156.2,8.67777777777778,60.0
"Viscera Cleanup Detail Santa's Rampage",30,19,86.7,4.56315789473684,63.33
"Worms Crazy Golf",30,4,3.8,0.95,13.33
"Age of Empires Online",29,8,665.6,83.2,27.59
"Amazing World",29,6,11.1,1.85,20.69
Blackguards,29,12,237.8,19.8166666666667,41.38
"Combat Arms",29,9,163.8,18.2,31.03
"Commandos 3 Destination Berlin",29,6,3.0,0.5,20.69
"Costume Quest",29,17,69.4,4.08235294117647,58.62
"DARK SOULS II Crown of the Old Iron King",29,0,0,0,0.0
"DOOM II Hell on Earth",29,9,31.1,3.45555555555556,31.03
"Darksiders Soundtrack",29,0,0,0,0.0
"Deus Ex The Fall",29,4,9.1,2.275,13.79
"FINAL FANTASY XIII",29,22,475.8,21.6272727272727,75.86
"Game of Thrones - A Telltale Games Series",29,20,302.4,15.12,68.97
"Hard Reset",29,15,75.7,5.04666666666667,51.72
"Hard Reset Exile DLC",29,0,0,0,0.0
Mabinogi,29,5,620.2,124.04,17.24
"Master Levels for DOOM II",29,4,8.9,2.225,13.79
"PAYDAY Wolf Pack",29,0,0,0,0.0
"Prime World",29,8,1352.3,169.0375,27.59
"Puzzle Agent",29,5,19.6,3.92,17.24
RaiderZ,29,10,26.7,2.67,34.48
"Red Faction II",29,3,13.4,4.46666666666667,10.34
"Reversion - The Escape",29,3,4.7,1.56666666666667,10.34
Rochard,29,13,30.1,2.31538461538462,44.83
"Sam & Max 301 The Penal Zone",29,8,6.8,0.85,27.59
"Sam & Max 302 The Tomb of Sammun-Mak",29,1,3.2,3.2,3.45
"Sam & Max 303 They Stole Max's Brain!",29,1,2.9,2.9,3.45
"Sam & Max 304 Beyond the Alley of the Dolls",29,1,3.0,3.0,3.45
"Sam & Max 305 The City that Dares not Sleep",29,1,2.8,2.8,3.45
Shatter,29,18,46.3,2.57222222222222,62.07
"South Park The Stick of Truth - Ultimate Fellowship Pack",29,0,0,0,0.0
Stacking,29,12,66.3,5.525,41.38
"Take On Helicopters",29,7,52.6,7.51428571428571,24.14
"The Talos Principle",29,24,426.1,17.7541666666667,82.76
"Worms Blast",29,0,0,0,0.0
"Worms Pinball",29,0,0,0,0.0
Aquaria,28,7,30.0,4.28571428571429,25.0
"Audition Online",28,5,10.3,2.06,17.86
"Baldur's Gate Enhanced Edition",28,23,3094.9,134.560869565217,82.14
"Beyond Divinity",28,2,1.5,0.75,7.14
Bulletstorm,28,23,299.8,13.0347826086957,82.14
Caster,28,20,27.2,1.36,71.43
Creativerse,28,23,188.6,8.2,82.14
"Darksiders II Soundtrack",28,0,0,0,0.0
"Dungeonland - All access pass",28,0,0,0,0.0
Gish,28,13,13.9,1.06923076923077,46.43
"Hazard Ops",28,14,83.4,5.95714285714286,50.0
"Lost Planet 3",28,14,149.8,10.7,50.0
"METAL SLUG 3",28,21,75.4,3.59047619047619,75.0
McPixel,28,19,51.7,2.72105263157895,67.86
"Next Car Game Sneak Peek 2.0",28,16,12.7,0.79375,57.14
"Nosferatu The Wrath of Malachi",28,11,18.1,1.64545454545455,39.29
"Papo & Yo",28,8,27.8,3.475,28.57
"Pinball FX2",28,11,175.7,15.9727272727273,39.29
Proteus,28,11,4.9,0.445454545454545,39.29
"Revenge of the Titans",28,15,50.2,3.34666666666667,53.57
"Rock of Ages",28,20,40.7,2.035,71.43
"Rocksmith 2014",28,25,1731.4,69.256,89.29
"Tower Wars",28,18,84.2,4.67777777777778,64.29
X-Blades,28,10,26.6,2.66,35.71
"A Virus Named TOM",27,12,23.5,1.95833333333333,44.44
"Alpha Prime",27,3,1.7,0.566666666666667,11.11
"Anarchy Arcade",27,10,13.8,1.38,37.04
"Atom Zombie Smasher ",27,19,110.8,5.83157894736842,70.37
"Battlestations Midway",27,4,24.7,6.175,14.81
"Car Mechanic Simulator 2014",27,21,62.4,2.97142857142857,77.78
"Dead Rising 2",27,21,127.7,6.08095238095238,77.78
Eldevin,27,14,325.2,23.2285714285714,51.85
"Football Manager 2016",27,27,2296.6,85.0592592592592,100.0
"Mad Max",27,25,423.8,16.952,92.59
"Monkey Island 2 Special Edition",27,9,60.9,6.76666666666667,33.33
"Octodad Dadliest Catch",27,24,148.2,6.175,88.89
"Primal Carnage",27,21,513.7,24.4619047619048,77.78
"Stealth Bastard Deluxe",27,13,28.9,2.22307692307692,48.15
"Supreme Commander 2 - Infinite War Battle Pack One",27,0,0,0,0.0
"TOME Immortal Arena",27,8,97.0,12.125,29.63
"Test Drive Unlimited 2",27,24,692.9,28.8708333333333,88.89
"The Vanishing of Ethan Carter",27,21,92.6,4.40952380952381,77.78
"The Vanishing of Ethan Carter Redux",27,3,1.2,0.4,11.11
8BitBoy,26,8,27.2,3.4,30.77
"Commandos Behind Enemy Lines",26,6,19.6,3.26666666666667,23.08
"Commandos Beyond the Call of Duty",26,1,0.2,0.2,3.85
"Crusader Kings II Sons of Abraham",26,0,0,0,0.0
"DLC Quest",26,24,67.6,2.81666666666667,92.31
"Devil May Cry 4",26,18,114.7,6.37222222222222,69.23
EDGE,26,12,13.2,1.1,46.15
"Earth 2150 The Moon Project",26,1,8.4,8.4,3.85
"GameMaker Studio",26,26,1093.6,42.0615384615385,100.0
Karos,26,0,0,0,0.0
"Max Payne 3 Season Pass",26,0,0,0,0.0
"Narcissu 1st & 2nd",26,8,16.4,2.05,30.77
"Oil Rush",26,9,21.4,2.37777777777778,34.62
"Rusty Hearts",26,6,208.1,34.6833333333333,23.08
"Serious Sam The Random Encounter",26,4,1.0,0.25,15.38
"Sins of a Dark Age",26,13,33.1,2.54615384615385,50.0
"Sniper Elite Nazi Zombie Army",26,23,120.5,5.23913043478261,88.46
"SpellForce 2 - Faith in Destiny",26,7,252.4,36.0571428571429,26.92
"Spore Creepy & Cute Parts Pack",26,11,91.7,8.33636363636364,42.31
"Stronghold 2",26,15,121.7,8.11333333333333,57.69
"Stronghold Legends",26,6,26.9,4.48333333333333,23.08
"The Evil Within",26,16,136.8,8.55,61.54
"The Guild II - Pirates of the European Seas",26,2,2.9,1.45,7.69
"The Ultimate DOOM",26,15,14.2,0.946666666666667,57.69
"UFO Afterlight",26,2,1.1,0.55,7.69
Verdun,26,24,243.2,10.1333333333333,92.31
"Zeno Clash",26,16,26.8,1.675,61.54
"Aliens Colonial Marines",25,22,219.2,9.96363636363636,88.0
"Back to Dinosaur Island ",25,7,10.7,1.52857142857143,28.0
"Call of Duty Modern Warfare 2 Stimulus Package",25,0,0,0,0.0
"Canyon Capers",25,12,34.7,2.89166666666667,48.0
"Castle Crashers - Blacksmith Pack",25,0,0,0,0.0
"DOOM 3 Resurrection of Evil",25,5,13.6,2.72,20.0
Evoland,25,18,60.7,3.37222222222222,72.0
"FINAL FANTASY XIV A Realm Reborn",25,22,6618.5,300.840909090909,88.0
"Final DOOM",25,6,3.8,0.633333333333333,24.0
"Greed Corp",25,12,53.8,4.48333333333333,48.0
"Half Minute Hero Super Mega Neo Climax Ultimate Boy",25,7,29.7,4.24285714285714,28.0
"Hotline Miami 2 Wrong Number",25,18,188.8,10.4888888888889,72.0
"Intrusion 2",25,10,18.4,1.84,40.0
"Joe Danger 2 The Movie",25,13,12.4,0.953846153846154,52.0
"Leviathan Warships",25,9,22.9,2.54444444444444,36.0
"Metro Conflict",25,16,70.3,4.39375,64.0
"Penny Arcade's On the Rain-Slick Precipice of Darkness 3",25,6,8.3,1.38333333333333,24.0
Polarity,25,13,72.3,5.56153846153846,52.0
"Pox Nora",25,4,19.8,4.95,16.0
"Project CARS",25,24,339.1,14.1291666666667,96.0
"Puzzle Agent 2",25,3,8.0,2.66666666666667,12.0
"Racer 8",25,10,23.1,2.31,40.0
"Serious Sam Double D XXL",25,4,1.5,0.375,16.0
"Sir, You Are Being Hunted",25,16,39.7,2.48125,64.0
"Solar 2",25,16,79.6,4.975,64.0
"State of Decay - Breakdown",25,0,0,0,0.0
"Ticket to Ride",25,12,93.4,7.78333333333333,48.0
"Trials Evolution Gold Edition",25,25,398.4,15.936,100.0
"Vertiginous Golf",25,4,1.0,0.25,16.0
Viridi,25,6,18.2,3.03333333333333,24.0
"AI War Fleet Command",24,8,28.0,3.5,33.33
"Always Sometimes Monsters",24,12,57.1,4.75833333333333,50.0
"Arma Gold Edition",24,0,0,0,0.0
Botanicula,24,16,49.3,3.08125,66.67
"Cakewalk Loop Manager",24,0,0,0,0.0
"Castle Crashers - Pink Knight Pack",24,0,0,0,0.0
Closure,24,7,23.1,3.3,29.17
"Command and Conquer 3 Tiberium Wars",24,18,167.1,9.28333333333333,75.0
"Command and Conquer 4 Tiberian Twilight",24,19,235.2,12.3789473684211,79.17
"DARK SOULS II - Season Pass",24,0,0,0,0.0
"EverQuest Free-to-Play",24,4,4.1,1.025,16.67
"Fable Anniversary",24,17,161.7,9.51176470588235,70.83
"Hacker Evolution",24,13,20.4,1.56923076923077,54.17
"Hearts of Iron III",24,21,1203.0,57.2857142857143,87.5
"Hector Ep 1",24,4,6.1,1.525,16.67
LUFTRAUSERS,24,10,22.6,2.26,41.67
"METAL SLUG DEFENSE",24,9,30.4,3.37777777777778,37.5
"Men of War",24,12,288.1,24.0083333333333,50.0
"Mini Ninjas",24,2,9.0,4.5,8.33
"Murder Miners",24,5,7.6,1.52,20.83
"Nuclear Dawn",24,12,101.5,8.45833333333333,50.0
"Omerta - City of Gangsters",24,17,292.8,17.2235294117647,70.83
"Outlast Whistleblower DLC",24,0,0,0,0.0
"Quantum Rush Online",24,4,3.0,0.75,16.67
RUSH,24,9,24.4,2.71111111111111,37.5
"Steel Storm Burning Retribution",24,9,7.4,0.822222222222222,37.5
"The Guild II Renaissance",24,12,86.6,7.21666666666667,50.0
"Tom Clancy's Splinter Cell Chaos Theory",24,9,9.1,1.01111111111111,37.5
"Total War Battles KINGDOM",24,18,72.0,4.0,75.0
"Unreal Tournament Game of the Year Edition",24,11,289.5,26.3181818181818,45.83
"Valiant Hearts The Great War / Soldats Inconnus  Mmoires de la Grande Guerre",24,14,66.6,4.75714285714286,58.33
"Wasteland 1 - The Original Classic",24,2,6.5,3.25,8.33
"Wasteland 2",24,22,491.9,22.3590909090909,91.67
"Wasteland 2 Director's Cut",24,3,2.9,0.966666666666667,12.5
Xam,24,2,0.9,0.45,8.33
"resident evil 4 / biohazard 4",24,14,96.1,6.86428571428571,58.33
"Dungeon Siege",23,11,87.0,7.90909090909091,47.83
"Dungeon Siege 2",23,5,18.8,3.76,21.74
"Fable III",23,17,570.6,33.5647058823529,73.91
"Fiesta Online NA",23,3,0.7,0.233333333333333,13.04
"Full Mojo Rampage",23,10,81.3,8.13,43.48
"Grim Fandango Remastered",23,13,80.5,6.19230769230769,56.52
"HIS (Heroes In the Sky)",23,11,9.5,0.863636363636364,47.83
"Men of War Red Tide",23,7,39.6,5.65714285714286,30.43
"Monday Night Combat",23,19,132.4,6.96842105263158,82.61
"NBA 2K15",23,20,2714.7,135.735,86.96
"Oddworld Abe's Exoddus",23,8,21.7,2.7125,34.78
"Organ Trail Director's Cut",23,13,31.1,2.39230769230769,56.52
"Out There Somewhere",23,10,26.2,2.62,43.48
"Recettear An Item Shop's Tale",23,16,215.3,13.45625,69.57
"Renegade Ops",23,9,38.7,4.3,39.13
"Sonic Adventure DX",23,6,5.5,0.916666666666667,26.09
"The Banner Saga Factions",23,2,0.3,0.15,8.7
"The Incredible Adventures of Van Helsing II",23,14,155.5,11.1071428571429,60.87
"The Testament of Sherlock Holmes",23,17,127.9,7.52352941176471,73.91
"Toki Tori 2+",23,9,21.4,2.37777777777778,39.13
"Turbo Dismount",23,20,118.6,5.93,86.96
"Wallace & Gromit Ep 1 Fright of the Bumblebees",23,4,9.9,2.475,17.39
Waveform,23,10,28.5,2.85,43.48
"Alien Breed 3 Descent",22,3,27.2,9.06666666666667,13.64
"All Is Dust",22,6,8.6,1.43333333333333,27.27
"Arma Tactics",22,5,9.7,1.94,22.73
BEEP,22,8,11.4,1.425,36.36
"Battle Islands",22,11,383.6,34.8727272727273,50.0
"Call of Duty Modern Warfare 2 - Resurgence Pack",22,0,0,0,0.0
"Divinity Dragon Commander",22,12,96.3,8.025,54.55
DogFighter,22,7,4.7,0.671428571428571,31.82
Eets,22,5,13.2,2.64,22.73
"Eternal Senia",22,7,11.6,1.65714285714286,31.82
"Hector Ep 2",22,1,5.0,5.0,4.55
"Hector Ep 3",22,0,0,0,0.0
HuniePop,22,20,416.4,20.82,90.91
"Knights of Pen and Paper +1",22,12,67.0,5.58333333333333,54.55
"Mark of the Ninja Special Edition DLC",22,0,0,0,0.0
"Mount Your Friends",22,15,72.0,4.8,68.18
"PixelJunk Eden",22,8,8.7,1.0875,36.36
"Prototype 2 RADNET Access Pack",22,0,0,0,0.0
"Samorost 2",22,3,1.2,0.4,13.64
"Star Wars The Clone Wars Republic Heroes",22,1,0.7,0.7,4.55
Strider,22,11,19.7,1.79090909090909,50.0
"The Elder Scrolls Online Tamriel Unlimited",22,17,684.6,40.2705882352941,77.27
"Wallace & Gromit Ep 2 The Last Resort",22,1,15.4,15.4,4.55
"Wallace & Gromit Ep 3 Muzzled!",22,1,12.7,12.7,4.55
"Wallace & Gromit Ep 4 The Bogey Man",22,1,3.9,3.9,4.55
"Woodle Tree Adventures",22,13,27.6,2.12307692307692,59.09
"World of Soccer online",22,14,5.4,0.385714285714286,63.64
"Worms Clan Wars",22,12,42.8,3.56666666666667,54.55
"X3 Reunion",22,7,172.2,24.6,31.82
"Among Ripples",21,4,1.7,0.425,19.05
"Anomaly 2",21,5,7.6,1.52,23.81
"Arctic Combat",21,3,18.4,6.13333333333333,14.29
"Assassins Creed Unity",21,17,343.0,20.1764705882353,80.95
"Blocks That Matter",21,15,33.2,2.21333333333333,71.43
"Commando Jack",21,3,5.5,1.83333333333333,14.29
"Defense Grid Resurgence Map Pack 1",21,0,0,0,0.0
"Dishonored (RU)",21,18,321.2,17.8444444444444,85.71
"Driver San Francisco",21,18,105.3,5.85,85.71
"Dungeon Party",21,1,0.3,0.3,4.76
"Dungeon of the Endless",21,18,176.6,9.81111111111111,85.71
"Endless Sky",21,13,19.6,1.50769230769231,61.9
"Forsaken World ",21,5,101.0,20.2,23.81
"Grimoire Manastorm",21,7,16.2,2.31428571428571,33.33
"Killing Floor Uncovered",21,0,0,0,0.0
"King Arthur's Gold",21,12,36.8,3.06666666666667,57.14
"Long Live The Queen",21,15,44.1,2.94,71.43
"Marvel Puzzle Quest",21,9,1901.6,211.288888888889,42.86
Particula,21,6,9.3,1.55,28.57
"Piercing Blow",21,10,24.9,2.49,47.62
"Prince of Persia The Sands of Time",21,15,38.6,2.57333333333333,71.43
"Puzzle Pirates",21,2,42.2,21.1,9.52
"Ryse Son of Rome",21,19,197.7,10.4052631578947,90.48
SolForge,21,12,39.0,3.25,57.14
"Space Channel 5 Part 2",21,4,4.2,1.05,19.05
"Styx Master of Shadows",21,14,58.8,4.2,66.67
"Superfrog HD",21,4,3.3,0.825,19.05
"Tom Clancy's Rainbow Six Vegas 2",21,13,108.7,8.36153846153846,61.9
"Two Worlds 2 - Pirates of the Flying Fortress ",21,0,0,0,0.0
Vessel,21,11,14.3,1.3,52.38
"Anna - Extended Edition",20,11,39.4,3.58181818181818,55.0
"Anno Online",20,8,744.2,93.025,40.0
"Arma 2 Free",20,6,3.2,0.533333333333333,30.0
"Battle Nations",20,8,1051.2,131.4,40.0
"Broken Age",20,16,157.3,9.83125,80.0
"Broken Sword 1 - Shadow of the Templars Director's Cut",20,5,27.2,5.44,25.0
"Broken Sword 2 - the Smoking Mirror Remastered",20,1,5.7,5.7,5.0
"Castlevania Lords of Shadow - Ultimate Edition",20,15,84.9,5.66,75.0
"Defense Grid Resurgence Map Pack 2 ",20,0,0,0,0.0
"Defense Grid Resurgence Map Pack 3",20,0,0,0,0.0
"Defense Grid Resurgence Map Pack 4",20,0,0,0,0.0
"Dragon's Prophet (EU)",20,4,119.9,29.975,20.0
"Enemy Mind",20,4,10.6,2.65,20.0
"Eufloria HD",20,2,19.0,9.5,10.0
"Evolve - Behemoth",20,0,0,0,0.0
"F1 2012",20,19,1125.5,59.2368421052632,95.0
"Fallen Enchantress Legendary Heroes",20,11,187.2,17.0181818181818,55.0
"FlatOut 2",20,14,28.2,2.01428571428571,70.0
"Galaxy on Fire 2 Full HD",20,12,83.9,6.99166666666667,60.0
"Get Off My Lawn!",20,6,28.7,4.78333333333333,30.0
"Gothic 3",20,10,199.4,19.94,50.0
Grimm,20,13,35.2,2.70769230769231,65.0
Home,20,9,14.2,1.57777777777778,45.0
"Hydrophobia Prophecy",20,12,102.1,8.50833333333333,60.0
"King Arthur - The Role-playing Wargame",20,14,61.5,4.39285714285714,70.0
"Magic 2015",20,18,447.8,24.8777777777778,90.0
"Magic The Gathering  Duels of the Planeswalkers 2012",20,18,521.9,28.9944444444444,90.0
Magicite,20,17,240.8,14.1647058823529,85.0
Nexuiz,20,4,2.0,0.5,20.0
"Nexuiz Beta",20,0,0,0,0.0
"Nexuiz STUPID Mode",20,0,0,0,0.0
"Overcast - Walden and the Werewolf",20,6,21.9,3.65,30.0
"PAYDAY The Web Series - Episode 1",20,3,0.4,0.133333333333333,15.0
"Peggle Deluxe",20,13,63.2,4.86153846153846,65.0
"Running Shadow",20,9,2.2,0.244444444444444,45.0
"Shadow Warrior Classic Redux",20,9,11.9,1.32222222222222,45.0
"Sniper Elite Nazi Zombie Army 2",20,17,71.8,4.22352941176471,85.0
"Soccer Manager 2016",20,12,28.0,2.33333333333333,60.0
"Squishy the Suicidal Pig",20,12,27.5,2.29166666666667,60.0
"Steel Ocean",20,12,42.9,3.575,60.0
"Super Killer Hornet Resurrection",20,10,31.5,3.15,50.0
"Tales from the Borderlands",20,15,173.2,11.5466666666667,75.0
"Tesla Effect",20,1,36.0,36.0,5.0
"The Crew",20,20,1099.9,54.995,100.0
"The Four Kings Casino and Slots",20,8,23.8,2.975,40.0
"The Witcher 3 Wild Hunt - Expansion Pass",20,0,0,0,0.0
"Thief - Ghost",20,0,0,0,0.0
"Tropico 3 Absolute Power",20,12,430.9,35.9083333333333,60.0
"iBomber Defense Pacific",20,4,17.9,4.475,20.0
"ACE COMBAT ASSAULT HORIZON Enhanced Edition",19,11,38.7,3.51818181818182,57.89
"AaaaaAAaaaAAAaaAAAAaAAAAA!!! for the Awesome",19,6,6.8,1.13333333333333,31.58
"Adventures of Shuggy",19,6,9.3,1.55,31.58
"Assetto Corsa",19,18,283.3,15.7388888888889,94.74
"Battlefield 2",19,14,191.3,13.6642857142857,73.68
"Battlestations Pacific",19,10,153.2,15.32,52.63
BeamNG.drive,19,18,123.3,6.85,94.74
"Binary Domain",19,7,34.3,4.9,36.84
"Bionic Commando Rearmed",19,4,1.1,0.275,21.05
"Crazy Taxi",19,1,0.6,0.6,5.26
"Crypt of the NecroDancer",19,16,353.5,22.09375,84.21
"DiRT Rally",19,18,189.7,10.5388888888889,94.74
"District 187",19,3,19.1,6.36666666666667,15.79
"English Country Tune",19,2,0.4,0.2,10.53
Eufloria,19,12,295.0,24.5833333333333,63.16
"Eufloria HD Original Soundtrack",19,0,0,0,0.0
"Ghostbusters The Video Game",19,11,54.3,4.93636363636364,57.89
"Goodbye Deponia",19,7,29.1,4.15714285714286,36.84
"Halo Spartan Assault",19,13,31.9,2.45384615384615,68.42
"Insanely Twisted Shadow Planet",19,8,28.2,3.525,42.11
"LEGO The Hobbit",19,11,325.0,29.5454545454545,57.89
"Lords Of The Fallen",19,17,248.4,14.6117647058824,89.47
"Lost Saga North America",19,4,24.0,6.0,21.05
"Magic Barrage - Bitferno",19,8,52.8,6.6,42.11
"MechWarrior Online",19,8,47.2,5.9,42.11
"Men of War Assault Squad 2",19,18,1242.0,69.0,94.74
"Mount & Blade Warband - Viking Conquest Reforged Edition",19,0,0,0,0.0
Mountain,19,12,308.2,25.6833333333333,63.16
"Order of War",19,15,69.5,4.63333333333333,78.95
POSTAL,19,9,16.1,1.78888888888889,47.37
"Penumbra Black Plague",19,8,39.7,4.9625,42.11
"Penumbra Requiem",19,4,4.1,1.025,21.05
"Return to Castle Wolfenstein",19,11,312.5,28.4090909090909,57.89
"RollerCoaster Tycoon Deluxe",19,16,211.3,13.20625,84.21
"SEGA Bass Fishing",19,2,0.5,0.25,10.53
"Saints Row Gat out of Hell",19,6,53.7,8.95,31.58
SkyDrift,19,9,20.2,2.24444444444444,47.37
"Sniper Elite",19,10,267.1,26.71,52.63
"Soccer Manager 2015",19,12,65.5,5.45833333333333,63.16
"South Park The Stick of Truth - Super Samurai Spaceman Pack",19,0,0,0,0.0
StarForge,19,19,105.5,5.55263157894737,100.0
"Tabletop Simulator",19,18,203.9,11.3277777777778,94.74
"Talisman Digital Edition",19,13,213.2,16.4,68.42
"Talisman Prologue",19,7,16.0,2.28571428571429,36.84
"The Basement Collection",19,5,16.9,3.38,26.32
"The LEGO Movie - Videogame",19,14,464.1,33.15,73.68
"Thief - Predator",19,0,0,0,0.0
Uncrowded,19,10,47.1,4.71,52.63
"Unreal Tournament 2004",19,11,46.3,4.20909090909091,57.89
"Victoria II",19,14,575.1,41.0785714285714,73.68
"Waking Mars",19,10,41.4,4.14,52.63
Wizorb,19,6,7.1,1.18333333333333,31.58
Worms,19,1,0.5,0.5,5.26
"X3 Albion Prelude",19,10,403.5,40.35,52.63
3DMark,18,18,240.8,13.3777777777778,100.0
"Atlantica Online",18,1,8.2,8.2,5.56
Avencast,18,0,0,0,0.0
Betrayer,18,6,14.5,2.41666666666667,33.33
"Chaos Heroes Online",18,3,1.0,0.333333333333333,16.67
"City of Steam Arkadia",18,5,5.8,1.16,27.78
"Cook, Serve, Delicious!",18,11,111.0,10.0909090909091,61.11
Daikatana,18,2,0.9,0.45,11.11
Deepworld,18,6,3.0,0.5,33.33
"Earth 2150 Lost Souls",18,1,5.3,5.3,5.56
"Europa Universalis IV Conquest of Paradise",18,0,0,0,0.0
"GEARCRACK Arena",18,2,5.2,2.6,11.11
"God Mode",18,13,32.6,2.50769230769231,72.22
"Gorky 17",18,1,6.7,6.7,5.56
HIT,18,5,1.2,0.24,27.78
"Hell Yeah!",18,4,10.0,2.5,22.22
"Heroes of Might & Magic III - HD Edition",18,8,104.0,13.0,44.44
"King's Bounty The Legend",18,9,107.2,11.9111111111111,50.0
"Magic The Gathering  Tactics",18,1,6.5,6.5,5.56
"Magic The Gathering - Duels of the Planeswalkers 2013",18,18,295.8,16.4333333333333,100.0
"Magicka 2",18,16,62.9,3.93125,88.89
"Mechanic Escape",18,6,12.2,2.03333333333333,33.33
"Mercenary Kings",18,10,75.6,7.56,55.56
"Moon Breakers",18,3,1.6,0.533333333333333,16.67
"NBA 2K14",18,16,1491.5,93.21875,88.89
"NiGHTS into Dreams...",18,3,2.0,0.666666666666667,16.67
"Passing Pineview Forest",18,5,1.8,0.36,27.78
"PixelJunk Monsters Ultimate",18,7,19.3,2.75714285714286,38.89
"Prince of Persia",18,5,7.0,1.4,27.78
"Prince of Persia The Forgotten Sands",18,7,95.8,13.6857142857143,38.89
"Q.U.B.E Director's Cut",18,5,19.4,3.88,27.78
"Race The WTCC Game",18,6,16.1,2.68333333333333,33.33
"Shadows on the Vatican - Act I Greed",18,8,19.9,2.4875,44.44
"Sleeping Dogs Definitive Edition",18,13,166.1,12.7769230769231,72.22
"Starseed Pilgrim",18,1,0.5,0.5,5.56
Syberia,18,7,18.6,2.65714285714286,38.89
"The Ball",18,11,77.7,7.06363636363636,61.11
"The Bard's Tale",18,6,15.5,2.58333333333333,33.33
"The Book of Unwritten Tales",18,9,89.6,9.95555555555556,50.0
"The Secret World",18,16,358.7,22.41875,88.89
"Ticket to Ride - USA 1910",18,0,0,0,0.0
"Trainz Simulator 12",18,7,14.6,2.08571428571429,38.89
"Transformers Fall of Cybertron",18,16,203.8,12.7375,88.89
"Wolfenstein The Old Blood ",18,13,93.7,7.20769230769231,72.22
"3DMark API Overhead feature test",17,0,0,0,0.0
"3DMark Cloud Gate benchmark",17,0,0,0,0.0
"3DMark Fire Strike benchmark",17,0,0,0,0.0
"3DMark Ice Storm benchmark",17,0,0,0,0.0
"3DMark Sky Diver benchmark",17,0,0,0,0.0
Aion,17,4,41.4,10.35,23.53
Anachronox,17,1,0.1,0.1,5.88
"BIT.TRIP BEAT",17,13,21.6,1.66153846153846,76.47
"Baldur's Gate II Enhanced Edition",17,9,4277.3,475.255555555556,52.94
"Chaos on Deponia",17,10,81.7,8.17,58.82
CroNix,17,9,12.4,1.37777777777778,52.94
"Dead Rising 3",17,14,172.2,12.3,82.35
"Dead Rising 3 DLC1",17,0,0,0,0.0
"Dead Rising 3 DLC2",17,0,0,0,0.0
"Dead Rising 3 DLC3",17,0,0,0,0.0
"Dead Rising 3 DLC4",17,0,0,0,0.0
"Defense Grid 2",17,13,120.2,9.24615384615385,76.47
Dethroned!,17,3,0.7,0.233333333333333,17.65
"Door Kickers",17,13,63.4,4.87692307692308,76.47
Dwarfs!?,17,5,7.1,1.42,29.41
Echoes+,17,8,6.6,0.825,47.06
"Fiesta Online",17,1,6.2,6.2,5.88
Fuse,17,14,27.6,1.97142857142857,82.35
"GT Power Expansion",17,0,0,0,0.0
"Gothic II Gold Edition",17,7,7.3,1.04285714285714,41.18
"Hacker Evolution - Untold",17,5,8.4,1.68,29.41
"Hospital Tycoon",17,5,7.8,1.56,29.41
"Indie Game The Movie",17,7,22.1,3.15714285714286,41.18
"My Lands",17,4,15.7,3.925,23.53
"Nation Red",17,13,87.0,6.69230769230769,76.47
"Need for Speed Undercover",17,12,116.2,9.68333333333333,70.59
"PAC-MAN Championship Edition DX+",17,13,41.2,3.16923076923077,76.47
"Quantum Conundrum",17,11,58.5,5.31818181818182,64.71
"Revolution Ace",17,10,16.3,1.63,58.82
"Rise of Flight United",17,6,6.5,1.08333333333333,35.29
"Scania Truck Driving Simulator",17,9,19.6,2.17777777777778,52.94
"Shadowrun Dragonfall",17,0,0,0,0.0
"Shattered Horizon",17,12,62.8,5.23333333333333,70.59
"Sine Mora",17,7,11.7,1.67142857142857,41.18
"State of Decay - Lifeline",17,0,0,0,0.0
"Syberia 2",17,1,0.5,0.5,5.88
"Takedown Red Sabre",17,11,31.6,2.87272727272727,64.71
"The Hat Man Shadow Ward",17,9,16.5,1.83333333333333,52.94
"Uncharted Waters Online",17,1,181.0,181.0,5.88
"Victory Command",17,5,1.6,0.32,29.41
"Warhammer End Times - Vermintide",17,17,314.4,18.4941176470588,100.0
"Warhammer End Times - Vermintide Sigmar's Blessing",17,0,0,0,0.0
"Aliens versus Predator Classic 2000",16,10,17.3,1.73,62.5
"Arcane Saga Online",16,0,0,0,0.0
"Blades of Time",16,6,48.7,8.11666666666667,37.5
Bloop,16,0,0,0,0.0
"Bridge Project",16,7,10.2,1.45714285714286,43.75
"Bunch Of Heroes",16,10,8.0,0.8,62.5
"Call of Juarez The Cartel",16,16,104.8,6.55,100.0
"CastleMiner Z",16,14,68.0,4.85714285714286,87.5
"Company of Heroes 2 - Ardennes Assault",16,0,0,0,0.0
"Craft The World",16,15,789.2,52.6133333333333,93.75
"Destination Sol",16,4,9.0,2.25,25.0
Devilian,16,12,93.8,7.81666666666667,75.0
"Five Nights at Freddy's 4",16,12,14.8,1.23333333333333,75.0
"Fork Parker's Holiday Profit Hike",16,2,0.8,0.4,12.5
"Galactic Civilizations III",16,15,727.2,48.48,93.75
"Galcon 2",16,8,9.9,1.2375,50.0
"Gemini Rue",16,6,18.5,3.08333333333333,37.5
Godus,16,15,125.5,8.36666666666667,93.75
"Gotham City Impostors",16,13,78.8,6.06153846153846,81.25
"Heroes of Might & Magic V",16,12,122.3,10.1916666666667,75.0
"Hyper Fighters",16,1,0.1,0.1,6.25
Jazzpunk,16,8,15.8,1.975,50.0
"King Arthur II - The Role-playing Wargame",16,13,80.5,6.19230769230769,81.25
"King's Bounty Armored Princess",16,4,58.3,14.575,25.0
"Lambda Wars Beta",16,8,52.7,6.5875,50.0
Legendary,16,10,10.0,1.0,62.5
"Lego Harry Potter",16,13,119.3,9.17692307692308,81.25
"Mars War Logs",16,11,47.9,4.35454545454545,68.75
"Medieval Engineers",16,15,48.8,3.25333333333333,93.75
"Memoir '44 Online",16,1,8.1,8.1,6.25
"Memories of a Vagabond",16,9,31.1,3.45555555555556,56.25
"NARUTO SHIPPUDEN Ultimate Ninja STORM Revolution",16,13,195.7,15.0538461538462,81.25
"On the Rain-Slick Precipice of Darkness, Episode One",16,5,53.6,10.72,31.25
"On the Rain-Slick Precipice of Darkness, Episode Two",16,2,81.5,40.75,12.5
"Pandora Saga Weapons of Balance",16,0,0,0,0.0
"Plain Sight",16,12,36.3,3.025,75.0
"Pool Nation",16,10,35.2,3.52,62.5
"Post Apocalyptic Mayhem",16,11,45.1,4.1,68.75
"Prince of Persia The Two Thrones",16,3,22.5,7.5,18.75
Quake,16,8,25.5,3.1875,50.0
"Quake III Arena",16,7,20.5,2.92857142857143,43.75
"Quake III Team Arena",16,2,1.3,0.65,12.5
"RADical ROACH Deluxe Edition",16,8,20.0,2.5,50.0
"Savage Lands",16,13,49.1,3.77692307692308,81.25
"Sigils of Elohim",16,7,891.8,127.4,43.75
"Slender The Arrival",16,13,37.0,2.84615384615385,81.25
"SpellForce 2 Gold Edition",16,3,8.2,2.73333333333333,18.75
"Stronghold Crusader 2",16,15,462.4,30.8266666666667,93.75
"Tap Tap Infinity",16,9,39.9,4.43333333333333,56.25
"They Bleed Pixels",16,10,22.8,2.28,62.5
"Tom Clancy's Rainbow Six Vegas",16,1,1.0,1.0,6.25
"Tom Clancy's Splinter Cell",16,7,7.7,1.1,43.75
"Tom Clancy's Splinter Cell Double Agent",16,2,7.3,3.65,12.5
"Unreal Gold",16,8,15.3,1.9125,50.0
"Unreal II The Awakening",16,4,2.8,0.7,25.0
"Weird Worlds Return to Infinite Space",16,1,1.1,1.1,6.25
"Zen Bound 2",16,4,2.6,0.65,25.0
"A Game of Thrones - Genesis",15,13,79.2,6.09230769230769,86.67
"A New Beginning - Final Cut",15,3,21.8,7.26666666666667,20.0
"Abyss Odyssey",15,5,19.6,3.92,33.33
"Axis Game Factory's AGFPRO 3.0",15,5,11.2,2.24,33.33
"Before the Echo",15,10,19.2,1.92,66.67
"Blood Bowl Chaos Edition",15,13,1222.2,94.0153846153846,86.67
"Brawl Busters",15,0,0,0,0.0
"Bullet Run",15,0,0,0,0.0
"Color Symphony",15,5,1.3,0.26,33.33
"Construction-Simulator 2015",15,13,334.1,25.7,86.67
"Crazy Machines 2",15,4,15.1,3.775,26.67
Deadpool,15,13,131.0,10.0769230769231,86.67
Demigod,15,11,144.0,13.0909090909091,73.33
"Disney Infinity 3.0 Play Without Limits",15,7,4.6,0.657142857142857,46.67
"Dungeon Fighter Online",15,0,0,0,0.0
"Edna & Harvey Harvey's New Eyes",15,3,10.1,3.36666666666667,20.0
"Evil Genius",15,12,201.5,16.7916666666667,80.0
"F1 2013",15,12,569.6,47.4666666666667,80.0
"Frozen Hearth",15,8,13.4,1.675,53.33
"GRID 2 GTR Racing Pack",15,0,0,0,0.0
"Gang Beasts",15,9,118.5,13.1666666666667,60.0
"Geometry Dash",15,12,262.8,21.9,80.0
"HOMEFRONT Demo",15,0,0,0,0.0
"Hacker Evolution Duality",15,3,3.3,1.1,20.0
"Hero Academy",15,5,198.8,39.76,33.33
"Hostile Waters Antaeus Rising",15,3,8.3,2.76666666666667,20.0
"Ionball 2  Ionstorm",15,5,15.4,3.08,33.33
"Just Cause 3",15,15,229.5,15.3,100.0
"King's Bounty Crossworlds",15,4,247.1,61.775,26.67
"Kingdom Rush",15,9,587.7,65.3,60.0
"Legend of Grimrock 2",15,7,43.8,6.25714285714286,46.67
"Litil Divil",15,0,0,0,0.0
"Lugaru HD ",15,4,7.8,1.95,26.67
"Oddworld Stranger's Wrath HD",15,9,17.3,1.92222222222222,60.0
"Offspring Fling!",15,3,7.8,2.6,20.0
"Orbital Gear",15,4,4.9,1.225,26.67
"Prince of Persia Warrior Within",15,3,25.1,8.36666666666667,20.0
"Quake Mission Pack 1 Scourge of Armagon",15,1,0.2,0.2,6.67
"Quake Mission Pack 2 Dissolution of Eternity",15,1,0.1,0.1,6.67
"Rayman Legends",15,14,295.2,21.0857142857143,93.33
"Saints Row IV Inauguration Station",15,7,7.1,1.01428571428571,46.67
"Sakura Spirit",15,11,32.7,2.97272727272727,73.33
"Sang-Froid - Tales of Werewolves",15,10,41.7,4.17,66.67
"Shovel Knight",15,14,166.7,11.9071428571429,93.33
"Sins of a Solar Empire Rebellion Forbidden Worlds",15,0,0,0,0.0
"Smashmuck Champions",15,7,12.5,1.78571428571429,46.67
"Star Ruler",15,3,155.2,51.7333333333333,20.0
Symphony,15,4,7.8,1.95,26.67
"The 39 Steps",15,1,3.3,3.3,6.67
"The Baconing",15,6,30.4,5.06666666666667,40.0
"The Cave",15,14,126.7,9.05,93.33
"The Legend of Korra",15,12,64.6,5.38333333333333,80.0
"The Retro Expansion",15,0,0,0,0.0
"The Settlers Online",15,5,4.0,0.8,33.33
Windosill,15,6,5.9,0.983333333333333,40.0
"World of Battles",15,0,0,0,0.0
404Sight,14,7,3.7,0.528571428571429,50.0
"Bionic Dues",14,6,10.8,1.8,42.86
"Blade Symphony",14,12,133.4,11.1166666666667,85.71
"Bridge Constructor",14,6,21.1,3.51666666666667,42.86
"Call of Juarez Bound in Blood",14,6,33.6,5.6,42.86
"Camera Obscura",14,4,20.1,5.025,28.57
"Carrier Command Gaea Mission",14,6,13.4,2.23333333333333,42.86
CastleStorm,14,13,76.9,5.91538461538462,92.86
"Cities in Motion",14,11,259.6,23.6,78.57
"Clown House (Palyao Evi)",14,7,1.5,0.214285714285714,50.0
"Cobi Treasure Deluxe",14,2,2.1,1.05,14.29
"Command and Conquer 3 Kane's Wrath",14,12,137.8,11.4833333333333,85.71
"Cortex Command",14,6,4.9,0.816666666666667,42.86
"D.I.P.R.I.P. Warm Up",14,14,50.8,3.62857142857143,100.0
"Dead Rising 2 Off the Record",14,4,51.6,12.9,28.57
"Divinity Dragon Commander Beta",14,1,3.7,3.7,7.14
"Dream Of Mirror Online",14,3,3.6,1.2,21.43
"Earth 2160",14,10,58.4,5.84,71.43
"FINAL FANTASY XIII-2",14,10,122.0,12.2,71.43
FlatOut,14,8,8.7,1.0875,57.14
"Genesis Online",14,13,6.7,0.515384615384615,92.86
"Geometry Wars Retro Evolved",14,10,21.5,2.15,71.43
Gnomoria,14,11,283.3,25.7545454545455,78.57
Gothic,14,3,2.0,0.666666666666667,21.43
"Grim Dawn",14,13,220.0,16.9230769230769,92.86
"Grow Home",14,12,93.5,7.79166666666667,85.71
"Gun Metal",14,2,8.9,4.45,14.29
Gunscape,14,7,3.8,0.542857142857143,50.0
"I am Bread",14,11,52.0,4.72727272727273,78.57
"IL-2 Sturmovik Cliffs of Dover",14,13,271.8,20.9076923076923,92.86
"KickBeat Steam Edition",14,6,53.9,8.98333333333333,42.86
"LEGO Harry Potter Years 5-7",14,4,94.0,23.5,28.57
"Legacy of Kain Soul Reaver",14,3,1.9,0.633333333333333,21.43
"Legacy of Kain Soul Reaver 2",14,1,0.2,0.2,7.14
"Let the Cat In",14,5,1.2,0.24,35.71
"Lethal League",14,12,26.8,2.23333333333333,85.71
"NBA 2K9",14,7,228.6,32.6571428571429,50.0
"Need for Speed SHIFT",14,10,50.7,5.07,71.43
"Neverwinter Nights 2 Platinum",14,12,518.4,43.2,85.71
"Of Orcs And Men",14,6,43.4,7.23333333333333,42.86
"One Way Heroics",14,5,17.7,3.54,35.71
Outland,14,8,21.6,2.7,57.14
"Painkiller Redemption",14,4,2.7,0.675,28.57
"Penguins Arena Sedna's World",14,4,20.9,5.225,28.57
"Pixel Puzzles Japan",14,8,39.3,4.9125,57.14
"Quake II",14,4,10.0,2.5,28.57
"Quake II Ground Zero",14,0,0,0,0.0
"Quake II The Reckoning",14,0,0,0,0.0
"RACE On",14,0,0,0,0.0
"Resident Evil / biohazard HD REMASTER",14,11,89.0,8.09090909090909,78.57
"Rush Bros",14,8,9.4,1.175,57.14
"STCC II",14,0,0,0,0.0
"STCC The Game",14,0,0,0,0.0
"Section 8 Prejudice",14,12,56.4,4.7,85.71
Serena,14,6,6.0,1.0,42.86
"Sid Meier's Civilization Beyond Earth - Rising Tide",14,0,0,0,0.0
"Sins of a Solar Empire Rebellion - Stellar Phenomena DLC",14,0,0,0,0.0
"Sins of a Solar Empire Trinity",14,13,206.8,15.9076923076923,92.86
Smashball,14,14,22.9,1.63571428571429,100.0
Snapshot,14,1,0.4,0.4,7.14
"Solstice Arena",14,5,9.5,1.9,35.71
"Sonic Adventure 2 ",14,12,70.3,5.85833333333333,85.71
"SpellForce Platinum Edition",14,3,33.9,11.3,21.43
Spirits,14,5,15.7,3.14,35.71
"Starpoint Gemini 2",14,13,97.1,7.46923076923077,92.86
"Strike Suit Infinity",14,8,33.1,4.1375,57.14
Subnautica,14,13,128.9,9.91538461538462,92.86
"Super Sanctum TD",14,4,19.1,4.775,28.57
"The Dig",14,5,15.2,3.04,35.71
"The Tiny Bang Story",14,6,74.8,12.4666666666667,42.86
"The WTCC 2010 Pack",14,0,0,0,0.0
"Town of Salem",14,12,173.0,14.4166666666667,85.71
"TrackMania Stadium",14,12,285.9,23.825,85.71
"Transformers War for Cybertron",14,12,108.4,9.03333333333333,85.71
"Uncharted Waters Online Gran Atlas",14,4,253.8,63.45,28.57
"Uriel's Chasm",14,7,15.7,2.24285714285714,50.0
"Vertical Drop Heroes HD",14,3,7.4,2.46666666666667,21.43
"X2 The Threat",14,6,169.0,28.1666666666667,42.86
Xenonauts,14,12,175.4,14.6166666666667,85.71
140,13,5,6.3,1.26,38.46
AirBuccaneers,13,5,3.9,0.78,38.46
"Anno 1404",13,9,128.0,14.2222222222222,69.23
Battlepaths,13,10,53.2,5.32,76.92
"Blood of Old",13,4,15.1,3.775,30.77
"Bloody Trapland",13,13,18.3,1.40769230769231,100.0
"Call of Duty 2",13,8,41.5,5.1875,61.54
"Cannons Lasers Rockets",13,3,1.9,0.633333333333333,23.08
"Car Mechanic Simulator 2015",13,13,110.6,8.50769230769231,100.0
"Car Mechanic Simulator 2015 - Youngtimer",13,0,0,0,0.0
"Commander Keen Complete Pack",13,4,6.9,1.725,30.77
"Crusader Kings II Military Orders Unit Pack",13,0,0,0,0.0
"Curse of Mermos",13,4,2.6,0.65,30.77
DETOUR,13,5,7.2,1.44,38.46
"DUNGEONS - Steam Special Edition",13,9,93.2,10.3555555555556,69.23
"Disciples III Renaissance",13,6,554.1,92.35,46.15
"Dragomon Hunter",13,11,17.4,1.58181818181818,84.62
"Dragon's Prophet",13,6,54.4,9.06666666666667,46.15
"ENSLAVED Odyssey to the West Premium Edition",13,6,17.6,2.93333333333333,46.15
"EasyAntiCheat eSports",13,8,70.5,8.8125,61.54
Epigenesis,13,5,8.0,1.6,38.46
FaceRig,13,13,25.1,1.93076923076923,100.0
Famaze,13,2,0.7,0.35,15.38
"Galcon Fusion",13,4,7.8,1.95,30.77
GameGuru,13,4,21.5,5.375,30.77
"Guild Wars",13,8,1183.4,147.925,61.54
"Heroes of Scene",13,5,31.6,6.32,38.46
"Hotline Miami 2 Wrong Number Digital Comic",13,0,0,0,0.0
"Humanity Asset",13,2,6.2,3.1,15.38
"I Have No Mouth, and I Must Scream",13,4,3.2,0.8,30.77
Krater,13,12,73.2,6.1,92.31
"Lead and Gold - Gangs of the Wild West",13,12,43.9,3.65833333333333,92.31
"Legacy of Kain Defiance",13,0,0,0,0.0
"Lego Star Wars Saga",13,7,35.1,5.01428571428571,53.85
"Lichdom Battlemage",13,11,48.2,4.38181818181818,84.62
"Life is Feudal Your Own",13,13,368.6,28.3538461538462,100.0
"Magic The Gathering - Duels of the Planeswalkers",13,12,255.6,21.3,92.31
"Medal of Honor Airborne",13,10,263.3,26.33,76.92
"Midnight Club II",13,3,21.4,7.13333333333333,23.08
"Might & Magic Heroes Online",13,7,6.0,0.857142857142857,53.85
Minimum,13,11,66.7,6.06363636363636,84.62
Morphopolis,13,4,9.3,2.325,30.77
"NBA 2K16",13,12,993.3,82.775,92.31
"Painkiller Black Edition",13,3,16.7,5.56666666666667,23.08
"Planetary Annihilation TITANS",13,11,106.1,9.64545454545454,84.62
"Pool Nation FX",13,3,2.2,0.733333333333333,23.08
"Port Royale 3",13,11,179.4,16.3090909090909,84.62
"Portal 2 - The Final Hours",13,8,8.3,1.0375,61.54
"RPG Maker Royal Tiles Resource Pack",13,0,0,0,0.0
"Retro City Rampage DX",13,9,15.1,1.67777777777778,69.23
"Rise of the Triad",13,10,21.0,2.1,76.92
"Robot Roller-Derby Disco Dodgeball",13,10,42.7,4.27,76.92
Robotex,13,4,20.6,5.15,30.77
Rocksmith,13,9,114.2,12.6888888888889,69.23
"Rustbucket Rumble",13,7,2.8,0.4,53.85
SOMA,13,13,140.5,10.8076923076923,100.0
"Savant - Ascent",13,5,1.7,0.34,38.46
"Shift 2 Unleashed",13,9,127.1,14.1222222222222,69.23
SiN,13,2,0.8,0.4,15.38
"SiN Episodes Emergence",13,4,7.1,1.775,30.77
"SiN Multiplayer",13,0,0,0,0.0
"Sid Meier's Starships",13,9,110.7,12.3,69.23
"Sparkle 2 Evo",13,9,14.5,1.61111111111111,69.23
"Spartans Vs Zombies Defense",13,3,1.7,0.566666666666667,23.08
StarDrive,13,10,180.0,18.0,76.92
"Steel & Steam Episode 1",13,0,0,0,0.0
"Strike Vector",13,10,12.4,1.24,76.92
"The Longest Journey",13,7,24.9,3.55714285714286,53.85
"The Misadventures of P.B. Winterbottom",13,7,6.5,0.928571428571429,53.85
"The Typing of The Dead Overkill",13,7,18.2,2.6,53.85
"The Whispered World Special Edition",13,1,2.1,2.1,7.69
"Ticket to Ride - Europe",13,0,0,0,0.0
"TowerFall Ascension",13,7,73.9,10.5571428571429,53.85
TypeRider,13,4,10.5,2.625,30.77
"Ultimate Tic-Tac-Toe",13,10,22.4,2.24,76.92
"Viscera Cleanup Detail",13,11,62.8,5.70909090909091,84.62
"Wanderlust Rebirth",13,9,33.8,3.75555555555556,69.23
"Warmachine Tactics",13,9,83.7,9.3,69.23
"Why So Evil",13,5,61.5,12.3,38.46
"Wild Warfare",13,9,25.7,2.85555555555556,69.23
"You Need A Budget 4 (YNAB)",13,11,154.7,14.0636363636364,84.62
"the static speaks my name",13,8,2.0,0.25,61.54
"12 Labours of Hercules II The Cretan Bull",12,8,34.3,4.2875,66.67
A.R.E.S.,12,9,26.0,2.88888888888889,75.0
"Agarest Generations of War",12,8,125.5,15.6875,66.67
"Age of Conan Unchained - EU version",12,7,143.7,20.5285714285714,58.33
"Angry Video Game Nerd Adventures",12,10,19.7,1.97,83.33
"Battle Battalions",12,4,1.1,0.275,33.33
"Blackguards 2",12,3,83.5,27.8333333333333,25.0
Blockland,12,7,29.4,4.2,58.33
"Blood Omen 2 Legacy of Kain",12,2,2.9,1.45,16.67
"BloodRealm Battlegrounds",12,3,4.9,1.63333333333333,25.0
"Bound By Flame",12,7,85.7,12.2428571428571,58.33
CaesarIA,12,3,1.8,0.6,25.0
Chains,12,6,15.5,2.58333333333333,50.0
Chip,12,7,15.0,2.14285714285714,58.33
"Cities XL 2012",12,11,472.0,42.9090909090909,91.67
"Colin McRae Rally",12,2,6.6,3.3,16.67
Cubemen,12,8,19.5,2.4375,66.67
"Cult of the Wind",12,0,0,0,0.0
Damned,12,10,24.9,2.49,83.33
"Depression Quest",12,4,6.2,1.55,33.33
"Desert Thunder",12,0,0,0,0.0
"Dev Guy",12,2,1.5,0.75,16.67
"Dismal Swamp DLC",12,0,0,0,0.0
"Don't Starve Shipwrecked",12,0,0,0,0.0
"Dr. Langeskov, The Tiger, and The Terribly Cursed Emerald A Whirlwind Heist",12,5,1.6,0.32,41.67
"Estranged Act I",12,12,36.5,3.04166666666667,100.0
"Europa Universalis IV Conquistadors Unit pack ",12,0,0,0,0.0
"Faerie Solitaire",12,5,39.9,7.98,41.67
"Five Nights at Freddy's 3",12,8,16.4,2.05,66.67
"Front Mission Evolved",12,7,57.3,8.18571428571429,58.33
"Grey Goo",12,12,129.6,10.8,100.0
"HeXen II",12,3,4.0,1.33333333333333,25.0
"Heroes of SoulCraft",12,3,3.4,1.13333333333333,25.0
"IL-2 Sturmovik 1946",12,9,36.8,4.08888888888889,75.0
"Interstellar Marines",12,10,37.0,3.7,83.33
"Jack Lumber",12,3,17.8,5.93333333333333,25.0
"Jagged Alliance - Back in Action",12,5,127.2,25.44,41.67
"Killer is Dead",12,10,24.2,2.42,83.33
"King Arthur Collection",12,7,21.2,3.02857142857143,58.33
"Limited Edition",12,0,0,0,0.0
"Madballs in...Babo Invasion",12,10,16.8,1.68,83.33
"Marine Sharpshooter II Jungle Warfare",12,0,0,0,0.0
"Metal Reaper Online",12,7,19.5,2.78571428571429,58.33
"Might & Magic Clash of Heroes",12,7,148.8,21.2571428571429,58.33
"Mortal Kombat Legacy - Ep. 9 Cyrax & Sektor",12,0,0,0,0.0
"Nether Arena",12,0,0,0,0.0
"Nikopol Secrets of the Immortals",12,1,0.6,0.6,8.33
Nux,12,2,8.2,4.1,16.67
"Oddworld Munch's Oddysee",12,2,1.5,0.75,16.67
OlliOlli,12,2,11.4,5.7,16.67
"Painkiller Overdose",12,4,1.5,0.375,33.33
"Planet Explorers",12,12,188.4,15.7,100.0
"Platypus II",12,3,14.2,4.73333333333333,25.0
"Poly Bridge",12,12,64.6,5.38333333333333,100.0
Pressured,12,3,6.9,2.3,25.0
"Pro Evolution Soccer 2015",12,12,2500.5,208.375,100.0
"Professional Farmer 2014",12,9,41.9,4.65555555555556,75.0
"RACE Caterham Expansion",12,1,0.3,0.3,8.33
"RPG Maker Tyler Warren First 50 Battler Pack",12,0,0,0,0.0
"Rayman Origins",12,10,120.6,12.06,83.33
"RollerCoaster Tycoon 2 Triple Thrill Pack",12,8,78.9,9.8625,66.67
"Sacred Gold",12,6,11.6,1.93333333333333,50.0
Saviors,12,1,3.4,3.4,8.33
Singularity,12,8,81.1,10.1375,66.67
"Sinister City",12,6,19.9,3.31666666666667,50.0
"Speedball 2 HD",12,6,24.4,4.06666666666667,50.0
Splice,12,3,2.5,0.833333333333333,25.0
Startopia,12,2,9.5,4.75,16.67
"Sunless Sea",12,11,83.3,7.57272727272727,91.67
"Sweet Lily Dreams",12,1,21.0,21.0,8.33
"Swords and Soldiers HD",12,6,16.4,2.73333333333333,50.0
TRAUMA,12,4,2.4,0.6,33.33
"Tales from Space Mutant Blobs Attack",12,3,4.3,1.43333333333333,25.0
"The Cat Lady",12,4,9.8,2.45,33.33
"The Fish Fillets 2",12,1,0.1,0.1,8.33
"The Guild Gold Edition",12,3,7.0,2.33333333333333,25.0
"The Polynomial",12,8,6.9,0.8625,66.67
Tidalis,12,4,5.8,1.45,33.33
"Tom Clancy's Ghost Recon Future Soldier",12,11,206.9,18.8090909090909,91.67
"Toy Soldiers",12,7,113.3,16.1857142857143,58.33
"Urban Trial Freestyle",12,7,11.5,1.64285714285714,58.33
"Velvet Assassin",12,4,7.0,1.75,33.33
"War for the Overworld",12,11,111.7,10.1545454545455,91.67
"A Story About My Uncle",11,4,13.6,3.4,36.36
"Analogue A Hate Story",11,7,22.7,3.24285714285714,63.64
Anodyne,11,3,9.2,3.06666666666667,27.27
Anoxemia,11,4,24.6,6.15,36.36
"Apotheon Arena",11,7,6.3,0.9,63.64
"Avadon The Black Fortress",11,3,1.0,0.333333333333333,27.27
"Aveyond 3-2 Gates of Night",11,2,0.6,0.3,18.18
"Black Mesa",11,8,137.3,17.1625,72.73
Blockstorm,11,7,10.1,1.44285714285714,63.64
"Castle Story",11,10,109.4,10.94,90.91
"Codename Gordon",11,11,4.3,0.390909090909091,100.0
"Crow - Hunter (Trapper Class)",11,0,0,0,0.0
"Crusader Kings II Hymns of Abraham",11,0,0,0,0.0
"Crusaders of the Lost Idols",11,7,618.9,88.4142857142857,63.64
"Crystals of Time",11,2,3.7,1.85,18.18
"Deadly Premonition The Director's Cut",11,4,11.6,2.9,36.36
"Devil May Cry 3 Special Edition",11,8,29.7,3.7125,72.73
"Draw a Stickman EPIC",11,6,5.2,0.866666666666667,54.55
"Dungeon Defenders Eternity",11,9,95.7,10.6333333333333,81.82
"Earth 2150 Trilogy",11,2,3.9,1.95,18.18
Escape,11,2,0.6,0.3,18.18
"Esenthel Engine",11,2,0.4,0.2,18.18
"Europa Universalis IV American Dream DLC",11,0,0,0,0.0
"FlatOut Ultimate Carnage",11,6,72.7,12.1166666666667,54.55
GRAV,11,10,142.1,14.21,90.91
"Game Character Hub",11,2,0.6,0.3,18.18
"Gems of War",11,7,293.3,41.9,63.64
"Ghost Master",11,7,37.3,5.32857142857143,63.64
"Glacier 3 The Meltdown",11,0,0,0,0.0
"Golden Rush",11,7,4.7,0.671428571428571,63.64
Greyfox,11,4,26.8,6.7,36.36
"Heroes of Might & Magic V Tribes of the East",11,5,418.9,83.78,45.45
"Indiana Jones and the Fate of Atlantis",11,6,15.9,2.65,54.55
"Indiana Jones and the Last Crusade",11,6,9.5,1.58333333333333,54.55
"Keep Talking and Nobody Explodes",11,9,36.6,4.06666666666667,81.82
"Kings Bounty Legions",11,6,64.6,10.7666666666667,54.55
"Kung Fu Strike The Warrior's Rise",11,5,4.7,0.94,45.45
"LEGO Batman The Videogame",11,6,74.6,12.4333333333333,54.55
Loom,11,5,8.4,1.68,45.45
"Lost Planet 2",11,8,31.3,3.9125,72.73
Mafia,11,4,34.6,8.65,36.36
"Men of War Vietnam",11,5,39.0,7.8,45.45
"Missing Translation",11,5,6.5,1.3,45.45
"Mortal Kombat Legacy - Ep. 3 Johnny Cage",11,0,0,0,0.0
"Mortal Kombat Legacy - Ep. 6 Raiden",11,0,0,0,0.0
"Never Alone (Kisima Ingitchuna)",11,6,64.9,10.8166666666667,54.55
"Nuclear Throne",11,11,65.2,5.92727272727273,100.0
Orborun,11,2,0.4,0.2,18.18
"Patrician IV Steam Special Edition",11,7,112.6,16.0857142857143,63.64
"Peggle Extreme",11,5,15.6,3.12,45.45
"Peggle Nights",11,7,33.9,4.84285714285714,63.64
"Penny Arcade's On the Rain-Slick Precipice of Darkness 4",11,2,43.8,21.9,18.18
"PixelJunk Shooter",11,5,15.9,3.18,45.45
Pressure,11,1,3.0,3.0,9.09
QuestRun,11,5,37.4,7.48,45.45
"Railroad Tycoon 2 Platinum",11,4,74.5,18.625,36.36
"Railroad Tycoon 3",11,5,17.6,3.52,45.45
"Ravensword Shadowlands",11,1,0.8,0.8,9.09
"Red Faction Armageddon Soundtrack",11,0,0,0,0.0
"STORM Frontline Nation",11,5,747.4,149.48,45.45
"Shadowrun Hong Kong",11,6,91.1,15.1833333333333,54.55
"Shower With Your Dad Simulator 2015 Do You Still Shower With Your Dad",11,2,1.7,0.85,18.18
"Space Run",11,8,36.6,4.575,72.73
"SpellForce 2 - Demons of the Past",11,1,2.2,2.2,9.09
"Terra Incognita ~ Chapter One The Descendant",11,2,64.4,32.2,18.18
"The Book of Unwritten Tales Extras",11,0,0,0,0.0
"The Legend of Heroes Trails in the Sky",11,10,131.4,13.14,90.91
"Total War Battles SHOGUN",11,2,7.2,3.6,18.18
"Trine 3 The Artifacts of Power",11,6,45.9,7.65,54.55
"Two Worlds II Castle Defense",11,3,6.0,2.0,27.27
"Valdis Story Abyssal City",11,7,142.0,20.2857142857143,63.64
Warside,11,6,6.8,1.13333333333333,54.55
"Wings of Prey",11,11,428.1,38.9181818181818,100.0
"Wolfenstein 3D",11,3,0.8,0.266666666666667,27.27
"Zeno Clash 2",11,2,9.6,4.8,18.18
"Zombie Driver",11,8,13.1,1.6375,72.73
"how do you Do It?",11,3,0.8,0.266666666666667,27.27
"100% Orange Juice",10,9,78.3,8.7,90.0
"12 Labours of Hercules",10,7,34.7,4.95714285714286,70.0
"A Valley Without Wind",10,6,6.7,1.11666666666667,60.0
"A Valley Without Wind 2",10,2,0.6,0.3,20.0
AquaNox,10,2,0.9,0.45,20.0
"AquaNox 2 Revelation",10,0,0,0,0.0
"Assassin's Creed Freedom Cry",10,3,8.9,2.96666666666667,30.0
"Beyond Good & Evil",10,3,14.2,4.73333333333333,30.0
"Bus Driver",10,6,1.3,0.216666666666667,60.0
"Call of Duty",10,3,8.9,2.96666666666667,30.0
"Castlevania Lords of Shadow 2",10,7,126.4,18.0571428571429,70.0
"Construction Simulator 2015 Vertical Skyline",10,0,0,0,0.0
"Contraption Maker",10,2,13.2,6.6,20.0
"Cossacks II Napoleonic Wars",10,5,9.0,1.8,50.0
"Crusader Kings II Warriors of Faith Unit Pack",10,0,0,0,0.0
"DUNGEONS - The Dark Lord (Steam Special Edition)",10,5,27.1,5.42,50.0
"Darkwind War on Wheels",10,5,0.7,0.14,50.0
"Dead Realm",10,9,46.2,5.13333333333333,90.0
"Democracy 3 Extremism",10,0,0,0,0.0
"Democracy 3 Extremism Linux",10,0,0,0,0.0
"Democracy 3 Extremism Mac",10,0,0,0,0.0
"Disciples II Gallean's Return",10,5,47.8,9.56,50.0
"Dogs of War Online - Beta",10,2,4.0,2.0,20.0
"Eador. Masters of the Broken World",10,6,215.2,35.8666666666667,60.0
"Edge of Space",10,6,15.4,2.56666666666667,60.0
"Epic Arena",10,4,5.8,1.45,40.0
"Eternal Fate",10,4,7.3,1.825,40.0
"Eternal Silence",10,10,8.3,0.83,100.0
"Eurofighter Typhoon",10,1,0.3,0.3,10.0
"Europa Universalis IV National Monuments II",10,0,0,0,0.0
"Europa Universalis IVNative Americans Unit Pack",10,0,0,0,0.0
"Evolution RTS",10,3,1.3,0.433333333333333,30.0
"FINAL FANTASY III",10,6,98.1,16.35,60.0
"Frankenstein Master of Death",10,5,20.1,4.02,50.0
"Freedom Force",10,6,9.0,1.5,60.0
"Freedom Force vs. the 3rd Reich",10,1,32.0,32.0,10.0
"Gas Guzzlers Extreme",10,6,80.6,13.4333333333333,60.0
Gravilon,10,6,15.5,2.58333333333333,60.0
"Grey Goo - Emergence Campaign",10,0,0,0,0.0
"Grotesque Tactics Evil Heroes",10,5,65.5,13.1,50.0
"HeXen Beyond Heretic",10,1,0.1,0.1,10.0
"HeXen Deathkings of the Dark Citadel",10,0,0,0,0.0
"Hearts of Iron III German II Sprite Pack",10,0,0,0,0.0
"Heretic Shadow of the Serpent Riders",10,3,3.2,1.06666666666667,30.0
"Hyperdimension Neptunia Re;Birth1",10,9,28.6,3.17777777777778,90.0
"I Am Alive",10,9,282.2,31.3555555555556,90.0
"Imperium Romanum Gold Edition",10,4,24.9,6.225,40.0
"Iron Brigade",10,6,20.5,3.41666666666667,60.0
"Jagged Alliance Online Raven Pack",10,0,0,0,0.0
"Jet Gunner",10,5,9.0,1.8,50.0
"Jigoku Kisetsukan Sense of the Seasons",10,6,24.4,4.06666666666667,60.0
LISA,10,6,68.3,11.3833333333333,60.0
LYNE,10,9,83.2,9.24444444444445,90.0
La-Mulana,10,5,16.4,3.28,50.0
"Larva Mortus",10,2,0.7,0.35,20.0
"Lilly and Sasha Curse of the Immortals",10,2,9.9,4.95,20.0
"Lunar Flight",10,6,15.5,2.58333333333333,60.0
"Metal Gear Solid Legacy",10,5,2.5,0.5,50.0
"Mortal Kombat Legacy - Ep. 4 Kitana & Mileena (Part 1)",10,0,0,0,0.0
"Mortal Kombat Legacy - Ep. 5 Kitana & Mileena (Part 2)",10,0,0,0,0.0
"Mortal Kombat Legacy - Ep. 7 Scorpion and Sub-Zero (Part 1)",10,0,0,0,0.0
"Mortal Kombat Legacy - Ep. 8 Scorpion and Sub-Zero (Part 2)",10,0,0,0,0.0
"Planetary Annihilation - Digital Deluxe Bundle",10,0,0,0,0.0
"Planetary Annihilation - Original Soundtrack",10,0,0,0,0.0
"Prime World Defenders",10,5,30.0,6.0,50.0
ProtoGalaxy,10,2,0.6,0.3,20.0
Quintet,10,4,2.1,0.525,40.0
"RPG MO",10,8,22.9,2.8625,80.0
"RPG Maker Futuristic Tiles Resource Pack",10,0,0,0,0.0
"RPG Maker XP",10,2,29.4,14.7,20.0
"Ravaged Zombie Apocalypse",10,6,7.6,1.26666666666667,60.0
"Rebel Galaxy",10,10,109.8,10.98,100.0
"Risen 3 - Titan Lords",10,4,54.5,13.625,40.0
"SHOGUN Total War - Gold Edition",10,0,0,0,0.0
"SUPER DISTRO",10,3,16.2,5.4,30.0
"Septerra Core",10,1,1.6,1.6,10.0
Shelter,10,5,11.7,2.34,50.0
"Ship Simulator Extremes",10,3,46.3,15.4333333333333,30.0
"Shoot Many Robots",10,9,59.8,6.64444444444444,90.0
"Simply Chess",10,3,2.6,0.866666666666667,30.0
"Skulls of the Shogun",10,4,37.5,9.375,40.0
"Slim - Hunter (Medic Class)",10,0,0,0,0.0
"Sonic CD",10,7,12.8,1.82857142857143,70.0
"Speedball 2 Tournament",10,6,14.6,2.43333333333333,60.0
StarMade,10,5,91.5,18.3,50.0
"Sunny - Hunter (Support Class)",10,0,0,0,0.0
"TDP5 Arena 3D",10,4,1.0,0.25,40.0
"Tales Runner",10,3,0.6,0.2,30.0
"Tales of Monkey Island Chapter 1 - Launch of the Screaming Narwhal",10,5,21.1,4.22,50.0
"Tales of Monkey Island Chapter 2 - The Siege of Spinner Cay ",10,3,11.7,3.9,30.0
"Tales of Monkey Island Chapter 3 - Lair of the Leviathan ",10,2,12.2,6.1,20.0
"Tales of Monkey Island Chapter 4 - The Trial and Execution of Guybrush Threepwood ",10,3,14.2,4.73333333333333,30.0
"Tales of Monkey Island Chapter 5 - Rise of the Pirate God",10,3,10.7,3.56666666666667,30.0
"The Chronicles of Riddick Assault on Dark Athena",10,7,61.3,8.75714285714286,70.0
"The Journey Down Chapter One",10,5,17.4,3.48,50.0
"The Novelist",10,4,5.9,1.475,40.0
"The Old Tree",10,4,1.0,0.25,40.0
"The Void",10,4,3.3,0.825,40.0
"Torvald - Hunter (Assault Class)",10,0,0,0,0.0
"Tower of Guns",10,4,4.0,1.0,40.0
"Trials Fusion",10,7,137.3,19.6142857142857,70.0
"Universe at War Earth Assault",10,9,88.9,9.87777777777778,90.0
"Victim of Xen",10,8,26.0,3.25,80.0
"Wind of Luck Arena",10,5,33.2,6.64,50.0
"Wolfenstein The New Order German Edition",10,10,254.5,25.45,100.0
"World in Conflict",10,2,1.1,0.55,20.0
"World in Conflict Soviet Assault",10,9,49.8,5.53333333333333,90.0
"X Beyond the Frontier",10,4,3.7,0.925,40.0
"Ys Origin",10,7,54.9,7.84285714285714,70.0
"A Bird Story",9,7,11.6,1.65714285714286,77.78
"Anomaly Korea",9,1,0.9,0.9,11.11
"Arx Fatalis",9,5,62.3,12.46,55.56
"Ballpoint Universe Infinite",9,3,3.1,1.03333333333333,33.33
"Black Fire",9,2,2.9,1.45,22.22
"Broken Sword 3 - the Sleeping Dragon",9,1,0.4,0.4,11.11
"Broken Sword 5 - the Serpent's Curse",9,6,85.8,14.3,66.67
"CSGO Player Profiles",9,0,0,0,0.0
"CSGO Player Profiles - Device",9,0,0,0,0.0
"CSGO Player Profiles - Edward",9,0,0,0,0.0
"CSGO Player Profiles - Fallen",9,0,0,0,0.0
"CSGO Player Profiles - Get_Right",9,0,0,0,0.0
"CSGO Player Profiles - KennyS",9,0,0,0,0.0
"CSGO Player Profiles - Markeloff",9,0,0,0,0.0
"CSGO Player Profiles - N0thing",9,0,0,0,0.0
"CSGO Player Profiles - Olofmeister",9,0,0,0,0.0
"CSGO Player Profiles - Taz",9,0,0,0,0.0
"Call of Cthulhu Dark Corners of the Earth",9,4,48.8,12.2,44.44
"Counter-Strike Nexon Zombies - Starter Pack",9,0,0,0,0.0
"Dawn of Discovery",9,2,18.2,9.1,22.22
"Dead Pixels",9,7,3.9,0.557142857142857,77.78
DeadCore,9,2,5.5,2.75,22.22
"Defender's Quest Valley of the Forgotten",9,4,24.5,6.125,44.44
"Defense Grid 2 A Matter of Endurance",9,2,4.6,2.3,22.22
"Democracy 3 Social Engineering",9,0,0,0,0.0
"Democracy 3 Social Engineering Linux",9,0,0,0,0.0
"Democracy 3 Social Engineering Mac",9,0,0,0,0.0
"Disciples III Resurrection",9,2,10.4,5.2,22.22
"Double Dragon Neon",9,7,20.1,2.87142857142857,77.78
Eldritch,9,4,22.1,5.525,44.44
"Europa Universalis III Divine Wind",9,0,0,0,0.0
FUEL,9,5,15.6,3.12,55.56
"Fairy Bloom Freesia",9,6,45.2,7.53333333333333,66.67
"Fight The Dragon",9,5,65.9,13.18,55.56
"Fractal Make Blooms Not War",9,1,0.5,0.5,11.11
"Galactic Civilizations I Ultimate Edition",9,3,58.1,19.3666666666667,33.33
"Giana Sisters Twisted Dreams - Rise of the Owlverlord",9,1,0.7,0.7,11.11
"Gladiators Online Death Before Dishonor",9,5,0.8,0.16,55.56
"Grand Ages Rome",9,3,32.6,10.8666666666667,33.33
"Guild Wars Trilogy",9,1,9.9,9.9,11.11
"Hack 'n' Slash",9,4,13.6,3.4,44.44
"Heroine's Quest The Herald of Ragnarok",9,0,0,0,0.0
Hurtworld,9,9,319.8,35.5333333333333,100.0
"Incoming Forces",9,1,7.8,7.8,11.11
Incredipede,9,2,3.1,1.55,22.22
"Infested Planet",9,6,51.8,8.63333333333333,66.67
"Invisible, Inc.",9,9,84.4,9.37777777777778,100.0
"Jurassic Park The Game",9,4,4.6,1.15,44.44
"Kentucky Route Zero",9,7,13.7,1.95714285714286,77.78
"King's Bounty Warriors of the North",9,7,1072.8,153.257142857143,77.78
"LEGO Batman 2",9,4,56.9,14.225,44.44
"Legend of Dungeon",9,6,3.1,0.516666666666667,66.67
Miasmata,9,7,11.8,1.68571428571429,77.78
"NEKOPARA Vol. 1",9,9,44.2,4.91111111111111,100.0
Nihilumbra,9,4,7.9,1.975,44.44
"No Time To Explain Remastered",9,3,17.3,5.76666666666667,33.33
Obulis,9,4,11.2,2.8,44.44
"PARTICLE MACE",9,4,3.9,0.975,44.44
"Puzzle Quest",9,7,258.0,36.8571428571429,77.78
"Quake 4",9,4,6.0,1.5,44.44
Requiem,9,4,4.9,1.225,44.44
"Sam & Max 101 Culture Shock",9,5,15.0,3.0,55.56
"Sam & Max 102 Situation Comedy",9,5,8.3,1.66,55.56
"Sam & Max 103 The Mole, the Mob and the Meatball",9,2,3.5,1.75,22.22
"Sam & Max 105 Reality 2.0",9,2,5.5,2.75,22.22
"Sam & Max 106 Bright Side of the Moon",9,2,9.4,4.7,22.22
Screencheat,9,5,18.9,3.78,55.56
"Scribblenauts Unmasked",9,8,43.5,5.4375,88.89
ShareX,9,0,0,0,0.0
"Snuggle Truck",9,5,2.7,0.54,55.56
"Space Trader Merchant Marine",9,3,5.6,1.86666666666667,33.33
"SpellForce 2 - Demons of the Past - Soundtrack",9,0,0,0,0.0
"Street Fighter IV",9,9,76.9,8.54444444444444,100.0
"Street Racing Syndicate",9,3,3.5,1.16666666666667,33.33
"Survival Postapocalypse Now",9,9,82.5,9.16666666666667,100.0
Survivalist,9,4,52.8,13.2,44.44
"Syder Arcade",9,2,4.3,2.15,22.22
"The Dark Eye Chains of Satinav",9,3,19.8,6.6,33.33
"The Lost Crown",9,2,7.1,3.55,22.22
"The Settlers 7 Paths to a Kingdom - Gold Edition",9,8,116.8,14.6,88.89
"The Stomping Land",9,9,63.8,7.08888888888889,100.0
"This War of Mine - War Child Charity DLC",9,0,0,0,0.0
"Thunder Wolves",9,1,1.6,1.6,11.11
"Tom Clancy's Ghost Recon Advanced Warfighter 2",9,3,1.1,0.366666666666667,33.33
"Train Fever",9,9,174.7,19.4111111111111,100.0
"Trials 2 Second Edition",9,8,23.9,2.9875,88.89
"Trucks & Trailers",9,1,0.3,0.3,11.11
"Volgarr the Viking",9,4,21.6,5.4,44.44
"WTFast Gamers Private Network (GPN)",9,1,6.7,6.7,11.11
"Warhammer 40,000 Storm of Vengeance Deathwing Terminator",9,0,0,0,0.0
Wickland,9,4,5.1,1.275,44.44
"X Rebirth",9,7,280.0,40.0,77.78
X-Tension,9,2,1.4,0.7,22.22
"ibb & obb",9,5,10.0,2.0,55.56
"99 Levels To Hell",8,5,6.9,1.38,62.5
"AaAaAA!!! - A Reckless Disregard for Gravity",8,5,22.4,4.48,62.5
"Absconding Zatwor",8,2,22.2,11.1,25.0
Aerena,8,3,6.6,2.2,37.5
"Air Conflicts Pacific Carriers",8,3,7.6,2.53333333333333,37.5
"Alien Rage - Unlimited",8,5,14.4,2.88,62.5
"Alien Shooter 2 Reloaded",8,0,0,0,0.0
"American Conquest",8,2,0.6,0.3,25.0
"Another World",8,5,6.2,1.24,62.5
"Aura Kingdom - Winter Gift",8,0,0,0,0.0
"Avernum Escape From the Pit",8,3,257.0,85.6666666666667,37.5
"Battlegrounds of Eldhelm",8,1,0.4,0.4,12.5
"Bloons TD5",8,8,169.6,21.2,100.0
Blur,8,7,50.0,7.14285714285714,87.5
"BookWorm Deluxe",8,2,13.8,6.9,25.0
"Break Into Zatwor",8,3,5.0,1.66666666666667,37.5
"Call of Duty United Offensive",8,4,374.1,93.525,50.0
"Car Mechanic Simulator 2015 - Visual Tuning",8,0,0,0,0.0
Chantelise,8,3,1.4,0.466666666666667,37.5
Chime,8,7,18.4,2.62857142857143,87.5
"Cities XL 2011",8,7,76.1,10.8714285714286,87.5
Contrast,8,2,8.2,4.1,25.0
"Cossacks Back to War",8,4,39.5,9.875,50.0
"Crossfire Europe",8,4,5.3,1.325,50.0
"DYNASTY WARRIORS 8 Xtreme Legends Complete Edition",8,7,140.8,20.1142857142857,87.5
Darkspore,8,6,151.0,25.1666666666667,75.0
"Dawn of Discovery - Demo",8,0,0,0,0.0
"Dawn of Discovery - Venice",8,6,219.1,36.5166666666667,75.0
"Dead Effect",8,7,7.0,1.0,87.5
DeathSpank,8,4,43.2,10.8,50.0
"DeathSpank Thongs Of Virtue",8,3,18.1,6.03333333333333,37.5
"Deponia The Complete Journey",8,6,122.4,20.4,75.0
"Devil's Workshop pack",8,0,0,0,0.0
"Disciples III Reincarnation",8,4,716.6,179.15,50.0
Distance,8,5,38.2,7.64,62.5
"Dogfight 1942",8,3,5.6,1.86666666666667,37.5
"Dragon Age Origins Character Creator",8,8,4.7,0.5875,100.0
"Dreamfall The Longest Journey",8,2,10.9,5.45,25.0
Droplitz,8,8,4.8,0.6,100.0
"Edna & Harvey The Breakout",8,4,10.1,2.525,50.0
"Electronic Super Joy",8,8,14.1,1.7625,100.0
"Epic Cards Battle(TCG)",8,1,0.1,0.1,12.5
"Ethan Meteor Hunter",8,2,0.4,0.2,25.0
"Europa Universalis III Heir to the Throne",8,0,0,0,0.0
"Europa Universalis IV Songs of the New World",8,0,0,0,0.0
"F1 2014",8,8,73.8,9.225,100.0
"FINAL FANTASY XIV A Realm Reborn (NA version)",8,0,0,0,0.0
"FINAL FANTASY XIV A Realm Reborn (PAL version)",8,0,0,0,0.0
"Farming Simulator 2011",8,8,438.0,54.75,100.0
"Fate of the World",8,6,15.0,2.5,75.0
Fieldrunners,8,3,1.7,0.566666666666667,37.5
"Finding Teddy",8,1,0.5,0.5,12.5
"Finding Teddy Soundtrack",8,0,0,0,0.0
"Football Manager 2016 Demo",8,7,28.6,4.08571428571429,87.5
"Frontlines Fuel of War",8,4,4.2,1.05,50.0
"Frozen Free Fall Snowball Fight",8,2,0.6,0.3,25.0
"GT Legends",8,0,0,0,0.0
"Go! Go! Nippon! ~My First Trip to Japan~",8,5,16.2,3.24,62.5
GooCubelets,8,5,8.4,1.68,62.5
"Gothic 3 Forsaken Gods Enhanced Edition",8,4,21.2,5.3,50.0
"Grotesque Tactics 2 - Dungeons and Donuts",8,1,86.0,86.0,12.5
"Hatoful Boyfriend",8,7,43.1,6.15714285714286,87.5
"Helicopter Simulator 2014 Search and Rescue",8,4,5.9,1.475,50.0
"Heroes of Might & Magic V Hammers of Fate",8,2,17.4,8.7,25.0
"Holy Avatar vs. Maidens of the Dead",8,0,0,0,0.0
"Hunted The Demon's Forge",8,6,34.1,5.68333333333333,75.0
"I, Zombie",8,4,1.9,0.475,50.0
Impire,8,4,65.2,16.3,50.0
"Iron Front  D-Day DLC",8,0,0,0,0.0
"Iron Grip Warlord",8,3,14.0,4.66666666666667,37.5
"Jade Empire Special Edition",8,4,69.8,17.45,50.0
"Jet Set Radio",8,3,12.0,4.0,37.5
KAMI,8,2,0.6,0.3,25.0
"LEGO Batman 3 Beyond Gotham",8,5,126.4,25.28,62.5
"Labyrinthine Dreams",8,0,0,0,0.0
"Last Word",8,1,6.9,6.9,12.5
"Little Racers STREET",8,5,18.4,3.68,62.5
"MEDIEVAL Total War - Gold Edition",8,3,37.9,12.6333333333333,37.5
"Megabyte Punch",8,0,0,0,0.0
"Men of War Condemned Heroes",8,3,26.4,8.8,37.5
"Metal War Online Retribution",8,4,6.8,1.7,50.0
"Might & Magic X - Legacy ",8,7,259.5,37.0714285714286,87.5
"NBA 2K13",8,6,304.7,50.7833333333333,75.0
"NEO Scavenger",8,4,21.9,5.475,50.0
"New kind of adventure",8,3,7.6,2.53333333333333,37.5
"Numba Deluxe",8,1,0.4,0.4,12.5
"Oddworld New 'n' Tasty",8,6,23.0,3.83333333333333,75.0
"Omerta - City of Gangsters The Bulgarian Colossus",8,0,0,0,0.0
"One Manga Day",8,3,1.5,0.5,37.5
"Out of the Park Baseball 14",8,1,103.0,103.0,12.5
"Painkiller Recurring Evil",8,2,16.4,8.2,25.0
"Painkiller Resurrection",8,1,0.6,0.6,12.5
"Pinball FX2 - Paranormal Table",8,0,0,0,0.0
"Pink Heaven",8,3,0.8,0.266666666666667,37.5
Planetbase,8,8,33.1,4.1375,100.0
"Planets Under Attack",8,1,14.3,14.3,12.5
Prey,8,4,15.7,3.925,50.0
Q.U.B.E.,8,3,9.4,3.13333333333333,37.5
"Resident Evil 6 Mercenaries No Mercy",8,0,0,0,0.0
"Rising Angels Reborn",8,1,5.9,5.9,12.5
"Sam & Max 201 Ice Station Santa",8,1,3.7,3.7,12.5
"Sam & Max 202 Moai Better Blues",8,1,8.1,8.1,12.5
"Sam & Max 203 Night of the Raving Dead",8,0,0,0,0.0
"Sam & Max 204 Chariots of the Dogs",8,0,0,0,0.0
"Sam & Max 205 What's New Beelzebub?",8,1,6.1,6.1,12.5
"Secrets of Rtikon",8,4,3.5,0.875,50.0
Sengoku,8,5,14.3,2.86,62.5
"Shattered Haven",8,0,0,0,0.0
"Silent Hill Homecoming",8,6,16.0,2.66666666666667,75.0
"Sonic Adventure 2 Battle Mode DLC",8,0,0,0,0.0
"Space Hulk",8,6,47.6,7.93333333333333,75.0
"Spacebase DF-9",8,7,62.9,8.98571428571429,87.5
Summoner,8,0,0,0,0.0
"Super Splatters",8,1,0.9,0.9,12.5
Swipecart,8,4,12.6,3.15,50.0
"TDP4Team Battle",8,6,9.6,1.6,75.0
"Temper Tantrum",8,4,17.2,4.3,50.0
"The Bureau XCOM Declassified - Code Breakers",8,0,0,0,0.0
"The Howler",8,4,10.2,2.55,50.0
"The Jackbox Party Pack",8,6,431.0,71.8333333333333,75.0
"The Night of the Rabbit",8,2,16.8,8.4,25.0
"The Path",8,7,13.3,1.9,87.5
"The Whispered World",8,2,3.2,1.6,25.0
"The Wonderful End of the World",8,5,18.9,3.78,62.5
"Ticket to Ride - Legendary Asia",8,0,0,0,0.0
"Tom Clancy's Ghost Recon Phantoms - EU Support Starter Pack",8,0,0,0,0.0
"Tom Clancy's Rainbow Six Siege",8,8,184.9,23.1125,100.0
"Tony Hawk's Pro Skater HD",8,6,54.4,9.06666666666667,75.0
Towns,8,6,64.2,10.7,75.0
"Transistor Soundtrack",8,0,0,0,0.0
"Trapped Dead",8,4,4.0,1.0,50.0
Tropico,8,2,1.4,0.7,25.0
"Tropico 2 Pirate Cove",8,0,0,0,0.0
"Vanguard Princess",8,4,8.3,2.075,50.0
"Vanguard Princess Director's Cut",8,0,0,0,0.0
"Voices from the Sea",8,3,2.6,0.866666666666667,37.5
"Why So Evil 2 Dystopia",8,3,17.3,5.76666666666667,37.5
"Wolfenstein 3D Spear of Destiny",8,1,0.3,0.3,12.5
"1... 2... 3... KICK IT! (Drop That Beat Like an Ugly Baby)",7,5,20.0,4.0,71.43
"16 Bit Arena",7,0,0,0,0.0
"60 Seconds!",7,5,9.3,1.86,71.43
"Age of Wonders Shadow Magic",7,2,35.8,17.9,28.57
"Agricultural Simulator 2013 Steam Edition",7,3,69.6,23.2,42.86
"Agricultural Simulator Historical Farming",7,0,0,0,0.0
"Airline Tycoon 2",7,5,31.0,6.2,71.43
"Alchemy Mysteries Prague Legends",7,5,19.9,3.98,71.43
Alganon,7,1,0.5,0.5,14.29
"Among the Sleep",7,6,10.4,1.73333333333333,85.71
"Anomaly Warzone Earth Mobile Campaign",7,1,2.1,2.1,14.29
"Assassins Creed Chronicles China",7,2,9.6,4.8,28.57
"Audiosurf 2",7,7,110.3,15.7571428571429,100.0
Bardbarian,7,2,13.9,6.95,28.57
"Batman Arkham Asylum",7,6,128.4,21.4,85.71
"Bloody Good Time",7,3,28.6,9.53333333333333,42.86
Borealis,7,4,7.3,1.825,57.14
"Breach & Clear",7,4,7.6,1.9,57.14
"Brilliant Bob",7,4,27.8,6.95,57.14
"Card City Nights",7,2,2.8,1.4,28.57
"Cargo Commander",7,3,7.0,2.33333333333333,42.86
"Close Your Eyes",7,2,3.8,1.9,28.57
"Cossacks Art of War",7,3,99.0,33.0,42.86
"Cossacks European Wars",7,2,7.0,3.5,28.57
"Cossacks II Battle for Europe",7,4,12.2,3.05,57.14
"Crysis 2",7,7,156.4,22.3428571428571,100.0
Cubetractor,7,0,0,0,0.0
"DarkStar One",7,3,41.9,13.9666666666667,42.86
"Darkest Hour A Hearts of Iron Game",7,4,123.6,30.9,57.14
"Deadly Sin 2",7,0,0,0,0.0
Despair,7,4,21.7,5.425,57.14
"Deus Ex Revision",7,2,0.5,0.25,28.57
DiRT,7,2,8.0,4.0,28.57
"Disciples II Rise of the Elves",7,3,1.0,0.333333333333333,42.86
DisplayFusion,7,3,0.8,0.266666666666667,42.86
Divekick,7,6,35.6,5.93333333333333,85.71
"Dogfight 1942 Fire over Africa",7,0,0,0,0.0
"Dogfight 1942 Russia under Siege",7,0,0,0,0.0
"Door Kickers Soundtrack",7,0,0,0,0.0
"Dreamfall Chapters",7,5,23.9,4.78,71.43
"Duck Game",7,7,125.4,17.9142857142857,100.0
"Empyrion - Galactic Survival",7,7,127.3,18.1857142857143,100.0
"Expeditions Conquistador",7,4,183.5,45.875,57.14
"F1 2015",7,6,113.4,18.9,85.71
FATE,7,2,26.4,13.2,28.57
"Fieldrunners 2",7,3,373.6,124.533333333333,42.86
Fingerbones,7,3,0.9,0.3,42.86
"Flatout 3",7,3,12.7,4.23333333333333,42.86
"Flesh Eaters",7,1,2.4,2.4,14.29
"Fortune Summoners Secret of the Elemental Stone",7,2,56.0,28.0,28.57
"GTA SA German Mac",7,0,0,0,0.0
"Galcon Legends",7,4,8.3,2.075,57.14
"Games of Glory",7,1,0.3,0.3,14.29
"Gumboy Crazy Adventures",7,2,1.4,0.7,28.57
"Gumboy Crazy Features",7,4,1.6,0.4,57.14
"Hack, Slash, Loot",7,2,2.8,1.4,28.57
"Hand Of Fate",7,5,35.3,7.06,71.43
Hatred,7,7,13.6,1.94285714285714,100.0
"Hero Siege - The Karp of Doom",7,0,0,0,0.0
"How To Survive Third Person",7,4,5.2,1.3,57.14
"InMind VR",7,0,0,0,0.0
"Insaniquarium! Deluxe",7,4,37.8,9.45,57.14
"Ittle Dew",7,1,1.3,1.3,14.29
"Jagged Alliance 2 - Wildfire ",7,4,27.2,6.8,57.14
"Jagged Alliance Online - Steam Edition",7,4,6.5,1.625,57.14
"Jolly Rover",7,3,1.2,0.4,42.86
"Knights of Honor",7,6,238.8,39.8,85.71
Knock-knock,7,3,7.2,2.4,42.86
"LEGO Jurassic World",7,7,109.6,15.6571428571429,100.0
"LIGHTNING RETURNS FINAL FANTASY XIII",7,5,159.8,31.96,71.43
"Legend of Mysteria",7,2,4.2,2.1,28.57
Light,7,1,2.1,2.1,14.29
"Lost Lands A Hidden Object Adventure",7,4,1.6,0.4,57.14
Lume,7,4,3.6,0.9,57.14
"Majesty 2",7,5,163.1,32.62,71.43
"Majesty 2 Collection",7,5,112.6,22.52,71.43
"March of the Eagles",7,5,64.6,12.92,71.43
"Meridian New World",7,3,2.4,0.8,42.86
"Minecraft Story Mode - A Telltale Games Series",7,7,46.4,6.62857142857143,100.0
"Mini Metro",7,6,106.2,17.7,85.71
"Mitsurugi Kamui Hikae",7,2,0.9,0.45,28.57
"Mortal Kombat Legacy II - Ep. 10 Liu Kang and Kung Lao",7,0,0,0,0.0
"Mortal Kombat Legacy II - Ep. 7 Scorpion and Sub-Zero (Part 1)",7,0,0,0,0.0
"Mortal Kombat Legacy II - Ep. 8 Scorpion and Sub-Zero (Part 2)",7,0,0,0,0.0
"NEKOPARA Vol. 0",7,6,13.3,2.21666666666667,85.71
"Nether - Chosen",7,0,0,0,0.0
NotGTAV,7,5,6.0,1.2,71.43
"PAYDAY The Heist Game Soundtrack",7,0,0,0,0.0
"Patrician IV Rise of a Dynasty",7,3,74.4,24.8,42.86
"Phantom Breaker Battle Grounds",7,6,65.6,10.9333333333333,85.71
"Pinball FX2 - Core pack",7,0,0,0,0.0
"Pinball FX2 - Earth Defense Table",7,0,0,0,0.0
"Pinball FX2 - Epic Quest Table",7,0,0,0,0.0
"Pinball FX2 - Zen Classics Pack",7,0,0,0,0.0
"Primal Carnage Extinction",7,7,409.1,58.4428571428571,100.0
"Puzzle Dimension",7,1,5.8,5.8,14.29
"Pyramid Raid",7,3,0.9,0.3,42.86
"RPG Maker High Fantasy Main Party Pack 1",7,0,0,0,0.0
"RPG Maker Tyler Warren RPG Battlers  2nd 50",7,0,0,0,0.0
"Remnants Of Isolation",7,2,4.1,2.05,28.57
"Rise of Venice",7,6,26.5,4.41666666666667,85.71
Riven,7,2,2.4,1.2,28.57
Roogoo,7,2,0.3,0.15,28.57
"Runaway A Road Adventure",7,2,7.8,3.9,28.57
"Ruzh Delta Z",7,0,0,0,0.0
"Sacred 3",7,6,156.5,26.0833333333333,85.71
"Sam & Max 104 Abe Lincoln Must Die!",7,7,13.9,1.98571428571429,100.0
"Scourge Outbreak",7,4,19.4,4.85,57.14
"Secret Files Tunguska",7,2,8.8,4.4,28.57
"Sherlock Holmes Crimes and Punishments",7,5,62.5,12.5,71.43
"Small World 2",7,4,21.7,5.425,57.14
"Space Empires IV Deluxe",7,3,32.0,10.6666666666667,42.86
"Star Trek D-A-C",7,5,3.6,0.72,71.43
"Star Wolves 3 Civil War",7,4,33.5,8.375,57.14
"Steam Marines",7,5,4.1,0.82,71.43
"Strong Bad Episode 1 Homestar Ruiner",7,3,10.5,3.5,42.86
"Strong Bad Episode 2 Strong Badia the Free",7,1,2.7,2.7,14.29
"Strong Bad Episode 3 Baddest of the Bands",7,1,3.2,3.2,14.29
"Strong Bad Episode 4 Dangeresque 3",7,1,1.1,1.1,14.29
"Strong Bad Episode 5 8-Bit Is Enough",7,0,0,0,0.0
"Sun Blast",7,2,5.7,2.85,28.57
"Sword of the Stars II Enhanced Edition",7,5,370.9,74.18,71.43
"Sword of the Stars The Pit",7,3,14.8,4.93333333333333,42.86
"Tales of Zestiria",7,7,199.1,28.4428571428571,100.0
Terrorhedron,7,3,6.4,2.13333333333333,42.86
Teslagrad,7,3,5.0,1.66666666666667,42.86
"The Beginner's Guide",7,5,8.6,1.72,71.43
"The Book of Unwritten Tales The Critter Chronicles",7,2,27.0,13.5,28.57
"The Bureau XCOM Declassified - Light Plasma Pistol",7,0,0,0,0.0
"The Cat and the Coup",7,2,0.8,0.4,28.57
"The Dream Machine",7,3,12.5,4.16666666666667,42.86
"The Fall",7,4,4.3,1.075,57.14
"The Great Jitters Pudding Panic",7,0,0,0,0.0
"The Scourge Project Episode 1 and 2",7,0,0,0,0.0
"Thirty Flights of Loving",7,5,2.7,0.54,71.43
"Ticket to Ride - Switzerland",7,0,0,0,0.0
"Titan Attacks",7,6,9.9,1.65,85.71
"Tom Clancy's Ghost Recon Phantoms - NA Assault Starter Pack",7,0,0,0,0.0
"Tom Clancy's H.A.W.X. 2",7,7,32.3,4.61428571428571,100.0
"Tribes Ascend - Steam Starter Pack",7,0,0,0,0.0
"Universe Sandbox ",7,7,19.3,2.75714285714286,100.0
"Vigil Blood Bitterness",7,1,0.1,0.1,14.29
Voxelized,7,2,10.7,5.35,28.57
"WRC 4 FIA WORLD RALLY CHAMPIONSHIP",7,5,25.2,5.04,71.43
"Warlock 2 the Exiled",7,5,238.5,47.7,71.43
"Without Within",7,1,0.2,0.2,14.29
"Wrath of Athena",7,2,0.8,0.4,28.57
"Zombie Shooter 2",7,3,10.7,3.56666666666667,42.86
"10 Second Ninja",6,2,5.9,2.95,33.33
"12 Labours of Hercules III Girl Power",6,3,19.6,6.53333333333333,50.0
"All Zombies Must Die!",6,3,13.3,4.43333333333333,50.0
Ampu-Tea,6,3,2.6,0.866666666666667,50.0
"Anno 1404 Venice",6,4,67.0,16.75,66.67
"ArcaniA Fall of Setarrif",6,0,0,0,0.0
BattleSpace,6,1,0.7,0.7,16.67
"Beat Hazard - Shadow Operations Unit",6,0,0,0,0.0
"Blaster Shooter GunGuy!",6,3,5.4,1.8,50.0
Bleed,6,5,11.6,2.32,83.33
"Blood Bowl 2",6,6,247.7,41.2833333333333,100.0
"Bloodwood Reload",6,1,0.2,0.2,16.67
"Boson X",6,6,28.2,4.7,100.0
Burgers,6,2,16.6,8.3,33.33
"CT Special Forces Fire for Effect",6,0,0,0,0.0
"Call of Juarez",6,2,12.0,6.0,33.33
"Car Mechanic Simulator 2015 - TraderPack",6,0,0,0,0.0
Chaser,6,2,8.5,4.25,33.33
Cinders,6,2,6.3,3.15,33.33
"Cities XXL",6,4,65.7,16.425,66.67
"Company of Heroes 2 - The British Forces",6,0,0,0,0.0
"Conquest of Champions",6,1,2.4,2.4,16.67
"Construction Machines 2014",6,0,0,0,0.0
Cryostasis,6,3,18.1,6.03333333333333,50.0
DRAKERZ-Confrontation,6,1,1.9,1.9,16.67
"Dead Horde",6,4,4.2,1.05,66.67
"Deadbreed  Undertaker Beta Pack",6,0,0,0,0.0
"Deadly 30",6,3,8.1,2.7,50.0
"Deadly Profits",6,1,3.4,3.4,16.67
"Democracy 3 Clones and Drones",6,0,0,0,0.0
"Digital Combat Simulator A-10C Warthog",6,1,0.8,0.8,16.67
"Dragon Age Origins - Awakening",6,0,0,0,0.0
"DuckTales Remastered",6,5,22.0,4.4,83.33
"Dungeons & Dragons Chronicles of Mystara",6,5,19.5,3.9,83.33
"Dungeons & Dragons Daggerdale",6,6,19.7,3.28333333333333,100.0
"Dungeons 2",6,6,86.9,14.4833333333333,100.0
"Dynamite Jack",6,2,0.4,0.2,33.33
Element4l,6,3,13.3,4.43333333333333,50.0
"Escape Rosecliff Island",6,2,6.2,3.1,33.33
"F1 2010",6,6,111.1,18.5166666666667,100.0
"F1 2011",6,5,78.7,15.74,83.33
"FINAL FANTASY TYPE-0 HD",6,4,6.8,1.7,66.67
"FINAL FANTASY XI",6,2,50.3,25.15,33.33
"FINAL FANTASY XIV Heavensward",6,0,0,0,0.0
"FLY'N",6,2,1.1,0.55,33.33
"Farm Machines Championships 2014",6,1,0.1,0.1,16.67
"Feeding Frenzy 2 Shipwreck Showdown Deluxe",6,2,0.6,0.3,33.33
"Final Exam",6,4,4.6,1.15,66.67
"FootLOL Epic Fail League",6,6,15.2,2.53333333333333,100.0
Fortix,6,4,4.0,1.0,66.67
"Freedom Planet",6,5,9.1,1.82,83.33
"Frozen Synapse Prime",6,4,3.7,0.925,66.67
"Full Spectrum Warrior Ten Hammers",6,2,9.5,4.75,33.33
"Future Wars",6,0,0,0,0.0
GASP,6,1,0.3,0.3,16.67
"Grey Goo - Soundtrack",6,0,0,0,0.0
"Grim Legends The Forsaken Bride",6,5,36.0,7.2,83.33
Grimind,6,3,4.0,1.33333333333333,50.0
Guncraft,6,5,12.4,2.48,83.33
HELLDIVERS,6,6,29.9,4.98333333333333,100.0
Hacknet,6,4,13.0,3.25,66.67
"Her Story",6,5,18.2,3.64,83.33
"Hero Siege - The Karp of Doom (Digital Collector's Edition)",6,0,0,0,0.0
"Hero of the Kingdom",6,3,13.7,4.56666666666667,50.0
Horizon,6,4,22.6,5.65,66.67
Ichi,6,2,8.2,4.1,33.33
Ignite,6,2,0.4,0.2,33.33
"Insecticide Part 1",6,0,0,0,0.0
Interplanetary,6,3,6.5,2.16666666666667,50.0
"Jagged Alliance Crossfire",6,1,0.7,0.7,16.67
"Journey of a Roach",6,2,8.1,4.05,33.33
"Karos Returns",6,2,4.1,2.05,33.33
"Kill The Bad Guy",6,1,0.3,0.3,16.67
"Kingdoms CCG",6,3,301.2,100.4,50.0
"Krosmaster Arena",6,4,6.1,1.525,66.67
"Legend of Dungeon Masters",6,3,41.4,13.8,50.0
"Lifeless Planet",6,5,56.7,11.34,83.33
Memoria,6,0,0,0,0.0
"MirrorMoon EP",6,1,0.6,0.6,16.67
"Mortal Kombat Legacy II - Ep. 1 Reunited in Macau",6,1,0.2,0.2,16.67
"Mortal Kombat Legacy II - Ep. 2 The Fall of Liu Kang",6,0,0,0,0.0
"Mortal Kombat Legacy II - Ep. 3 Kenshi's Origin",6,0,0,0,0.0
"Mortal Kombat Legacy II - Ep. 4 Kenshi Encounters Ermac",6,0,0,0,0.0
"Mortal Kombat Legacy II - Ep. 5 Kitana and Mileena",6,0,0,0,0.0
"Mortal Kombat Legacy II - Ep. 6 Johnny Cage",6,0,0,0,0.0
"Mortal Kombat Legacy II - Ep. 9 Liu Kang",6,0,0,0,0.0
"Myst Masterpiece Edition",6,4,9.5,2.375,66.67
"Naval Warfare",6,1,0.6,0.6,16.67
"Neighbours from Hell",6,1,1.5,1.5,16.67
"Neighbours from Hell 2",6,1,0.3,0.3,16.67
Nightbanes,6,3,297.0,99.0,50.0
Nimbus,6,3,1.6,0.533333333333333,50.0
"Offworld Trading Company",6,6,78.5,13.0833333333333,100.0
"Omerta - Damsel in Distress",6,0,0,0,0.0
"Omerta - The Con Artist",6,0,0,0,0.0
"Our Darker Purpose",6,1,4.0,4.0,16.67
"Out of the Park Baseball 15",6,4,549.2,137.3,66.67
Overgrowth,6,5,32.5,6.5,83.33
"PC Gamer",6,6,1.8,0.3,100.0
"Painkiller Hell & Damnation - The Clock Strikes Meat Night",6,0,0,0,0.0
"Paranautical Activity Deluxe Atonement Edition",6,1,1.0,1.0,16.67
"Party of Sin",6,4,6.8,1.7,66.67
"Patrician III",6,2,2.9,1.45,33.33
"Pinball FX2 - Star Wars Pack",6,0,0,0,0.0
Platformines,6,0,0,0,0.0
Praetorians,6,2,0.3,0.15,33.33
"Project CARS - Modified Car Pack ",6,0,0,0,0.0
"Project Snowblind",6,2,1.1,0.55,33.33
"Puzzle Bots",6,1,0.3,0.3,16.67
"Puzzle Kingdoms",6,0,0,0,0.0
"RISK Factions",6,6,16.9,2.81666666666667,100.0
"RPG Maker DS Resource Pack",6,0,0,0,0.0
"RPG Maker Rural Farm Tiles Resource Pack",6,0,0,0,0.0
"RPG Maker Zombie Survival Graphic Pack",6,0,0,0,0.0
"Rag Doll Kung Fu",6,4,1.9,0.475,66.67
"Rampage Knights",6,6,113.2,18.8666666666667,100.0
"Real Horror Stories Ultimate Edition",6,2,0.9,0.45,33.33
Reassembly,6,6,78.4,13.0666666666667,100.0
Retro/Grade,6,2,1.9,0.95,33.33
"Ring Runner Flight of the Sages",6,3,1.8,0.6,50.0
"Road Redemption",6,6,32.3,5.38333333333333,100.0
"Runaway A Twist of Fate",6,1,0.2,0.2,16.67
"Runaway The Dream of the Turtle",6,0,0,0,0.0
"SONIC THE HEDGEHOG 4 Episode II",6,4,22.6,5.65,66.67
"Sacred 3 Underworld Story",6,0,0,0,0.0
"Scratches Director's Cut",6,2,7.3,3.65,33.33
"Secret Of Magia",6,2,21.8,10.9,33.33
"Secret of the Magic Crystal",6,3,5.8,1.93333333333333,50.0
"Section 8",6,3,40.7,13.5666666666667,50.0
"Shufflepuck Cantina Deluxe VR",6,3,19.1,6.36666666666667,50.0
Sideway,6,2,0.9,0.45,33.33
"Silent Hunter III",6,6,23.7,3.95,100.0
"Skyscraper Simulator",6,2,27.2,13.6,33.33
"Sniper Ghost Warrior 2 World Hunter Pack",6,0,0,0,0.0
"Soul Gambler",6,3,51.5,17.1666666666667,50.0
"Space Farmers",6,4,9.7,2.425,66.67
"Spriter Pro",6,1,2.5,2.5,16.67
"Star Trek",6,4,4.9,1.225,66.67
Stonehearth,6,6,43.8,7.3,100.0
"Sword of the Stars Complete Collection",6,2,419.1,209.55,33.33
"Teenage Mutant Ninja Turtles Out of the Shadows",6,6,33.2,5.53333333333333,100.0
TerraTech,6,6,88.9,14.8166666666667,100.0
"The Bureau XCOM Hangar 6 R&D",6,0,0,0,0.0
"The Dream Machine Chapter 3",6,0,0,0,0.0
"The Maw",6,5,38.2,7.64,83.33
"The Raven - Legacy of a Master Thief",6,4,37.9,9.475,66.67
"The Shivah",6,0,0,0,0.0
"The Slaughtering Grounds",6,3,12.4,4.13333333333333,50.0
"The Talos Principle Road To Gehenna",6,0,0,0,0.0
TimeShift,6,3,12.9,4.3,50.0
Tinboy,6,2,2.8,1.4,33.33
"ToCA Race Driver 3",6,2,15.2,7.6,33.33
"Tom Clancy's Ghost Recon Phantoms - EU Assault Starter Pack",6,0,0,0,0.0
"Tom Clancy's Ghost Recon Phantoms - EU Looks and Power (Support)",6,0,0,0,0.0
"Tom Clancy's Ghost Recon Phantoms - EU Recon Starter Pack",6,0,0,0,0.0
"Tom Clancy's Ghost Recon Phantoms - EU Substance with Style pack (Recon)",6,0,0,0,0.0
"Tom Clancy's Ghost Recon Phantoms - EU WAR Madness pack (Support)",6,0,0,0,0.0
"Tom Clancy's Rainbow Six 3 Athena Sword",6,0,0,0,0.0
"Tom Clancy's Rainbow Six 3 Gold Edition",6,3,12.5,4.16666666666667,50.0
"TrackMania United",6,6,50.1,8.35,100.0
"UFO Extraterrestrials Gold",6,2,124.0,62.0,33.33
Ultratron,6,4,9.6,2.4,66.67
"Van Helsing II Ink Hunt",6,0,0,0,0.0
"Wildlife Park 3",6,3,12.0,4.0,50.0
Windward,6,6,99.4,16.5666666666667,100.0
"Wizardry Online",6,1,1.3,1.3,16.67
Xotic,6,0,0,0,0.0
Yesterday,6,1,5.6,5.6,16.67
"Zombie Shooter",6,0,0,0,0.0
"bit Dungeon II",6,2,10.5,5.25,33.33
realMyst,6,3,1.5,0.5,50.0
"9 Clues The Secret of Serpent Creek",5,4,11.2,2.8,80.0
Aberoth,5,4,1.4,0.35,80.0
"Aces Wild Manic Brawling Action!",5,2,0.7,0.35,40.0
"Act of Aggression",5,4,17.0,4.25,80.0
"Agarest Zero",5,3,31.8,10.6,60.0
"Age of Wonders",5,2,32.8,16.4,40.0
"Age of Wonders 2",5,2,63.2,31.6,40.0
"American Conquest - Fight Back",5,1,0.4,0.4,20.0
Apotheon,5,5,14.6,2.92,100.0
"Assetto Corsa - Dream Pack 1",5,0,0,0,0.0
"Avadon 2 The Corruption",5,1,2.9,2.9,20.0
"Avernum 4",5,1,228.0,228.0,20.0
"Avernum 5",5,1,222.0,222.0,20.0
"Avernum 6",5,1,80.0,80.0,20.0
"Aveyond 3-1 Lord of Twilight",5,1,1.2,1.2,20.0
"Axiom Verge",5,4,30.3,7.575,80.0
"Black Mirror",5,2,1.6,0.8,40.0
"Blitzkrieg Anthology",5,3,8.5,2.83333333333333,60.0
"Bookworm Adventures Deluxe",5,4,74.9,18.725,80.0
"Brothers in Arms Hell's Highway",5,4,22.2,5.55,80.0
"Brothers in Arms Road to Hill 30",5,2,16.5,8.25,40.0
"Burn Zombie Burn",5,3,5.4,1.8,60.0
Burstfire,5,2,3.3,1.65,40.0
"Car Mechanic Simulator 2015 - PickUp & SUV DLC",5,0,0,0,0.0
"Carmageddon Reincarnation",5,4,23.9,5.975,80.0
"Carpe Diem",5,3,0.8,0.266666666666667,60.0
"Cherry Tree High Comedy Club",5,1,3.1,3.1,20.0
"Clive Barker's Jericho",5,2,15.9,7.95,40.0
Cloudbuilt,5,2,0.7,0.35,40.0
"Combat Monsters",5,0,0,0,0.0
"Combat Wings Battle of Britain",5,3,0.6,0.2,60.0
"Commander Conquest of the Americas",5,5,12.0,2.4,100.0
"Conflict Denied Ops",5,1,5.7,5.7,20.0
"Crazy Machines 2 Fluid Add-On",5,0,0,0,0.0
"Crimzon Clover  WORLD IGNITION",5,2,3.8,1.9,40.0
"Cubemen 2",5,2,15.0,7.5,40.0
DARK,5,2,13.8,6.9,40.0
"Day One Garry's Incident",5,4,6.1,1.525,80.0
"Deadfall Adventures",5,3,8.1,2.7,60.0
"Defense Grid Containment DLC",5,0,0,0,0.0
"Democracy 2",5,3,78.6,26.2,60.0
"Demolition, Inc.",5,1,2.5,2.5,20.0
Demonicon,5,2,3.5,1.75,40.0
"Divinity II - The Dragon Knight Saga",5,2,41.1,20.55,40.0
"Dota 2 - The International 2015 - Player Profiles",5,0,0,0,0.0
"Dracula's Legacy",5,3,8.7,2.9,60.0
"Dragon Age II",5,5,372.8,74.56,100.0
"Dragon's Lair",5,4,2.0,0.5,80.0
"Dream Pinball 3D",5,1,0.4,0.4,20.0
"Duke Nukem Forever ",5,4,17.6,4.4,80.0
"Dungeon Hearts",5,3,4.2,1.4,60.0
"Dysfunctional Systems Learning to Manage Chaos",5,2,5.2,2.6,40.0
Dystopia,5,0,0,0,0.0
"Earth Defense Force Insect Armageddon",5,3,95.9,31.9666666666667,60.0
"Electric Highways",5,1,0.3,0.3,20.0
Empires,5,5,780.5,156.1,100.0
"Enemy Front",5,5,57.1,11.42,100.0
"Epic Battle Fantasy 4",5,4,120.8,30.2,80.0
"Escape Machines",5,1,2.7,2.7,20.0
"Ether One",5,3,25.8,8.6,60.0
"Ether One Redux",5,0,0,0,0.0
"Europa Universalis Rome - Gold Edition",5,3,6.7,2.23333333333333,60.0
"Europa Universalis Rome - Vae Victis",5,0,0,0,0.0
"Evochron Mercenary",5,5,16.5,3.3,100.0
"Evolve - Gorgon",5,0,0,0,0.0
"FINAL FANTASY XIV A Realm Reborn CE (NA version)",5,0,0,0,0.0
"FIST OF AWESOME",5,1,1.3,1.3,20.0
"Fairy Fencer F",5,4,104.2,26.05,80.0
"Fearless Fantasy",5,4,34.6,8.65,80.0
"Flight Control HD",5,4,7.9,1.975,80.0
"Flora's Fruit Farm",5,1,0.2,0.2,20.0
"Foreign Legion Buckets of Blood",5,5,11.2,2.24,100.0
"FortressCraft Evolved",5,4,8.7,2.175,80.0
"Foul Play",5,4,4.7,1.175,80.0
"Full Spectrum Warrior",5,2,13.2,6.6,40.0
"GTR 2 - FIA GT Racing Game",5,1,0.5,0.5,20.0
"GameGuru - Buildings Pack",5,0,0,0,0.0
"Gigantic Army",5,2,2.5,1.25,40.0
"Goats on a Bridge",5,0,0,0,0.0
"Gods Will Be Watching",5,2,2.4,1.2,40.0
Gomo,5,3,3.4,1.13333333333333,60.0
"Gratuitous Tank Battles",5,0,0,0,0.0
"Gumboy Tournament",5,0,0,0,0.0
"Guns'N'Zombies",5,3,2.6,0.866666666666667,60.0
"Hearts of Iron II Complete",5,3,182.6,60.8666666666667,60.0
"HuniePop Official Digital Art Collection",5,0,0,0,0.0
"HuniePop Original Soundtrack",5,0,0,0,0.0
"Icewind Dale Enhanced Edition",5,4,107.0,26.75,80.0
"Imagine Me",5,0,0,0,0.0
Infernal,5,0,0,0,0.0
"Jack - Hunter (Trapper Class)",5,0,0,0,0.0
Kairo,5,3,3.9,1.3,60.0
Kenshi,5,4,266.7,66.675,80.0
"King Arthur The Saxons",5,0,0,0,0.0
"Labyronia RPG",5,3,14.7,4.9,60.0
Landmark,5,5,194.0,38.8,100.0
"Lara Croft and the Temple of Osiris",5,4,18.5,4.625,80.0
"Lennox - Hunter (Assault Class)",5,0,0,0,0.0
"Lineage II",5,4,1.4,0.35,80.0
"MLB Front Office Manager",5,3,95.9,31.9666666666667,60.0
"Magical Diary",5,1,8.9,8.9,20.0
"Make it indie!",5,1,2.6,2.6,20.0
"Marlow Briggs",5,3,2.8,0.933333333333333,60.0
"Max Gentlemen",5,1,0.2,0.2,20.0
"Mini Motor Racing EVO",5,1,2.1,2.1,20.0
Miscreated,5,4,27.1,6.775,80.0
"Ms. Splosion Man",5,0,0,0,0.0
"Mutant Mudds Deluxe",5,2,169.9,84.95,40.0
"N.P.P.D. RUSH - The milk of Ultra violet",5,1,2.7,2.7,20.0
"NASCAR '14",5,3,10.8,3.6,60.0
"Nail'd",5,5,4.2,0.84,100.0
"Nether - Believer",5,0,0,0,0.0
"Neverending Nightmares",5,3,5.4,1.8,60.0
"No Time to Explain",5,3,4.1,1.36666666666667,60.0
"Not The Robots",5,3,6.1,2.03333333333333,60.0
"OMSI 2",5,5,537.8,107.56,100.0
"Omerta - The Japanese Incentive",5,0,0,0,0.0
"Original War",5,1,0.3,0.3,20.0
"Pacific Storm",5,1,1.8,1.8,20.0
"Penumbra Necrologue",5,0,0,0,0.0
Platypus,5,2,6.1,3.05,40.0
"Plug & Play",5,4,0.9,0.225,80.0
"Pro Cycling Manager 2015",5,3,82.7,27.5666666666667,60.0
Puddle,5,2,2.5,1.25,40.0
QuantZ,5,3,1.6,0.533333333333333,60.0
RIP,5,0,0,0,0.0
"RIP 2 Strike Back",5,0,0,0,0.0
"RIP 3 The Last Hero",5,1,0.2,0.2,20.0
"RPG Maker Luna Engine",5,0,0,0,0.0
"Ragnarok Online - Free to Play - European Version",5,0,0,0,0.0
"Resident Evil Operation Raccoon City",5,3,6.0,2.0,60.0
"Rhythm Destruction",5,1,1.4,1.4,20.0
"Rivals of Aether",5,4,24.8,6.2,80.0
"Rochard - Hard Times",5,0,0,0,0.0
Rodina,5,4,4.5,1.125,80.0
"Rogue Trooper",5,1,5.3,5.3,20.0
SAGA,5,0,0,0,0.0
"SC2VN - The eSports Visual Novel",5,2,4.0,2.0,40.0
SNOW,5,3,10.9,3.63333333333333,60.0
"Saints Row The Third - Initiation Station",5,1,0.2,0.2,20.0
"SanctuaryRPG Black Edition",5,1,0.9,0.9,20.0
"Satellite Reign",5,5,30.3,6.06,100.0
Scoregasm,5,2,0.4,0.2,40.0
"Season of Mystery  The Cherry Blossom Murders",5,2,7.9,3.95,40.0
"Seduce Me the Otome",5,3,12.3,4.1,60.0
"Shadow Harvest Phantom Ops",5,2,24.7,12.35,40.0
Shadowgate,5,4,99.2,24.8,80.0
"Shellshock 2 Blood Trails",5,1,4.9,4.9,20.0
Sheltered,5,5,66.9,13.38,100.0
"Sherlock Holmes Nemesis",5,3,34.2,11.4,60.0
"Sherlock Holmes versus Jack the Ripper",5,2,25.2,12.6,40.0
"Shoppe Keep",5,5,17.9,3.58,100.0
"Skara - The Blade Remains",5,2,4.8,2.4,40.0
"Software Inc.",5,5,69.3,13.86,100.0
"Space Hulk Ascension",5,4,40.6,10.15,80.0
"Space Rangers HD A War Apart",5,5,65.6,13.12,100.0
"Sprite Lamp",5,0,0,0,0.0
"Starlaxis Supernova Edition",5,2,14.0,7.0,40.0
"Stealth Bastard Deluxe - The Teleporter Chambers",5,0,0,0,0.0
"Stellar 2D",5,2,5.1,2.55,40.0
"Still Life",5,2,0.8,0.4,40.0
"Streets of Chaos",5,0,0,0,0.0
"Super Amazing Wagon Adventure",5,3,12.1,4.03333333333333,60.0
"Survivor Squad",5,3,6.8,2.26666666666667,60.0
"Sword Coast Legends",5,2,42.4,21.2,40.0
"Sword of the Stars The Pit - Mind Games",5,0,0,0,0.0
"Sword of the Stars The Pit Gold DLC",5,0,0,0,0.0
"TI5 - CDEC's Journey to The Majors",5,0,0,0,0.0
"TI5 - EG Champions of TI5",5,0,0,0,0.0
"TI5 - Player Profiles Cloud9 - NoTail",5,0,0,0,0.0
"TI5 - Player Profiles Complexity - zfreek",5,0,0,0,0.0
"TI5 - Player Profiles EG - Suma1L",5,0,0,0,0.0
"TI5 - Player Profiles EHOME - ROTK",5,0,0,0,0.0
"TI5 - Player Profiles Empire - Alohadance",5,0,0,0,0.0
"TI5 - Player Profiles Fnatic - Kecik-Imba",5,0,0,0,0.0
"TI5 - Player Profiles Invictus Gaming - Ferrari",5,0,0,0,0.0
"TI5 - Player Profiles LGD - Xiao8",5,0,0,0,0.0
"TI5 - Player Profiles MVPHot6 - HEEN",5,0,0,0,0.0
"TI5 - Player Profiles NAVI - XBOCT",5,0,0,0,0.0
"TI5 - Player Profiles Newbee - Mu",5,0,0,0,0.0
"TI5 - Player Profiles TeamSecret - S4",5,0,0,0,0.0
"TI5 - Player Profiles Vici - fy",5,0,0,0,0.0
"TI5 - Player Profiles VirtusPro - FNG",5,0,0,0,0.0
"Tank Universal",5,3,1.3,0.433333333333333,60.0
"Tea Party Simulator 2015",5,2,16.6,8.3,40.0
TeraBlaster,5,0,0,0,0.0
"Thank You The Game",5,0,0,0,0.0
"The 11th Hour",5,0,0,0,0.0
"The Adventures of Mr. Bobley",5,3,5.2,1.73333333333333,60.0
"The Amazing Spider-Man 2",5,4,68.9,17.225,80.0
"The Detail",5,2,11.2,5.6,40.0
"The Gate",5,1,6.6,6.6,20.0
"The Great Art Race",5,0,0,0,0.0
"The Political Machine",5,4,87.3,21.825,80.0
"The Room",5,4,15.2,3.8,80.0
"Theatre of War",5,2,11.5,5.75,40.0
"Tiny Bridge Ratventure",5,3,13.7,4.56666666666667,60.0
"Titan Souls",5,4,6.8,1.7,80.0
"Tom Clancy's Ghost Recon Advanced Warfighter",5,2,37.2,18.6,40.0
"Tom Clancy's Ghost Recon Phantoms - EU Looks and Power (Assault)",5,0,0,0,0.0
"Tom Clancy's Ghost Recon Phantoms - EU Looks and Power (Recon)",5,0,0,0,0.0
"Tom Clancy's Ghost Recon Phantoms - EU Substance with Style pack (Assault)",5,0,0,0,0.0
"Tom Clancy's Ghost Recon Phantoms - EU The Thrill of the Surprise",5,0,0,0,0.0
"Tom Clancy's Ghost Recon Phantoms - EU WAR Madness pack (Recon)",5,0,0,0,0.0
"Tom Clancy's Ghost Recon Phantoms - NA Looks and Power (Assault)",5,0,0,0,0.0
"Total War ATTILA - Age of Charlemagne Campaign Pack",5,0,0,0,0.0
"Toybox Turbos",5,1,2.1,2.1,20.0
"TrackMania Canyon",5,4,5.4,1.35,80.0
"TrackMania Valley",5,4,119.5,29.875,80.0
"Ultimate General Gettysburg",5,5,42.9,8.58,100.0
"Unholy Heights",5,1,0.5,0.5,20.0
"Van Helsing II Pigasus",5,0,0,0,0.0
"Victor Vran",5,4,207.0,51.75,80.0
"WWE 2K15",5,5,144.6,28.92,100.0
Walkover,5,2,0.3,0.15,40.0
"Wasteland Angel",5,3,1.0,0.333333333333333,60.0
"Whisper of a Rose",5,0,0,0,0.0
"World War II Panzer Claws",5,2,0.5,0.25,40.0
"World War III Black Gold",5,0,0,0,0.0
"YOU DON'T KNOW JACK HEADRUSH",5,0,0,0,0.0
"YOU DON'T KNOW JACK MOVIES",5,0,0,0,0.0
"YOU DON'T KNOW JACK SPORTS",5,0,0,0,0.0
"YOU DON'T KNOW JACK TELEVISION",5,0,0,0,0.0
"YOU DON'T KNOW JACK Vol. 1 XL",5,2,1.3,0.65,40.0
"YOU DON'T KNOW JACK Vol. 2",5,1,0.2,0.2,20.0
"YOU DON'T KNOW JACK Vol. 3",5,0,0,0,0.0
"YOU DON'T KNOW JACK Vol. 4 The Ride",5,0,0,0,0.0
"Year Walk",5,3,5.4,1.8,60.0
"Ys I",5,3,8.3,2.76666666666667,60.0
"Ys II",5,0,0,0,0.0
"Zack Zero",5,3,21.1,7.03333333333333,60.0
Ziggurat,5,4,7.4,1.85,80.0
"Zombie Army Trilogy",5,5,22.0,4.4,100.0
"1953 - KGB Unleashed",4,0,0,0,0.0
"4 Elements",4,4,59.4,14.85,100.0
"7 Grand Steps, Step 1 What Ancients Begat",4,0,0,0,0.0
"AION Free-to-Play",4,3,20.0,6.66666666666667,75.0
AR-K,4,1,0.4,0.4,25.0
"Agarest - Basic Adventure Pack DLC",4,0,0,0,0.0
"Agarest - Dull-Things Pack DLC",4,0,0,0,0.0
"Agarest - Fallen Angel Pack DLC",4,0,0,0,0.0
"Agarest - Legendary-Monster Pack DLC",4,0,0,0,0.0
"Agarest - Magic Fight Pack DLC",4,0,0,0,0.0
"Age of Wushu",4,0,0,0,0.0
"Air Conflicts - Secret Wars",4,2,3.3,1.65,50.0
"Alien Shooter",4,0,0,0,0.0
"Alpha Kimori Episode One ",4,2,3.6,1.8,50.0
"Another Perspective",4,1,0.3,0.3,25.0
"Aperture Tag The Paint Gun Testing Initiative",4,2,3.6,1.8,50.0
"App Game Kit",4,0,0,0,0.0
"Arena Wars 2",4,0,0,0,0.0
"Arma Combat Operations",4,3,99.2,33.0666666666667,75.0
"Artemis Spaceship Bridge Simulator",4,3,8.5,2.83333333333333,75.0
Astebreed,4,2,0.8,0.4,50.0
"Axis Game Factory's AGFPRO - Drone Kombat FPS Multi-Player DLC",4,0,0,0,0.0
"Axis Game Factory's AGFPRO - Zombie Survival Pack DLC",4,0,0,0,0.0
"BIT.TRIP CORE",4,1,0.1,0.1,25.0
"BIT.TRIP FATE",4,2,0.5,0.25,50.0
"BIT.TRIP VOID",4,1,0.4,0.4,25.0
"BRAINPIPE A Plunge to Unhumanity",4,3,5.6,1.86666666666667,75.0
Basement,4,3,69.7,23.2333333333333,75.0
"Battle for Graxia",4,3,3.8,1.26666666666667,75.0
"Beasts of Prey",4,4,67.3,16.825,100.0
Bermuda,4,2,3.8,1.9,50.0
"Blackwell Convergence",4,1,0.3,0.3,25.0
"Blackwell Unbound",4,0,0,0,0.0
"Blast Em!",4,0,0,0,0.0
"BlazBlue Calamity Trigger",4,2,6.1,3.05,50.0
"BlazBlue Continuum Shift Extend",4,3,233.8,77.9333333333333,75.0
"Blazing Angels 2 Secret Missions of WWII",4,3,18.8,6.26666666666667,75.0
"Blood Bowl 2 - Lizardmen",4,0,0,0,0.0
"BloodRayne Betrayal",4,2,3.3,1.65,50.0
"Blue Toad Murder Files - The Mysteries of Little Riddle",4,0,0,0,0.0
"Bob Came in Pieces",4,4,2.3,0.575,100.0
Breach,4,3,12.8,4.26666666666667,75.0
"Bridge Constructor Playground",4,0,0,0,0.0
"Bridge It (plus)",4,2,2.6,1.3,50.0
"Cabela's Big Game Hunter Pro Hunts",4,3,20.1,6.7,75.0
"Call of Duty Black Ops - Multiplayer OSX",4,2,62.7,31.35,50.0
"Call of Duty Black Ops - OSX",4,3,31.8,10.6,75.0
"Carmageddon 2 Carpocalypse Now",4,2,12.9,6.45,50.0
"Castlevania Lords of Shadow  Mirror of Fate HD",4,2,1.0,0.5,50.0
"Cherry Tree High I! My! Girls!",4,1,5.3,5.3,25.0
"Chroma Squad",4,2,13.4,6.7,50.0
"Citizens of Earth",4,0,0,0,0.0
"CivCity Rome",4,1,3.0,3.0,25.0
Claire,4,1,1.2,1.2,25.0
"Coffin Dodgers",4,4,8.8,2.2,100.0
"Coin Crypt",4,3,9.6,3.2,75.0
"Construction Simulator 2015 Liebherr 150 EC-B",4,0,0,0,0.0
"Cosmic Osmo",4,1,0.2,0.2,25.0
"Crazy Machines",4,3,3.9,1.3,75.0
"Crazy Machines 1.5 Inventors Training Camp",4,0,0,0,0.0
"Crazy Machines 1.5 New from the Lab",4,0,0,0,0.0
"Creeper World 3 Arc Eternal",4,4,24.2,6.05,100.0
Crimsonland,4,2,17.2,8.6,50.0
"Critical Mass",4,1,0.1,0.1,25.0
"Crusader Kings Complete",4,2,5.6,2.8,50.0
"Crypt of the NecroDancer Extended Soundtrack",4,0,0,0,0.0
"Cube & Star An Arbitrary Love",4,0,0,0,0.0
CubeGun,4,3,9.6,3.2,75.0
"Dark Fall 2 Lights Out",4,0,0,0,0.0
"Dark Matter",4,0,0,0,0.0
David.,4,1,0.2,0.2,25.0
"Death Rally",4,3,17.9,5.96666666666667,75.0
"Defend Your Life",4,2,3.8,1.9,50.0
Delver,4,3,2.6,0.866666666666667,75.0
"Destiny Warriors",4,1,2.6,2.6,25.0
"Dig or Die",4,3,21.0,7.0,75.0
"Doc Clock The Toasted Sandwich of Time",4,3,2.8,0.933333333333333,75.0
"Doorways Prelude",4,3,8.3,2.76666666666667,75.0
"Doorways The Underworld",4,3,11.0,3.66666666666667,75.0
Downwell,4,2,3.6,1.8,50.0
"Dracula Origin",4,1,1.6,1.6,25.0
Drakensang,4,2,138.9,69.45,50.0
Dream,4,2,3.1,1.55,50.0
Driftmoon,4,1,0.3,0.3,25.0
"Droid Assault",4,2,1.7,0.85,50.0
"Duke Nukem",4,0,0,0,0.0
"Duke Nukem Manhattan Project",4,0,0,0,0.0
Eidolon,4,1,0.2,0.2,25.0
"Electronic Super Joy Bonus Content",4,0,0,0,0.0
"Electronic Super Joy Groove City",4,1,0.1,0.1,25.0
"Elven Legacy",4,3,25.8,8.6,75.0
"Ether Vapor Remaster",4,1,4.5,4.5,25.0
Etherium,4,1,0.3,0.3,25.0
"F1 Race Stars",4,4,21.9,5.475,100.0
"FATE Undiscovered Realms",4,1,1.2,1.2,25.0
"FINAL FANTASY IV",4,1,0.6,0.6,25.0
"Face Noir",4,1,3.1,3.1,25.0
"Faces of War",4,2,0.8,0.4,50.0
"Fahrenheit Indigo Prophecy Remastered",4,3,16.4,5.46666666666667,75.0
"Fairy Bloom Freesia - Original Soundtrack",4,0,0,0,0.0
"Fallen Enchantress",4,4,151.3,37.825,100.0
"Fallen Enchantress Legendary Heroes Map Pack",4,0,0,0,0.0
"Farming Simulator 2013 - Modding Tutorials",4,2,14.8,7.4,50.0
"Final Dusk",4,2,4.0,2.0,50.0
Fingered,4,4,10.4,2.6,100.0
"Firefly Online Cortex",4,2,0.5,0.25,50.0
"Folk Tale",4,4,23.1,5.775,100.0
"Forsaken Uprising",4,1,2.7,2.7,25.0
"Fortix 2",4,1,11.2,11.2,25.0
"Freaking Meatbags",4,1,331.0,331.0,25.0
"GUILTY GEAR Xrd -SIGN-",4,3,17.0,5.66666666666667,75.0
"Game Tycoon 1.5",4,2,8.4,4.2,50.0
"Geneforge 1",4,0,0,0,0.0
"Geneforge 2",4,0,0,0,0.0
"Geneforge 3",4,0,0,0,0.0
"Geneforge 4",4,0,0,0,0.0
"Geneforge 5",4,0,0,0,0.0
"Genesis Rising",4,3,4.5,1.5,75.0
"Gray Matter",4,2,25.2,12.6,50.0
"Greed Black Border",4,1,0.1,0.1,25.0
"Guild of Dungeoneering",4,3,46.1,15.3666666666667,75.0
"Guilty Gear X2 #Reload",4,2,1.1,0.55,50.0
"Gunman Clive",4,3,3.2,1.06666666666667,75.0
"Half Minute Hero The Second Coming",4,0,0,0,0.0
"Hate Plus",4,1,14.8,14.8,25.0
"Heavy Fire Afghanistan",4,3,6.1,2.03333333333333,75.0
"Heli Heroes",4,1,0.7,0.7,25.0
"Holy Potatoes! A Weapon Shop?!",4,4,26.8,6.7,100.0
"Hunting Unlimited 2010",4,2,6.0,3.0,50.0
"Huntsman - The Orphanage Halloween Edition",4,1,0.1,0.1,25.0
"Hyperdimension Neptunia Re;Birth2 Sisters Generation",4,0,0,0,0.0
"Imperial Glory",4,1,170.0,170.0,25.0
"Impossible Creatures",4,3,3.3,1.1,75.0
"Indigo Prophecy",4,3,31.5,10.5,75.0
Influent,4,2,14.3,7.15,50.0
"Intergalactic Bubbles",4,3,4.6,1.53333333333333,75.0
"Into The War",4,1,0.7,0.7,25.0
"Invisible Apartment",4,1,0.4,0.4,25.0
"Iron Sky Invasion",4,0,0,0,0.0
"Iron Warriors T-72 Tank Command",4,1,1.2,1.2,25.0
"Ironclad Tactics",4,3,10.5,3.5,75.0
"It came from space, and ate our brains",4,2,7.8,3.9,50.0
"Jagged Alliance 2 Gold Pack",4,1,1.6,1.6,25.0
"Jagged Alliance 2 Gold Unfinished Business",4,0,0,0,0.0
Kingdom,4,4,15.4,3.85,100.0
"Kung Fury Street Rage",4,2,1.1,0.55,50.0
"Lakeview Cabin Collection",4,4,25.1,6.275,100.0
"Lamia Must Die",4,1,0.3,0.3,25.0
"Layers of Fear",4,3,8.2,2.73333333333333,75.0
"Legends of Aethereus",4,1,8.8,8.8,25.0
"Legends of Persia",4,0,0,0,0.0
"Legionwood 2 Rise of the Eternal's Realm",4,0,0,0,0.0
"Lego Star Wars 3 The Clone Wars",4,3,21.0,7.0,75.0
Lightfish,4,1,1.2,1.2,25.0
"Lilly Looking Through",4,1,7.5,7.5,25.0
Love,4,3,23.1,7.7,75.0
"Lovely Planet",4,2,2.6,1.3,50.0
"Lucius II",4,3,16.3,5.43333333333333,75.0
"MASSIVE CHALICE",4,4,34.7,8.675,100.0
"MLB 2K12",4,3,193.7,64.5666666666667,75.0
"Majesty Gold Edition",4,1,16.1,16.1,25.0
"Majesty Gold HD",4,0,0,0,0.0
"Major Mayhem",4,3,12.8,4.26666666666667,75.0
Manhole,4,0,0,0,0.0
"Melissa K. and the Heart of Gold Collector's Edition",4,2,9.4,4.7,50.0
Meltdown,4,0,0,0,0.0
Metrocide,4,2,1.6,0.8,50.0
"Might & Magic Heroes VII ",4,4,367.2,91.8,100.0
"Mighty Gunvolt",4,2,1.0,0.5,50.0
Monopoly,4,4,18.9,4.725,100.0
Moonrise,4,3,3.5,1.16666666666667,75.0
"Muffin Knight",4,0,0,0,0.0
"NEED FOR MADNESS ?",4,2,4.3,2.15,50.0
"Naval War Arctic Circle",4,1,27.0,27.0,25.0
NecroVisioN,4,0,0,0,0.0
"NecroVisioN Lost Company",4,1,0.5,0.5,25.0
"Nethergate Resurrection",4,0,0,0,0.0
"Never Alone Original Soundtrack",4,0,0,0,0.0
"Nexus The Jupiter Incident",4,3,5.6,1.86666666666667,75.0
"Nightmares from the Deep 2 The Siren`s Call",4,3,16.3,5.43333333333333,75.0
"Nightmares from the Deep The Cursed Heart",4,3,13.9,4.63333333333333,75.0
"Numen Contest of Heroes",4,2,1.3,0.65,50.0
Nyctophilia,4,0,0,0,0.0
NyxQuest,4,2,12.0,6.0,50.0
"ONE PIECE PIRATE WARRIORS 3",4,3,5.5,1.83333333333333,75.0
"Ohm Studio",4,1,0.1,0.1,25.0
"One Way To Die Steam Edition",4,1,0.1,0.1,25.0
Overture,4,2,15.4,7.7,50.0
Perpetuum,4,4,1603.9,400.975,100.0
"Phoenix Force",4,3,7.2,2.4,75.0
"Pink Hour",4,1,0.4,0.4,25.0
"Pirates of Black Cove",4,2,31.9,15.95,50.0
"Pitiri 1977",4,0,0,0,0.0
"Port of Call",4,2,1.3,0.65,50.0
"Post Apocalyptic Mayhem DLC 2 Chaos Pack",4,0,0,0,0.0
"Post Mortem",4,1,2.1,2.1,25.0
"Postal 3",4,3,7.2,2.4,75.0
Power-Up,4,2,2.8,1.4,50.0
Primordia,4,3,11.6,3.86666666666667,75.0
"Project CARS - Old Vs New Car Pack",4,0,0,0,0.0
"Project Temporality",4,0,0,0,0.0
"Quest of Dungeons",4,3,8.7,2.9,75.0
"REVOLVER360 REACTOR",4,0,0,0,0.0
ROCKETSROCKETSROCKETS,4,2,1.9,0.95,50.0
"RPG Maker 2003",4,3,157.2,52.4,75.0
"RPG Maker Old School Modern Resource Pack",4,0,0,0,0.0
"RUNNING WITH RIFLES",4,3,29.4,9.8,75.0
RWRZ,4,0,0,0,0.0
"Real Boxing",4,2,3.3,1.65,50.0
"Real World Racing",4,1,1.8,1.8,25.0
"Real World Racing Amsterdam & Oakland",4,0,0,0,0.0
"Red Stone Online",4,1,0.3,0.3,25.0
Redshirt,4,1,5.3,5.3,25.0
RefleX,4,0,0,0,0.0
Retention,4,2,3.8,1.9,50.0
Rexaura,4,1,0.1,0.1,25.0
"Ridge Racer Unbounded",4,0,0,0,0.0
"Rig 'n' Roll",4,2,1.4,0.7,50.0
"Rogue Warrior",4,1,1.5,1.5,25.0
"Rune Classic",4,1,6.2,6.2,25.0
"Runestone Keeper",4,4,152.8,38.2,100.0
"SONIC THE HEDGEHOG 4 Episode I",4,3,1.8,0.6,75.0
"Sakura Angels",4,4,3.8,0.95,100.0
"Scourge Outbreak - Blindside",4,0,0,0,0.0
"Scourge Outbreak Fan Pack",4,0,0,0,0.0
"Shadowgate MacVenture Series",4,2,1.7,0.85,50.0
"Shantae Risky's Revenge - Director's Cut",4,1,0.3,0.3,25.0
"Shantae and the Pirate's Curse",4,4,20.5,5.125,100.0
"Shattered Planet",4,1,0.6,0.6,25.0
"Shattered Union",4,1,116.0,116.0,25.0
"Silent Storm",4,0,0,0,0.0
"Silent Storm Sentinels",4,1,7.6,7.6,25.0
"Solar Flux",4,3,3.0,1.0,75.0
"Sonic and SEGA All Stars Racing",4,2,0.8,0.4,50.0
"Space Quest Collection",4,3,24.0,8.0,75.0
"Spark Rising",4,0,0,0,0.0
Spectraball,4,4,30.0,7.5,100.0
Spelunx,4,0,0,0,0.0
"Sphere III Enchanted World",4,2,4.6,2.3,50.0
"Spoiler Alert",4,2,2.2,1.1,50.0
"Star Wolves",4,2,8.4,4.2,50.0
"StarDrive 2",4,4,130.0,32.5,100.0
"Starion Tactics",4,1,4.5,4.5,25.0
"State of Decay Year-One",4,2,17.8,8.9,50.0
"Still Life 2",4,0,0,0,0.0
Stormrise,4,4,1.8,0.45,100.0
"Street Fighter X Tekken",4,4,17.9,4.475,100.0
"Strike Suit Zero Director's Cut",4,3,3.3,1.1,75.0
"Subspace Continuum",4,3,1.0,0.333333333333333,75.0
"Super Comboman",4,0,0,0,0.0
"Super House of Dead Ninjas",4,3,3.4,1.13333333333333,75.0
"Super Puzzle Platformer Deluxe",4,1,5.9,5.9,25.0
"Super Time Force Ultra",4,3,1.6,0.533333333333333,75.0
"Supreme Ruler Cold War",4,3,450.4,150.133333333333,75.0
"THE KING OF FIGHTERS 2002 UNLIMITED MATCH",4,2,15.5,7.75,50.0
"Take On Mars",4,4,28.4,7.1,100.0
"Tales of Maj'Eyal",4,4,76.3,19.075,100.0
"Telltale Texas Hold'Em",4,0,0,0,0.0
"The 7th Guest",4,2,0.5,0.25,50.0
"The Amazing Spider-Man",4,3,23.0,7.66666666666667,75.0
"The Blackwell Legacy",4,0,0,0,0.0
"The Cursed Crusade",4,4,4.5,1.125,100.0
"The Dead Linger",4,2,9.2,4.6,50.0
"The Dream Machine Chapter 4",4,0,0,0,0.0
"The First Templar",4,0,0,0,0.0
"The Inner World",4,1,1.3,1.3,25.0
"The Kings' Crusade",4,2,8.5,4.25,50.0
"The Last Federation",4,4,8.0,2.0,100.0
"The Moon Sliver",4,1,0.6,0.6,25.0
"The Next BIG Thing",4,2,2.7,1.35,50.0
"The Sims(TM) Medieval",4,4,59.4,14.85,100.0
"The Treasures of Montezuma 4",4,4,554.4,138.6,100.0
"The Yawhg",4,1,0.3,0.3,25.0
"Theatre of War 2 Africa 1943",4,1,1.3,1.3,25.0
Timberman,4,2,10.1,5.05,50.0
"Tiny Brains",4,2,7.7,3.85,50.0
"Tom Clancy's EndWar",4,3,5.2,1.73333333333333,75.0
"Tom Clancy's Ghost Recon",4,2,0.5,0.25,50.0
"Tom Clancy's Ghost Recon Phantoms - EU Substance with Style pack (Support)",4,0,0,0,0.0
"Tom Clancy's Ghost Recon Phantoms - EU WAR Madness pack (Assault)",4,0,0,0,0.0
"Tom Clancy's Ghost Recon Phantoms - NA Looks and Power (Recon)",4,0,0,0,0.0
"Tom Clancy's H.A.W.X.",4,2,14.5,7.25,50.0
"TransOcean The Shipping Company",4,4,28.0,7.0,100.0
Ubinota,4,0,0,0,0.0
Uebergame,4,0,0,0,0.0
"Universal Combat CE",4,1,0.2,0.2,25.0
"Uru Complete Chronicles",4,0,0,0,0.0
Velocibox,4,1,0.9,0.9,25.0
"Victoria Revolutions",4,0,0,0,0.0
"WORLD END ECONOMiCA episode.01",4,4,1.1,0.275,100.0
"WRC Powerslide",4,2,9.6,4.8,50.0
"War of Beach",4,2,0.5,0.25,50.0
"War of the Vikings",4,3,18.0,6.0,75.0
"Warhammer 40,000 Kill Team",4,3,7.2,2.4,75.0
Waves,4,1,0.2,0.2,25.0
"White Noise Online",4,2,9.0,4.5,50.0
"Wizardry 8",4,1,1.4,1.4,25.0
Wolfenstein,4,1,26.0,26.0,25.0
"Woodcutter Simulator 2013",4,0,0,0,0.0
"Written in the Sky",4,1,0.8,0.8,25.0
"X-Plane 10 Global - 64 Bit",4,4,1072.1,268.025,100.0
"X-Plane 10 Global - 64 Bit - Africa Scenery",4,0,0,0,0.0
"X-Plane 10 Global - 64 Bit - Asia Scenery",4,0,0,0,0.0
"X-Plane 10 Global - 64 Bit - Australia Scenery",4,0,0,0,0.0
"X-Plane 10 Global - 64 Bit - North America Scenery",4,0,0,0,0.0
"X-Plane 10 Global - 64 Bit - South America Scenery",4,0,0,0,0.0
"XIII Century",4,0,0,0,0.0
"Ys The Oath in Felghana",4,3,22.4,7.46666666666667,75.0
Yury,4,3,3.4,1.13333333333333,75.0
"Zafehouse Diaries",4,1,3.6,3.6,25.0
"Zero Gear",4,2,3.4,1.7,50.0
"Zombie Driver HD",4,3,3.9,1.3,75.0
"Zombie Zoeds",4,2,4.5,2.25,50.0
"Zuma Deluxe",4,1,0.5,0.5,25.0
"Zuma's Revenge",4,3,136.5,45.5,75.0
"iBomber Defense",4,2,11.1,5.55,50.0
"theHunter Primal",4,4,85.9,21.475,100.0
0RBITALIS,3,3,1.2,0.4,100.0
"16bit Trader",3,2,8.9,4.45,66.67
"1954 Alcatraz",3,0,0,0,0.0
"99 Spirits",3,1,3.9,3.9,33.33
"A Walk in the Dark",3,2,2.5,1.25,66.67
"A-Train 8",3,1,0.1,0.1,33.33
"ALLTYNEX Second",3,0,0,0,0.0
AVSEQ,3,0,0,0,0.0
"AZMD! Scorepocalypse ",3,1,1.1,1.1,33.33
"About Love, Hate and the other ones",3,0,0,0,0.0
"Absolute Drift",3,3,5.9,1.96666666666667,100.0
Achron,3,3,2.6,0.866666666666667,100.0
"Action! - Gameplay Recording and Streaming",3,3,269.0,89.6666666666667,100.0
"Aeon Command",3,3,1.3,0.433333333333333,100.0
"Agarest - Upgrade Pack 1 DLC",3,0,0,0,0.0
"Agarest Generations of War 2",3,0,0,0,0.0
"Agarest Generations of War Premium Edition Upgrade",3,0,0,0,0.0
"Age of Wonders Trilogy Soundtrack",3,0,0,0,0.0
"Agricultural Simulator 2011 Extended Edition",3,1,0.1,0.1,33.33
"Airport Simulator 2014",3,1,8.5,8.5,33.33
"Akane the Kunoichi",3,2,3.3,1.65,66.67
"Albedo Eyes from Outer Space",3,0,0,0,0.0
"Alien Carnage / Halloween Harry",3,0,0,0,0.0
"Alien Shooter Vengeance",3,3,13.3,4.43333333333333,100.0
"Alien Spidy",3,0,0,0,0.0
"Ancient Space",3,1,27.0,27.0,33.33
"Angels Fall First",3,3,15.2,5.06666666666667,100.0
"Anomaly Defenders",3,0,0,0,0.0
"Arctic Adventure",3,0,0,0,0.0
"Armada 2526",3,3,1.8,0.6,100.0
Ascendant,3,1,5.0,5.0,33.33
"Ashes of the Singularity",3,1,0.7,0.7,33.33
"Assassin's Creed Liberation",3,0,0,0,0.0
"Assassin's Creed Syndicate",3,3,96.4,32.1333333333333,100.0
"Astro Lords",3,2,0.3,0.15,66.67
"Attrition Nuclear Domination",3,0,0,0,0.0
Auditorium,3,2,0.9,0.45,66.67
"Aura Fate of the Ages",3,3,10.8,3.6,100.0
"BIT.TRIP FATE Original Soundtrack",3,0,0,0,0.0
"BIT.TRIP FLUX",3,0,0,0,0.0
"BIT.TRIP FLUX Soundtrack",3,0,0,0,0.0
"Back to Bed",3,1,1.6,1.6,33.33
"Bad Hotel",3,1,10.0,10.0,33.33
"Balls of Steel",3,0,0,0,0.0
"Battle for Blood - Epic battles within 30 seconds!",3,0,0,0,0.0
"Battle of Empires  1914-1918",3,3,73.2,24.4,100.0
"Bejeweled 2 Deluxe",3,3,2.4,0.8,100.0
"Beware Planet Earth",3,1,2.2,2.2,33.33
"Big Pharma",3,3,28.4,9.46666666666667,100.0
"Bio Menace",3,0,0,0,0.0
"Biology Battle",3,0,0,0,0.0
"Bionic Commando",3,1,1.2,1.2,33.33
"Black Ink",3,3,239.3,79.7666666666667,100.0
"Black Sails",3,1,1.8,1.8,33.33
"Blackguards Untold Legends",3,0,0,0,0.0
"Blackwell Deception",3,0,0,0,0.0
"Blake Stone Aliens of Gold",3,0,0,0,0.0
"Blake Stone Planet Strike",3,0,0,0,0.0
"Blazing Angels Squadrons of WWII",3,1,7.6,7.6,33.33
"Blitzkrieg 2 Anthology",3,3,21.8,7.26666666666667,100.0
"Blob From Space",3,2,5.8,2.9,66.67
"Blood Bowl 2 - Wood Elves",3,0,0,0,0.0
"Blood Knights",3,2,5.0,2.5,66.67
"Blood One Unit Whole Blood",3,3,3.5,1.16666666666667,100.0
"BloodRayne 2",3,2,5.8,2.9,66.67
Boid,3,1,8.9,8.9,33.33
"Bone Out from Boneville",3,0,0,0,0.0
"Bone The Great Cow Race",3,0,0,0,0.0
"Booster Trooper",3,3,2.1,0.7,100.0
"Bridge Constructor Medieval",3,1,1.7,1.7,33.33
"Brothers in Arms Earned in Blood",3,0,0,0,0.0
"Bullet Candy",3,0,0,0,0.0
"Cakewalk Sound Center",3,0,0,0,0.0
"Call to Arms",3,3,75.2,25.0666666666667,100.0
"Cannon Brawl",3,3,5.4,1.8,100.0
"Cards and Castles",3,2,1.7,0.85,66.67
"Cargo! - The quest for gravity",3,2,14.0,7.0,66.67
"Carmageddon Max Pack",3,1,2.8,2.8,33.33
"Carmageddon TDR 2000",3,0,0,0,0.0
"CastleStorm - From Outcast to Savior",3,0,0,0,0.0
"CastleStorm - The Warrior Queen",3,0,0,0,0.0
"Castlevania Lords of Shadow 2 - Dark Dracula Costume",3,0,0,0,0.0
"Castlevania Lords of Shadow 2 - Revelations DLC",3,0,0,0,0.0
"Cat Goes Fishing",3,2,1.0,0.5,66.67
"Cities XL - Limited Edition",3,2,1.9,0.95,66.67
Clans,3,0,0,0,0.0
"Clergy Splode",3,1,0.4,0.4,33.33
"Clockwork Tales Of Glass and Ink",3,3,10.8,3.6,100.0
"Cognition - Original Soundtrack Vol 1",3,0,0,0,0.0
"Cognition An Erica Reed Thriller",3,1,3.5,3.5,33.33
Coil,3,1,0.3,0.3,33.33
"Coldfire Keep",3,0,0,0,0.0
ComaMortuary,3,2,1.9,0.95,66.67
"Company of Heroes Europe at War",3,2,25.2,12.6,66.67
"Company of Heroes The Great War 1918",3,0,0,0,0.0
"Construction Simulator 2015 Liebherr LB28",3,0,0,0,0.0
"Construction Simulator 2015 Liebherr LR 1300",3,0,0,0,0.0
"Containment The Zombie Puzzler",3,1,2.3,2.3,33.33
"Cosmo's Cosmic Adventure",3,0,0,0,0.0
Cosmonautica,3,3,37.3,12.4333333333333,100.0
"Cosmonautica - Soundtrack",3,0,0,0,0.0
Cradle,3,3,34.9,11.6333333333333,100.0
"Crazy Machines 2 - Jewel Digger DLC",3,0,0,0,0.0
"Crazy Machines Elements",3,0,0,0,0.0
"Crazy Plant Shop",3,2,4.0,2.0,66.67
"Cricket Revolution",3,2,38.4,19.2,66.67
"Crypt of the Necrodancer Soundtrack",3,0,0,0,0.0
"Crystal Caves",3,0,0,0,0.0
"DRAGON QUEST HEROES Slime Weapons and Two Bonus Maps",3,0,0,0,0.0
"Dark Ages",3,0,0,0,0.0
"Dark Fall 1 The Journal",3,1,0.5,0.5,33.33
"Dark Void",3,1,0.4,0.4,33.33
Darkout,3,1,1.0,1.0,33.33
Daylight,3,3,7.1,2.36666666666667,100.0
"Deadlings - Rotten Edition",3,2,5.0,2.5,66.67
"Death Rally (Classic)",3,0,0,0,0.0
"Death Ray Manta",3,0,0,0,0.0
"Death to Spies Moment of Truth",3,0,0,0,0.0
"Decay - The Mare",3,1,5.0,5.0,33.33
"Delve Deeper",3,2,4.6,2.3,66.67
"Dementium II HD",3,3,3.8,1.26666666666667,100.0
"Demise of Nations Rome",3,1,1.5,1.5,33.33
"Depth Hunter 2 Deep Dive",3,1,10.4,10.4,33.33
Descent,3,3,20.4,6.8,100.0
"Desktop Dungeons",3,3,87.9,29.3,100.0
"Detective Case and Clown Bot in Murder in the Hotel Lisbon",3,0,0,0,0.0
"Devil May Cry 4 Special Edition",3,3,22.1,7.36666666666667,100.0
"Devils Share",3,1,0.7,0.7,33.33
"Dominique Pamplemousse",3,0,0,0,0.0
"Dragomon Hunter - Welcome Gift",3,0,0,0,0.0
"Dragon Quest Heroes",3,2,13.9,6.95,66.67
"Drakensang The River of Time",3,1,1.8,1.8,33.33
"Drunken Robot Pornography",3,1,1.6,1.6,33.33
"Duke Nukem 2",3,0,0,0,0.0
"Duke Nukem 3D",3,0,0,0,0.0
"Dungeonbowl Knockout Edition",3,1,0.2,0.2,33.33
"Eden Star  Destroy - Build - Protect",3,3,17.2,5.73333333333333,100.0
"Emergency 2014",3,2,7.5,3.75,66.67
"Emet - Hunter (Medic Class)",3,0,0,0,0.0
"Enforcer Police Crime Action",3,3,20.7,6.9,100.0
"Enigmatis 2 The Mists of Ravenwood",3,1,5.9,5.9,33.33
"Escape Goat",3,3,31.7,10.5666666666667,100.0
Etherlords,3,0,0,0,0.0
"Etherlords II",3,1,0.5,0.5,33.33
"Euro Fishing",3,2,1.3,0.65,66.67
"FINAL FANTASY XI Ultimate Collection - Abyssea Edition",3,0,0,0,0.0
FOTONICA,3,2,5.6,2.8,66.67
"FX Football - The Manager for Every Football Fan",3,3,8.9,2.96666666666667,100.0
"FX Football 3D Match",3,0,0,0,0.0
"Fallen Enchantress Legendary Heroes Quest Pack",3,0,0,0,0.0
"Fallout 3 - Mothership Zeta",3,0,0,0,0.0
"Fallout 3 - Point Lookout",3,0,0,0,0.0
FarSky,3,2,36.5,18.25,66.67
"Fester Mudd Curse of the Gold - Episode 1",3,2,2.5,1.25,66.67
"Firefighters 2014",3,2,12.9,6.45,66.67
"Fist Puncher",3,1,0.3,0.3,33.33
"Fist of Jesus",3,0,0,0,0.0
"Flame Over",3,0,0,0,0.0
"Flight of the Icarus",3,2,1.4,0.7,66.67
Flotilla,3,0,0,0,0.0
"Fortress Forever",3,0,0,0,0.0
"Franchise Hockey Manager 2014",3,3,74.0,24.6666666666667,100.0
"Freedom Fall",3,2,60.2,30.1,66.67
GAUGE,3,0,0,0,0.0
GUN,3,1,0.4,0.4,33.33
"Galactic Civilizations III - Ship Designer's Toolbox DLC",3,0,0,0,0.0
"Galactic Civilizations III Soundtrack",3,0,0,0,0.0
"GoD Factory Wingmen",3,2,14.5,7.25,66.67
"Good Friends Character Pack",3,0,0,0,0.0
"Good Ol Times",3,0,0,0,0.0
"Grand Ages Medieval",3,3,118.8,39.6,100.0
"Gravity Badgers",3,1,14.9,14.9,33.33
"Great Permutator",3,1,1.6,1.6,33.33
"GridRunner Revolution",3,2,0.4,0.2,66.67
"Guacamelee! Super Turbo Championship Edition",3,0,0,0,0.0
"Guardians of Graxia",3,1,0.5,0.5,33.33
"Guild Wars Game of the Year",3,2,31.3,15.65,66.67
"Gurumin A Monstrous Adventure",3,2,2.6,1.3,66.67
Gyromancer,3,0,0,0,0.0
"Hamilton's Great Adventure",3,2,4.5,2.25,66.67
"Hard Truck Apocalypse Rise Of Clans / Ex Machina Meridian 113",3,2,6.4,3.2,66.67
"Harvest Massive Encounter",3,3,28.1,9.36666666666667,100.0
"Hero Siege - The Depths of Hell",3,0,0,0,0.0
"Heroes of Annihilated Empires",3,0,0,0,0.0
"Heroes of Hellas 3 Athens",3,2,44.9,22.45,66.67
"Hocus Pocus",3,0,0,0,0.0
Hylics,3,2,5.4,2.7,66.67
"IL-2 Sturmovik Battle of Stalingrad",3,2,31.7,15.85,66.67
"If My Heart Had Wings",3,2,26.5,13.25,66.67
Inquisitor,3,0,0,0,0.0
"Joe Danger",3,3,4.5,1.5,100.0
"Juiced 2 Hot Import Nights",3,0,0,0,0.0
KAMUI,3,0,0,0,0.0
"Karateka ",3,0,0,0,0.0
"Kinetic Void",3,3,6.1,2.03333333333333,100.0
"King's Quest",3,3,33.7,11.2333333333333,100.0
"Kingdom Elemental",3,0,0,0,0.0
"Kraven Manor",3,0,0,0,0.0
"LEGO Pirates of the Caribbean The Video Game",3,1,3.5,3.5,33.33
"LISA the Joyful",3,0,0,0,0.0
"Leadwerks Game Launcher",3,0,0,0,0.0
"Legends of Pegasus",3,3,24.4,8.13333333333333,100.0
"Letter Quest Grimm's Journey",3,1,9.5,9.5,33.33
"Letter Quest Grimm's Journey Remastered",3,1,8.6,8.6,33.33
Lexica,3,0,0,0,0.0
"Light of Altair",3,2,2.8,1.4,66.67
"Lilly and Sasha Nexus of Souls",3,0,0,0,0.0
"London 2012 The Official Video Game of the Olympic Games",3,2,37.1,18.55,66.67
"Lords of the Black Sun",3,3,6.8,2.26666666666667,100.0
"Lost Horizon",3,3,55.9,18.6333333333333,100.0
Lucid,3,2,1.6,0.8,66.67
"Luxuria Superbia",3,0,0,0,0.0
"M.U.D. TV",3,2,20.8,10.4,66.67
"METAL SLUG X",3,1,7.2,7.2,33.33
MURI,3,2,0.6,0.3,66.67
"MXGP - The Official Motocross Videogame",3,2,18.9,9.45,66.67
"MacGuffin's Curse",3,2,15.5,7.75,66.67
"Mad Games Tycoon",3,2,38.4,19.2,66.67
"Magical Battle Festa",3,0,0,0,0.0
Maia,3,2,23.8,11.9,66.67
Mainland,3,1,6.1,6.1,33.33
"Major Stryker",3,0,0,0,0.0
"Making History The Calm & The Storm",3,1,79.0,79.0,33.33
Manhunt,3,0,0,0,0.0
"Marble Mayhem Fragile Ball",3,2,7.5,3.75,66.67
"Math Rescue",3,0,0,0,0.0
"Max The Curse of Brotherhood",3,2,2.6,1.3,66.67
"Merchants of Kaidan",3,2,15.1,7.55,66.67
"Metaverse Construction Kit",3,3,0.5,0.166666666666667,100.0
"Mind Path to Thalamus Enhanced Edition",3,3,14.8,4.93333333333333,100.0
"Mishap An Accidental Haunting",3,2,15.6,7.8,66.67
"MoW Face Off M",3,1,3.0,3.0,33.33
"Monster Bash",3,1,0.2,0.2,33.33
"Monster Loves You!",3,1,3.8,3.8,33.33
"Montague's Mount",3,1,0.4,0.4,33.33
"Monuments of Mars",3,0,0,0,0.0
"Mr. Robot",3,1,0.1,0.1,33.33
"Myst V",3,2,0.5,0.25,66.67
"Mystic Towers",3,0,0,0,0.0
"NASCAR '15 Paint Pack 1",3,0,0,0,0.0
"NBA 2K12",3,2,182.5,91.25,66.67
"NOBUNAGA'S AMBITION Sphere of Influence",3,3,167.3,55.7666666666667,100.0
"NOT A HERO",3,3,25.6,8.53333333333333,100.0
NaissanceE,3,1,2.7,2.7,33.33
"Nancy Drew Ransom of the Seven Ships ",3,2,10.8,5.4,66.67
"Nightmares from the Deep 3 Davy Jones",3,1,5.9,5.9,33.33
"Nimble Quest",3,2,4.3,2.15,66.67
"Nobunaga's Ambition Souzou with Power Up Kit",3,3,445.0,148.333333333333,100.0
OTTTD,3,2,3.8,1.9,66.67
"Odyssey Reborn",3,0,0,0,0.0
"Oozi Earth Adventure",3,1,3.1,3.1,33.33
"Oscura Lost Light",3,1,1.3,1.3,33.33
"Out There  Edition",3,3,11.3,3.76666666666667,100.0
"Over 9000 Zombies!",3,2,4.7,2.35,66.67
Overruled!,3,0,0,0,0.0
"Pacific Storm Allies",3,1,0.3,0.3,33.33
Paganitzu,3,0,0,0,0.0
"Painkiller Gold Edition",3,1,14.1,14.1,33.33
"Paint the Town Red",3,2,3.0,1.5,66.67
"Paper Sorcerer",3,1,1.6,1.6,33.33
"Paranormal State Poison Spring Collector's Edition",3,2,5.7,2.85,66.67
"Pat & Mat",3,2,22.0,11.0,66.67
"Pharaoh's Tomb",3,0,0,0,0.0
"Pinball FX2 - Captain America Table",3,0,0,0,0.0
"Pinball FX2 - Marvel Pinball Avengers Chronicles pack",3,0,0,0,0.0
"Pinball FX2 - Marvel Pinball Original Pack",3,0,0,0,0.0
"Pinball FX2 - Star Wars Pinball Balance of the Force Pack",3,0,0,0,0.0
"Pineview Drive",3,1,2.1,2.1,33.33
"Port Royale 2",3,2,87.9,43.95,66.67
"Pro Cycling Manager 2013",3,3,323.0,107.666666666667,100.0
"Pro Evolution Soccer 2014",3,3,178.9,59.6333333333333,100.0
"Pro Evolution Soccer 2014 Online Pass",3,0,0,0,0.0
"Pro Evolution Soccer 2016",3,3,164.0,54.6666666666667,100.0
"Probably Archery",3,1,0.3,0.3,33.33
"Professional Farmer 2014 - America DLC",3,0,0,0,0.0
"Project CARS - Audi Ruapuna Speedway Expansion Pack",3,0,0,0,0.0
"Project Explore",3,2,6.8,3.4,66.67
Protocol,3,0,0,0,0.0
R.O.O.T.S,3,1,0.3,0.3,33.33
"RIDE Game",3,3,64.8,21.6,100.0
"RPG Tycoon",3,3,6.3,2.1,100.0
"RWBY Grimm Eclipse",3,3,4.7,1.56666666666667,100.0
"Raptor Call of the Shadows (1994 Classic Edition)",3,0,0,0,0.0
"Razor2 Hidden Skies",3,1,0.4,0.4,33.33
"Real Warfare",3,1,0.1,0.1,33.33
"Realms of Chaos",3,0,0,0,0.0
"Reaper - Tale of a Pale Swordsman",3,1,2.6,2.6,33.33
"Regimental Chess",3,0,0,0,0.0
"Renaissance Heroes",3,0,0,0,0.0
Republique,3,2,7.3,3.65,66.67
"Rescue Everyday Heroes",3,1,3.7,3.7,33.33
"Restaurant Empire II",3,2,47.2,23.6,66.67
"Reveal The Deep",3,1,0.4,0.4,33.33
"Richard & Alice",3,0,0,0,0.0
"Rise of the Triad Dark War",3,0,0,0,0.0
"Road Not Taken",3,3,8.7,2.9,100.0
"Robin Hood",3,2,78.0,39.0,66.67
"Rogue Shooter The FPS Roguelike",3,3,27.9,9.3,100.0
"SOL Exodus",3,0,0,0,0.0
"STAR WARS X-Wing Alliance",3,2,2.5,1.25,66.67
STARWHAL,3,2,5.8,2.9,66.67
Sacraboar,3,0,0,0,0.0
"Secret Agent",3,0,0,0,0.0
"Secrets of Grindea",3,3,22.6,7.53333333333333,100.0
"Serious Sam HD The Second Encounter Player Models",3,0,0,0,0.0
"Shadow Man",3,1,0.3,0.3,33.33
"Shadow Puppeteer",3,2,0.7,0.35,66.67
"Shadow Warrior (Classic)",3,0,0,0,0.0
"Shadows of War",3,2,3.1,1.55,66.67
"Shelter 2",3,3,9.2,3.06666666666667,100.0
"ShootMania Storm",3,2,41.0,20.5,66.67
"Silence of the Sleep",3,0,0,0,0.0
"Silent Hunter 5 Battle of the Atlantic",3,3,73.8,24.6,100.0
"Silent Hunter Wolves of the Pacific",3,2,344.8,172.4,66.67
Silverfall,3,1,2.2,2.2,33.33
"Sky Battles",3,0,0,0,0.0
"Skyward Collapse",3,2,33.4,16.7,66.67
Sokobond,3,1,0.7,0.7,33.33
"Sol Survivor",3,3,13.7,4.56666666666667,100.0
"Sometimes Success Requires Sacrifice",3,2,25.9,12.95,66.67
Soulbringer,3,0,0,0,0.0
"Space Empires V",3,1,1.9,1.9,33.33
"Star Chronicles Delta Quadrant",3,0,0,0,0.0
"Star Wolves 2",3,0,0,0,0.0
Stargunner,3,0,0,0,0.0
"Starpoint Gemini",3,0,0,0,0.0
"Storm in a Teacup",3,0,0,0,0.0
"Super Motherload",3,2,4.6,2.3,66.67
"Super Panda Adventures",3,1,19.2,19.2,33.33
"Super Toy Cars",3,0,0,0,0.0
"SuperPower 2 Steam Edition",3,1,1.8,1.8,33.33
"Swarm Arena",3,2,0.8,0.4,66.67
TUG,3,1,0.6,0.6,33.33
"Tales of Maj'Eyal - Ashes of Urh'Rok",3,0,0,0,0.0
Tengami,3,0,0,0,0.0
"Terminal Velocity",3,0,0,0,0.0
"Terrain Test",3,1,0.2,0.2,33.33
"The Albino Hunter",3,3,22.7,7.56666666666667,100.0
"The Book of Legends",3,0,0,0,0.0
"The Book of Unwritten Tales 2",3,2,27.0,13.5,66.67
"The Chaos Engine",3,1,1.4,1.4,33.33
"The Collider",3,2,0.6,0.3,66.67
"The Deer",3,1,1.5,1.5,33.33
"The Dream Machine Chapter 5",3,0,0,0,0.0
"The I of the Dragon",3,0,0,0,0.0
"The Marvellous Miss Take",3,2,2.9,1.45,66.67
"The Maw Brute Force",3,0,0,0,0.0
"The Maw River Redirect",3,0,0,0,0.0
"The Mysterious Cities of Gold - Secret Paths",3,0,0,0,0.0
"The Path - Prologue",3,3,1.3,0.433333333333333,100.0
"The Samaritan Paradox",3,1,3.6,3.6,33.33
"The Secret of Tremendous Corporation",3,1,1.3,1.3,33.33
"The Settlers 7 Paths to a Kingdom",3,3,69.3,23.1,100.0
"The UnderGarden",3,1,0.3,0.3,33.33
"The Witcher Adventure Game",3,2,31.8,15.9,66.67
"Theatre of War 2 Kursk 1943 ",3,1,0.2,0.2,33.33
"Third Eye Crime",3,1,0.5,0.5,33.33
"Tiny Troopers",3,2,5.7,2.85,66.67
"Tom Clancy's Ghost Recon Desert Siege",3,0,0,0,0.0
"Tom Clancy's Ghost Recon Island Thunder",3,0,0,0,0.0
"Tom Clancy's Ghost Recon Phantoms - NA Recon Starter Pack",3,0,0,0,0.0
"Tom Clancy's Ghost Recon Phantoms - NA Substance with Style pack (Assault)",3,0,0,0,0.0
"Tom Clancy's Ghost Recon Phantoms - NA Support Starter Pack",3,0,0,0,0.0
"Total Annihilation",3,3,1.0,0.333333333333333,100.0
"Train Simulator Sheerness Branch Extension Route",3,0,0,0,0.0
"Train Simulator Southern Pacific SD70M Loco",3,0,0,0,0.0
"Tropico 5 - Generalissimo",3,0,0,0,0.0
"Tropico 5 - Mad World",3,0,0,0,0.0
Tsukumogami,3,0,0,0,0.0
"Two Brothers",3,0,0,0,0.0
"UFO Afterlight - Old Version",3,0,0,0,0.0
"Ubersoldier II",3,2,1.7,0.85,66.67
"Under the Ocean",3,1,0.6,0.6,33.33
Unmechanical,3,2,3.7,1.85,66.67
Vangers,3,0,0,0,0.0
"Vegas Make It Big",3,0,0,0,0.0
"Villagers and Heroes Hero of Stormhold Pack",3,0,0,0,0.0
"Wacky Wheels",3,0,0,0,0.0
"War of the Human Tanks",3,3,6.3,2.1,100.0
"War, the Game",3,1,6.5,6.5,33.33
"Warhammer Online Age of Reckoning",3,1,3.0,3.0,33.33
"Way of the Samurai 4",3,3,9.0,3.0,100.0
"Wild Metal Country",3,0,0,0,0.0
"Wildlife Park 2 - Fantasy",3,0,0,0,0.0
"Wizardry 6 Bane of the Cosmic Forge",3,0,0,0,0.0
"Wizardry 7 Crusaders of the Dark Savant",3,1,23.0,23.0,33.33
"Woody Two-Legs Attack of the Zombie Pirates",3,1,0.5,0.5,33.33
"Word Rescue",3,0,0,0,0.0
Wrack,3,0,0,0,0.0
Xenophage,3,0,0,0,0.0
"Xpand Rally Xtreme",3,1,4.1,4.1,33.33
Yosumin!,3,1,0.4,0.4,33.33
ZombieRun,3,0,0,0,0.0
inMomentum,3,2,0.5,0.25,66.67
"1000 Amps",2,1,0.1,0.1,50.0
"18 Wheels of Steel American Long Haul",2,1,5.8,5.8,50.0
9.03m,2,1,0.3,0.3,50.0
"A Golden Wake",2,1,1.2,1.2,50.0
"A Wizard's Lizard",2,0,0,0,0.0
"AGFPRO Fantasy Side-Scroller Player",2,0,0,0,0.0
"AKIBA'S TRIP Undead & Undressed",2,2,24.0,12.0,100.0
AXYOS,2,1,4.4,4.4,50.0
"Abyss The Wraiths of Eden",2,1,6.8,6.8,50.0
"Adventurer Manager",2,1,21.0,21.0,50.0
"Afterfall InSanity - Dirty Arena Edition",2,2,0.9,0.45,100.0
"Agarest - Carrot-and-Stick Pack DLC",2,0,0,0,0.0
"Agarest - Fishy Pack 1 DLC",2,0,0,0,0.0
"Agarest - Fishy Pack 2 DLC",2,0,0,0,0.0
"Agarest - Jack Pack DLC",2,0,0,0,0.0
"Agarest - Legendary Adventure Pack DLC",2,0,0,0,0.0
"Agarest - Playful Cat Pack DLC",2,0,0,0,0.0
"Agarest - Rebellious Pack DLC",2,0,0,0,0.0
"Agarest - Rumored Adventure Pack DLC",2,0,0,0,0.0
"Agarest - Seasoned-Breeder Pack DLC",2,0,0,0,0.0
"Agarest - Secret-Society Pack DLC",2,0,0,0,0.0
"Agarest - Tonight's Dinner DLC",2,0,0,0,0.0
"Agarest - Top-Breeder Pack DLC",2,0,0,0,0.0
"Agarest - Ultimate Equipment Pack DLC",2,0,0,0,0.0
"Age of Booty",2,0,0,0,0.0
"Age of Conan Rise of the Godslayer",2,1,4.6,4.6,50.0
"Aggression Europe Under Fire",2,1,0.6,0.6,50.0
"Air Brawl",2,2,4.9,2.45,100.0
"Air Forte ",2,0,0,0,0.0
"Alien Hallway",2,0,0,0,0.0
"Alien Shooter 2 Conscription",2,0,0,0,0.0
"Alone in the Dark",2,1,0.4,0.4,50.0
"Always Sometimes Monsters Demo",2,0,0,0,0.0
"Amazon's Jungle Bundle",2,0,0,0,0.0
"Amnesia Memories",2,2,9.8,4.9,100.0
"An Alternative Reality The Football Manager Documentary",2,0,0,0,0.0
"Angels of Fasaria Version 2.0",2,1,9.9,9.9,50.0
"Anna's Quest",2,2,18.5,9.25,100.0
"Anomaly 2 Soundtrack",2,0,0,0,0.0
Antisquad,2,1,16.2,16.2,50.0
"Antisquad Tasks in Mexico - the beginning. Tactics FREE DLC",2,0,0,0,0.0
"Aqua Kitty - Milk Mine Defender",2,2,0.6,0.3,100.0
Arcadia,2,1,0.6,0.6,50.0
ArchonClassic,2,1,1.3,1.3,50.0
"Arma X Anniversary Edition",2,0,0,0,0.0
Armello,2,2,14.0,7.0,100.0
"Arms Dealer",2,1,1.9,1.9,50.0
"Arsenal of Democracy",2,0,0,0,0.0
"Assassin's Creed Rogue",2,1,62.0,62.0,50.0
"Assault Android Cactus",2,2,2.9,1.45,100.0
"Atari 80 Classic Games in One!",2,0,0,0,0.0
"Autobahn Police Simulator",2,2,1.9,0.95,100.0
"Automation - The Car Company Tycoon Game",2,2,12.4,6.2,100.0
"Babel Rising",2,2,0.4,0.2,100.0
"Bang Bang Racing",2,0,0,0,0.0
"Battle Group 2",2,1,2.6,2.6,50.0
"Battle vs Chess",2,1,5.0,5.0,50.0
"Beast Boxing Turbo",2,2,1.9,0.95,100.0
"Between IGF Demo",2,0,0,0,0.0
"Beyond Eyes",2,1,1.5,1.5,50.0
"Beyond Space",2,1,12.6,12.6,50.0
"BiT Evolution",2,0,0,0,0.0
"Big Brain Wolf",2,2,1.0,0.5,100.0
Bitweb,2,0,0,0,0.0
"Black Viper Sophia's Fate",2,1,0.2,0.2,50.0
"Blacklight Tango Down",2,2,1.8,0.9,100.0
"Blackwell Epiphany",2,0,0,0,0.0
"Blade Kitten",2,0,0,0,0.0
"Blast Em! Source Code",2,0,0,0,0.0
BlazeRush,2,1,0.1,0.1,50.0
"Blood Bowl Dark Elves Edition",2,1,13.9,13.9,50.0
"Blood of the Werewolf",2,1,0.5,0.5,50.0
BloodRayne,2,1,6.6,6.6,50.0
Bloodsports.TV,2,0,0,0,0.0
"Bloodsports.TV - Blood Brawl",2,0,0,0,0.0
"Bob Was Hungry",2,2,13.0,6.5,100.0
"BookWorm Adventures Volume 2",2,2,120.5,60.25,100.0
"Brink of Consciousness Dorian Gray Syndrome",2,0,0,0,0.0
"Bus-Simulator 2012",2,1,3.2,3.2,50.0
C-RUSH,2,0,0,0,0.0
CONSORTIUM,2,0,0,0,0.0
"Call of Tomsk-7",2,1,1.5,1.5,50.0
"Call to Arms - Deluxe Edition",2,0,0,0,0.0
"Camera Obscura Soundtrack",2,0,0,0,0.0
"Captain Morgane and the Golden Turtle",2,0,0,0,0.0
Castle,2,1,1.3,1.3,50.0
"Castlevania Lords of Shadow 2 - Armored Dracula Costume",2,0,0,0,0.0
"Castlevania Lords of Shadow 2 - Relic Rune Pack",2,0,0,0,0.0
"Chainsaw Warrior",2,2,8.5,4.25,100.0
"Chainsaw Warrior Lords of the Night",2,2,7.1,3.55,100.0
"Chernobyl Commando",2,0,0,0,0.0
"Children of the Nile",2,1,0.5,0.5,50.0
"Children of the Nile Alexandria",2,1,2.9,2.9,50.0
Chrome,2,1,0.3,0.3,50.0
"Chrome Specforce",2,1,0.1,0.1,50.0
"Chronicles of a Dark Lord Episode 1 Tides of Fate Complete",2,2,9.9,4.95,100.0
Circuits,2,1,2.1,2.1,50.0
"Cities XL",2,2,5.4,2.7,100.0
"City Life 2008",2,1,3.1,3.1,50.0
"City of Heroes",2,1,7.6,7.6,50.0
Clickr,2,1,3.0,3.0,50.0
"Clickteam Fusion 2.5",2,1,0.3,0.3,50.0
Clutch,2,1,1.0,1.0,50.0
"Codename Panzers - Cold War",2,2,6.3,3.15,100.0
Collapse,2,2,3.9,1.95,100.0
"Comedy Quest",2,0,0,0,0.0
"Commander Conquest of the Americas - Pirate Treasure Chest",2,0,0,0,0.0
Concursion,2,0,0,0,0.0
"Condemned Criminal Origins",2,1,0.3,0.3,50.0
"Consortium Soundtrack and Discoveries",2,0,0,0,0.0
"Controller Companion",2,1,1.2,1.2,50.0
Convoy,2,2,10.5,5.25,100.0
"Corporate Lifestyle Simulator",2,1,0.6,0.6,50.0
"Cosmic DJ",2,1,2.3,2.3,50.0
"Cricket Captain 2014",2,2,28.2,14.1,100.0
"Crouching Pony Hidden Dragon",2,1,0.3,0.3,50.0
Crowntakers,2,1,0.2,0.2,50.0
"Curse The Eye of Isis",2,1,0.2,0.2,50.0
Damnation,2,1,0.2,0.2,50.0
"Dangerous High School Girls in Trouble!",2,2,1.1,0.55,100.0
"Danmaku Unlimited 2",2,0,0,0,0.0
"Dark Arcana The Carnival",2,2,3.2,1.6,100.0
"Dark Fall Lost Souls",2,1,3.0,3.0,50.0
"Dark Sector",2,0,0,0,0.0
"Dark Void Zero",2,1,0.2,0.2,50.0
"DarkBase 01",2,0,0,0,0.0
"Data Jammers FastForward",2,0,0,0,0.0
"Dead Bits (Soundtrack)",2,0,0,0,0.0
"Dead State",2,2,48.2,24.1,100.0
Deathtrap,2,2,3.2,1.6,100.0
"Deep Under the Sky",2,0,0,0,0.0
"Defenders of Ardania",2,0,0,0,0.0
"Deja Vu MacVenture Series",2,0,0,0,0.0
"Delta Force Black Hawk Down",2,1,0.6,0.6,50.0
"Delta Force Black Hawk Down - Team Sabre",2,1,69.0,69.0,50.0
"Descent 2",2,2,0.3,0.15,100.0
"Descent Underground",2,1,0.5,0.5,50.0
"Desperados - Wanted Dead or Alive",2,2,11.2,5.6,100.0
"Detective Grimoire",2,1,1.8,1.8,50.0
Dex,2,1,10.8,10.8,50.0
"Dinner Date",2,0,0,0,0.0
"Dinosaur Hunt Africa Contract",2,1,0.5,0.5,50.0
"Distant Star Revenant Fleet",2,1,1.0,1.0,50.0
"Divinity II - Ego Draconis",2,2,29.9,14.95,100.0
"Doctor Who The Eternity Clock",2,2,5.6,2.8,100.0
"Dollar Dash",2,1,1.0,1.0,50.0
"Dollar Dash DLC1 More Ways to Win",2,0,0,0,0.0
"Dollar Dash DLC2 Robbers Tool-Kit",2,0,0,0,0.0
"Dominions 4",2,2,9.2,4.6,100.0
"Dracula 2 The Last Sanctuary",2,0,0,0,0.0
"Dreaming Sarah",2,1,0.6,0.6,50.0
"Dreaming Sarah OST",2,0,0,0,0.0
"Dungeon Souls",2,2,92.4,46.2,100.0
"Dungeons The Eye of Draconus",2,1,0.9,0.9,50.0
"Dynasty Warriors 8 - Empires",2,2,23.0,11.5,100.0
"Earth 2140 HD",2,0,0,0,0.0
"East India Company",2,1,50.0,50.0,50.0
"Elite Dangerous Horizons",2,1,3.2,3.2,50.0
"Elven Legacy Magic",2,0,0,0,0.0
"Elven Legacy Ranger",2,0,0,0,0.0
"Elven Legacy Siege",2,0,0,0,0.0
"Emergency 2013",2,2,20.7,10.35,100.0
"Empire TV Tycoon",2,1,6.7,6.7,50.0
"Enemy Territory Quake Wars",2,1,7.0,7.0,50.0
"Enigmatis The Ghosts of Maple Creek",2,2,10.1,5.05,100.0
Eron,2,0,0,0,0.0
"Eryi's Action",2,1,2.7,2.7,50.0
"Eschalon Book 2",2,1,128.0,128.0,50.0
"Ether One Deluxe Edition Upgrade",2,0,0,0,0.0
"FRACT OSC",2,1,0.5,0.5,50.0
"FaceRig Team Fortress 2 Avatars DLC",2,0,0,0,0.0
"Fading Hearts",2,2,5.2,2.6,100.0
"Faery - Legends of Avalon",2,0,0,0,0.0
"Fallen Enchantress Legendary Heroes - The Dead World",2,0,0,0,0.0
"Fallen Enchantress Legendary Heroes Leader Pack",2,0,0,0,0.0
"Fallen Enchantress Legendary Heroes Loot Pack",2,0,0,0,0.0
"Fancy Skulls",2,2,6.2,3.1,100.0
"Fantasy Wars",2,0,0,0,0.0
"Farm for your Life",2,2,18.5,9.25,100.0
"Farming World",2,1,2.4,2.4,50.0
"Fat Chicken",2,1,2.4,2.4,50.0
"Flower Shop Winter In Fairbrook",2,2,7.8,3.9,100.0
"Foosball - Street Edition",2,1,1.6,1.6,50.0
"Fort Defense",2,0,0,0,0.0
"FortressCraft Evolved Multiplayer",2,0,0,0,0.0
"Freddi Fish 2 The Case of the Haunted Schoolhouse",2,0,0,0,0.0
"Freddi Fish 3 The Case of the Stolen Conch Shell",2,0,0,0,0.0
"Freddi Fish 4 The Case of the Hogfish Rustlers of Briny Gulch",2,0,0,0,0.0
"Freddi Fish 5 The Case of the Creature of Coral Cove",2,0,0,0,0.0
"Freddi Fish and Luther's Maze Madness",2,1,0.2,0.2,50.0
"Freddi Fish and Luther's Water Worries",2,0,0,0,0.0
"Freddi Fish and The Case of the Missing Kelp Seeds",2,0,0,0,0.0
"Frederic Evil Strikes Back",2,1,3.0,3.0,50.0
"From The Depths",2,2,73.0,36.5,100.0
"Frontline Tactics - Close Quater Combat Soldier",2,0,0,0,0.0
"Frontline Tactics - Medic Soldier Pack",2,0,0,0,0.0
"Frontline Tactics - Sniper",2,0,0,0,0.0
"Full Bore",2,0,0,0,0.0
GALAK-Z,2,2,25.4,12.7,100.0
"Galactic Civilizations III - Map Pack DLC",2,0,0,0,0.0
"Galactic Civilizations III - Mega Events DLC",2,0,0,0,0.0
"Galactic Civilizations III - Revenge of the Snathi DLC",2,0,0,0,0.0
"GameMaker Studio Android",2,0,0,0,0.0
"GameMaker Studio HTML5",2,0,0,0,0.0
"GameMaker Studio Professional",2,0,0,0,0.0
"GameMaker Studio Ubuntu Export",2,0,0,0,0.0
Gaokao.Love.100Days,2,2,16.6,8.3,100.0
"Garshasp The Monster Slayer",2,0,0,0,0.0
"GemCraft - Chasing Shadows",2,1,12.9,12.9,50.0
"Gemini Wars",2,2,3.8,1.9,100.0
"Geometry Wars 3 Dimensions Evolved",2,1,5.1,5.1,50.0
"Ghost in the Shell Stand Alone Complex First Assault Online",2,2,7.4,3.7,100.0
Glare,2,1,95.0,95.0,50.0
"Global Ops Commando Libya",2,0,0,0,0.0
"Glorkian Warrior The Trials Of Glork",2,0,0,0,0.0
Glowfish,2,1,1.6,1.6,50.0
"Gold Rush! Classic",2,1,2.0,2.0,50.0
"Guardians of Orion",2,1,0.1,0.1,50.0
GundeadliGne,2,1,0.3,0.3,50.0
"Gundemonium Recollection",2,1,0.3,0.3,50.0
Gunship!,2,1,0.5,0.5,50.0
Habitat,2,1,0.1,0.1,50.0
Halfway,2,1,2.8,2.8,50.0
"Halo Spartan Strike",2,0,0,0,0.0
"Hamlet or the last game without MMORPG features, shaders and product placement",2,1,5.1,5.1,50.0
Harvester,2,0,0,0,0.0
"Hatland Adventures",2,0,0,0,0.0
"Haunt the House Terrortown",2,2,2.1,1.05,100.0
"Heavy Bullets",2,2,6.8,3.4,100.0
"Hegemony Gold Wars of Ancient Greece",2,2,6.8,3.4,100.0
Helldorado,2,0,0,0,0.0
"Hero Siege - The Depths of Hell (Collector's Edition)",2,0,0,0,0.0
Hexcells,2,1,0.7,0.7,50.0
"Hitogata Happa",2,1,0.2,0.2,50.0
"Hollywood Visionary",2,2,7.3,3.65,100.0
"Hyperdimension Neptunia Re;Birth3 V Generation",2,0,0,0,0.0
"I Am Vegend",2,0,0,0,0.0
Iesabel,2,1,13.9,13.9,50.0
Ikaruga,2,2,3.2,1.6,100.0
"Immortal Empire",2,2,0.9,0.45,100.0
"Infected The Twin Vaccine - Collector's Edition",2,0,0,0,0.0
Infinifactory,2,2,42.1,21.05,100.0
"Influent DLC -  [Learn Japanese]",2,0,0,0,0.0
Intake,2,0,0,0,0.0
"International Snooker",2,1,0.4,0.4,50.0
"Into the Dark",2,1,5.7,5.7,50.0
"Ion Assault",2,0,0,0,0.0
"Isaac the Adventurer",2,0,0,0,0.0
"Jack Keane 2 - The Fire Within",2,0,0,0,0.0
"Jack Orlando Director's Cut",2,0,0,0,0.0
"Jagged Alliance Flashback",2,2,8.7,4.35,100.0
"Jagged Alliance Gold",2,0,0,0,0.0
"Jet Car Stunts",2,0,0,0,0.0
"Jets'n'Guns Gold",2,2,3.0,1.5,100.0
"Joe Dever's Lone Wolf HD Remastered",2,1,14.3,14.3,50.0
"Journey Of The Light",2,2,9.0,4.5,100.0
"Judge Dredd Dredd vs Death",2,1,0.6,0.6,50.0
"Just Get Through",2,1,1.6,1.6,50.0
KHOLAT,2,2,1.9,0.95,100.0
"Kaptain Brawe",2,0,0,0,0.0
"Keen Dreams",2,1,11.5,11.5,50.0
"Khet 2.0",2,1,1.9,1.9,50.0
Kidnapped,2,2,3.0,1.5,100.0
"King Arthur The Druids",2,0,0,0,0.0
"King's Bounty Dark Side",2,1,183.0,183.0,50.0
"King's Quest Collection",2,0,0,0,0.0
"Kingdom Tales 2",2,2,10.5,5.25,100.0
"Kingdom Wars 2 Battles",2,1,1.9,1.9,50.0
"Kingdoms Rise",2,2,1.6,0.8,100.0
"Knytt Underground",2,0,0,0,0.0
"Koya Rift",2,0,0,0,0.0
Kyn,2,1,3.0,3.0,50.0
LUDWIG,2,0,0,0,0.0
"Labyronia RPG 2",2,0,0,0,0.0
"Last Dream",2,0,0,0,0.0
"Law & Order Legacies",2,0,0,0,0.0
"Left in the Dark No One on Board",2,2,5.8,2.9,100.0
"Legends of Eisenwald",2,2,50.8,25.4,100.0
"Leviathan The Last Day of the Decade",2,0,0,0,0.0
"Loadout Steam Launch Starter Pack",2,0,0,0,0.0
Loki,2,0,0,0,0.0
"Lost Planet Extreme Condition - Colonies Edition",2,2,3.6,1.8,100.0
"Lumino City",2,1,7.4,7.4,50.0
"MLB 2K10",2,1,228.0,228.0,50.0
"MLB 2K11",2,1,107.0,107.0,50.0
Maelstrom,2,1,0.5,0.5,50.0
"Magnetic By Nature",2,1,1.4,1.4,50.0
Manhunter,2,0,0,0,0.0
"Master Reboot",2,0,0,0,0.0
"Maszyny Rolnicze 2015",2,1,0.3,0.3,50.0
"Mata Hari",2,0,0,0,0.0
"Mays Mysteries The Secret of Dragonville",2,0,0,0,0.0
"Mega Man Legacy Collection",2,1,6.4,6.4,50.0
"Mensa Academy",2,2,1.4,0.7,100.0
"Meridian Video and Soundtrack",2,0,0,0,0.0
"Metal Planet",2,1,12.7,12.7,50.0
"Microsoft Flight",2,2,2.6,1.3,100.0
"Midnight Mysteries 3 Devil on the Mississippi",2,2,4.3,2.15,100.0
"Midnight Mysteries 4 Haunted Houdini",2,2,5.4,2.7,100.0
"Midnight Mysteries Salem Witch Trials",2,2,4.0,2.0,100.0
Mightier,2,0,0,0,0.0
Millie,2,1,15.2,15.2,50.0
"Miner Wars 2081",2,0,0,0,0.0
"Miner Wars Arena ",2,0,0,0,0.0
"MoW Face Off XL",2,2,2.3,1.15,100.0
"Monstrum ",2,0,0,0,0.0
"Mordheim City of the Damned",2,2,33.6,16.8,100.0
MotoGP14,2,2,97.4,48.7,100.0
Munin,2,0,0,0,0.0
"Mystery P.I. The Lottery Ticket",2,2,17.1,8.55,100.0
"Mystery PI The Vegas Heist",2,2,18.9,9.45,100.0
NAM,2,0,0,0,0.0
"NBA 2K10",2,0,0,0,0.0
"NBA 2K11",2,1,0.2,0.2,50.0
"NEON STRUCT",2,0,0,0,0.0
"NEON STRUCT Soundtrack & Artbook",2,0,0,0,0.0
"Nancy Drew Curse of Blackmoor Manor ",2,1,6.7,6.7,50.0
"Nancy Drew Danger By Design",2,1,7.2,7.2,50.0
"Nancy Drew Danger on Deception Island ",2,1,5.4,5.4,50.0
"Nancy Drew Ghost Dogs of Moon Lake ",2,2,10.2,5.1,100.0
"Nancy Drew Ghost of Thornton Hall",2,2,11.0,5.5,100.0
"Nancy Drew Last Train to Blue Moon Canyon",2,1,4.0,4.0,50.0
"Nancy Drew Lights, Camera, Curses!",2,1,2.9,2.9,50.0
"Nancy Drew Secret of the Scarlet Hand ",2,1,3.5,3.5,50.0
"Nancy Drew Secrets can Kill",2,1,3.8,3.8,50.0
"Nancy Drew Shadow at the Water's Edge",2,1,12.3,12.3,50.0
"Nancy Drew The Deadly Device",2,2,16.6,8.3,100.0
"Nancy Drew The White Wolf of Icicle Creek",2,1,13.3,13.3,50.0
"Nancy Drew Tomb of the Lost Queen",2,2,14.4,7.2,100.0
"Nancy Drew Warnings at Waverly Academy",2,1,5.8,5.8,50.0
Naninights,2,0,0,0,0.0
"National Zombie Park",2,0,0,0,0.0
"Ninja Reflex Steamworks Edition",2,2,2.0,1.0,100.0
"Noir Syndrome",2,2,1.9,0.95,100.0
Nomad,2,0,0,0,0.0
O.R.B.,2,1,0.7,0.7,50.0
"OH! RPG!",2,0,0,0,0.0
Obscure,2,1,7.9,7.9,50.0
"Octodad Free Avatar",2,0,0,0,0.0
"Of Guards And Thieves",2,2,4.0,2.0,100.0
Omegalodon,2,1,8.8,8.8,50.0
Oniken,2,1,12.1,12.1,50.0
"Organic Panic",2,1,0.3,0.3,50.0
"Out of the Park Baseball 16",2,2,660.8,330.4,100.0
"Outcast 1.1",2,2,49.4,24.7,100.0
"Over The Void",2,0,0,0,0.0
"POSTAL 2 Paradise Lost",2,0,0,0,0.0
"Painkiller Hell & Damnation Beta",2,0,0,0,0.0
"Pajama Sam in No Need to Hide When It's Dark Outside",2,0,0,0,0.0
"Pandora Eclipse of Nashira",2,0,0,0,0.0
"Pandora First Contact",2,2,23.1,11.55,100.0
"Panzer Corps",2,2,6.2,3.1,100.0
"Panzer Elite Action Fields of Glory",2,0,0,0,0.0
"Parkan 2",2,1,1.8,1.8,50.0
Particulars,2,1,0.4,0.4,50.0
"Party Hard",2,1,15.9,15.9,50.0
"Pinball FX2 - Civil War Table",2,0,0,0,0.0
"Pinball FX2 - Doctor Strange Table",2,0,0,0,0.0
"Pinball FX2 - Excalibur Table",2,0,0,0,0.0
"Pinball FX2 - Mars Table",2,0,0,0,0.0
"Pinball FX2 - Portal  Pinball",2,0,0,0,0.0
"Pixel Heroes Byte & Magic",2,0,0,0,0.0
"Pixel Hunter",2,0,0,0,0.0
"Pixel Puzzles UndeadZ",2,1,1.9,1.9,50.0
"Planet Stronghold",2,0,0,0,0.0
"Please, Dont Touch Anything",2,2,2.3,1.15,100.0
Pongo,2,1,14.8,14.8,50.0
Poof,2,0,0,0,0.0
"Portal 2 Sixense MotionPack",2,0,0,0,0.0
"Post Master ",2,1,1.3,1.3,50.0
"Potatoman Seeks the Troof",2,1,1.0,1.0,50.0
"Pre-Civilization Marble Age",2,1,4.8,4.8,50.0
"Pride of Nations",2,1,5.3,5.3,50.0
"Primal Fears",2,0,0,0,0.0
"Pro Cycling Manager 2014",2,2,355.0,177.5,100.0
"Pro Cycling Manager Season 2009",2,1,1.1,1.1,50.0
"Project Aftermath",2,0,0,0,0.0
Pulstar,2,0,0,0,0.0
"Putt-Putt Travels Through Time",2,1,1.3,1.3,50.0
"Putt-Putt and Pep's Balloon-o-Rama",2,1,0.5,0.5,50.0
"Puzzler World 2",2,1,19.1,19.1,50.0
"Quantum of Solace",2,2,24.4,12.2,100.0
"Quick Slick Deadly",2,0,0,0,0.0
Qvadriga,2,1,22.0,22.0,50.0
"RIDE - 2015 Top Bikes Pack 1",2,0,0,0,0.0
"RIDE - 2015 Top Bikes Pack 2",2,0,0,0,0.0
"RIDE Season Pass",2,0,0,0,0.0
"RIDE Yamaha 2015 Bike Models",2,0,0,0,0.0
"RIDE Yamaha Historical Bikes",2,0,0,0,0.0
"RPG Maker 2000",2,1,9.8,9.8,50.0
"RPG Maker DS+ Expansion - Retro SciFi",2,0,0,0,0.0
"RPG Maker High Fantasy 2 Resource Pack",2,0,0,0,0.0
"RPG Maker Inspirational Vol. 2",2,0,0,0,0.0
"RPG Maker Mythos Horror Resource Pack",2,0,0,0,0.0
"RPG Maker Time Fantasy",2,0,0,0,0.0
"Rabbit Hole 3D Steam Edition",2,2,6.3,3.15,100.0
Rake,2,2,2.7,1.35,100.0
"Randal's Monday",2,2,4.8,2.4,100.0
"Ratz Instagib 2.0",2,0,0,0,0.0
"Real Warfare 2 Northern Crusades",2,0,0,0,0.0
"Realms of Arkania 1 - Blade of Destiny Classic",2,0,0,0,0.0
"Realms of Arkania 2 - Star Trail Classic",2,0,0,0,0.0
"Realms of Arkania 3 - Shadows over Riva Classic",2,1,1.2,1.2,50.0
"Reign Conflict of Nations",2,0,0,0,0.0
Relive,2,0,0,0,0.0
"Renowned Explorers International Society",2,2,51.0,25.5,100.0
"Reprisal Universe",2,2,11.1,5.55,100.0
"Residue Final Cut",2,1,2.8,2.8,50.0
"Retro/Grade IGF Demo",2,0,0,0,0.0
Retrovirus,2,1,3.3,3.3,50.0
"Return to Mysterious Island",2,0,0,0,0.0
"Return to Mysterious Island 2",2,1,5.9,5.9,50.0
"Revelations 2012",2,2,3.2,1.6,100.0
"Rhythm Zone",2,1,0.3,0.3,50.0
"Ride 'em Low",2,0,0,0,0.0
"Rising World",2,2,12.5,6.25,100.0
RoboBlitz,2,1,0.3,0.3,50.0
"Rogue's Tale",2,1,0.3,0.3,50.0
"RollerCoaster Tycoon",2,1,1.4,1.4,50.0
Rotieer,2,1,7.2,7.2,50.0
"Rugby League Team Manager 2015",2,2,20.5,10.25,100.0
"Runespell Overture",2,1,1.3,1.3,50.0
"Rush for Glory",2,0,0,0,0.0
SATAZIUS,2,0,0,0,0.0
"STAR WARS X-Wing vs. TIE Fighter",2,1,8.1,8.1,50.0
"Safecracker The Ultimate Puzzle Adventure",2,0,0,0,0.0
"Salvation Prophecy",2,2,13.4,6.7,100.0
"Samantha Swift and the Hidden Roses of Athena",2,0,0,0,0.0
"Saturday Morning RPG",2,1,3.4,3.4,50.0
Scarygirl,2,1,173.0,173.0,50.0
"Schrdinger's Cat and the Raiders of the Lost Quark",2,1,0.2,0.2,50.0
"Secret Files Puritas Cordis",2,1,24.0,24.0,50.0
"Secret Files Sam Peters",2,1,4.5,4.5,50.0
"Secret Ponchos",2,2,2.5,1.25,100.0
"Selknam Defense",2,0,0,0,0.0
"Shad'O",2,1,0.5,0.5,50.0
"Shadow Hunter",2,0,0,0,0.0
"Shadow of Kingdoms",2,1,1.3,1.3,50.0
"Shan Gui",2,1,0.1,0.1,50.0
"Shan Gui OST",2,0,0,0,0.0
"Sherlock Holmes and The Hound of The Baskervilles",2,1,2.8,2.8,50.0
"Shiny The Firefly",2,1,2.5,2.5,50.0
Shipwreck,2,1,4.2,4.2,50.0
Showtime!,2,1,2.8,2.8,50.0
"Sid Meier's Covert Action (Classic)",2,0,0,0,0.0
"Silent Hunter Wolves of the Pacific U-Boat Missions",2,1,185.0,185.0,50.0
"Silver Creek Falls - Chapter 1",2,0,0,0,0.0
"Silverfall Earth Awakening",2,0,0,0,0.0
"Sins of a Solar Empire Rebellion Soundtrack",2,0,0,0,0.0
"Ski Region Simulator",2,2,11.4,5.7,100.0
"Skilltree Saga",2,0,0,0,0.0
"Slam Bolt Scrappers",2,2,1.3,0.65,100.0
Slip,2,1,0.1,0.1,50.0
"Sniper Elite Zombie Army",2,1,0.8,0.8,50.0
"Song of the Myrne What Lies Beneath",2,1,1.7,1.7,50.0
"Sorcerer King",2,2,45.4,22.7,100.0
"Soul Gambler Artbook & Soundtrack",2,0,0,0,0.0
Soundodger+,2,0,0,0,0.0
"Space Ace",2,2,1.7,0.85,100.0
"Space Siege",2,1,0.2,0.2,50.0
"Special Forces Team X",2,2,2.0,1.0,100.0
"Speed Kills",2,1,5.1,5.1,50.0
Spermination,2,2,1.7,0.85,100.0
Split/Second,2,2,7.9,3.95,100.0
"Spooky Cats",2,1,2.4,2.4,50.0
"Spy Chameleon - RGB Agent",2,0,0,0,0.0
Squad,2,2,23.3,11.65,100.0
"Star Crusade CCG",2,2,1.9,0.95,100.0
"Star Ruler 2",2,2,106.4,53.2,100.0
"Starbound - Soundtrack",2,0,0,0,0.0
"Stardust Vanguards",2,1,19.9,19.9,50.0
"Stellar Impact",2,1,5.7,5.7,50.0
"Stick It To The Man!",2,0,0,0,0.0
Stonerid,2,1,1.7,1.7,50.0
Stranded,2,0,0,0,0.0
"Stranded In Time",2,0,0,0,0.0
"Strategic War in Europe",2,2,6.1,3.05,100.0
"Street Fighter V Beta",2,2,4.1,2.05,100.0
"Strife Veteran Edition",2,1,1.3,1.3,50.0
"Stubbs the Zombie in Rebel Without a Pulse",2,2,5.1,2.55,100.0
"Sugar Cube Bittersweet Factory",2,1,2.7,2.7,50.0
"Sumo Revise",2,0,0,0,0.0
"Super Hipster Lumberjack",2,1,0.4,0.4,50.0
"Supreme Ruler 2020 Gold",2,2,39.0,19.5,100.0
"System Protocol One",2,1,8.5,8.5,50.0
"THE KING OF FIGHTERS '98 ULTIMATE MATCH FINAL EDITION",2,1,0.9,0.9,50.0
TIS-100,2,2,12.7,6.35,100.0
"TRANSFORMERS Rise of the Dark Spark",2,1,3.0,3.0,50.0
"TRI Of Friendship and Madness",2,1,0.2,0.2,50.0
"Tactical Genius",2,0,0,0,0.0
"Take Command Second Manassas",2,1,0.3,0.3,50.0
"Tank Operations European Campaign",2,0,0,0,0.0
"Tap Heroes",2,2,22.6,11.3,100.0
"Teddy Floppy Ear - Mountain Adventure",2,1,4.1,4.1,50.0
"Teddy Floppy Ear - The Race",2,2,6.8,3.4,100.0
"Tex Murphy Martian Memorandum",2,0,0,0,0.0
"Tex Murphy Mean Streets",2,0,0,0,0.0
"Tex Murphy Overseer",2,0,0,0,0.0
"Tex Murphy The Pandora Directive",2,0,0,0,0.0
"Tex Murphy Under a Killing Moon",2,0,0,0,0.0
"The Age of Decadence",2,1,47.0,47.0,50.0
"The Blue Flamingo",2,0,0,0,0.0
"The Clockwork Man",2,2,7.1,3.55,100.0
"The Clockwork Man The Hidden World",2,1,5.2,5.2,50.0
"The Club",2,1,1.3,1.3,50.0
"The Defenders The Second Wave",2,1,3.4,3.4,50.0
"The Desolate Hope",2,0,0,0,0.0
"The Escapists The Walking Dead",2,2,8.5,4.25,100.0
"The Fifth Day",2,2,12.9,6.45,100.0
"The Floor is Jelly",2,1,0.8,0.8,50.0
"The Golf Club",2,2,20.9,10.45,100.0
"The Incredible Adventures of Van Helsing III",2,2,9.3,4.65,100.0
"The Knobbly Crook Chapter I - The Horse You Sailed In On",2,0,0,0,0.0
"The Legend of Heroes Trails in the Sky SC",2,0,0,0,0.0
"The Masterplan",2,1,16.6,16.6,50.0
"The Maw Speeder Lane",2,0,0,0,0.0
"The Mean Greens - Plastic Warfare",2,2,4.9,2.45,100.0
"The Movies",2,1,14.5,14.5,50.0
"The Movies Stunts and Effects",2,0,0,0,0.0
"The Nightmare Cooperative",2,1,3.0,3.0,50.0
"The Pewdieverse DLC",2,0,0,0,0.0
"The Pilgrim DLC",2,0,0,0,0.0
"The Repopulation",2,2,65.0,32.5,100.0
"The Shopkeeper",2,0,0,0,0.0
"The Silent Age",2,2,4.4,2.2,100.0
"The Sun at Night",2,1,1.8,1.8,50.0
"The Swindle",2,1,23.0,23.0,50.0
"The Tower Of Elements",2,0,0,0,0.0
"The Undying Plague",2,1,4.4,4.4,50.0
"Theatre of War 3 Korea",2,0,0,0,0.0
"They Breathe",2,0,0,0,0.0
"ThreadSpace Hyperbol",2,0,0,0,0.0
"Tiamat X",2,1,0.1,0.1,50.0
Tiestru,2,0,0,0,0.0
"Time Mysteries 2 The Ancient Spectres",2,1,4.7,4.7,50.0
"Time Mysteries 3 The Final Enigma",2,2,4.7,2.35,100.0
"To End All Wars",2,2,20.1,10.05,100.0
"Tom Clancy's Ghost Recon Phantoms - EU 100% XP/AC Boost - 30 days",2,0,0,0,0.0
"Tom Clancy's Ghost Recon Phantoms - NA Looks and Power (Support)",2,0,0,0,0.0
"Tom Clancy's Ghost Recon Phantoms - NA Substance with Style pack (Support)",2,0,0,0,0.0
"Tom Clancy's Ghost Recon Phantoms - NA WAR Madness pack (Recon)",2,0,0,0,0.0
"Tom Clancy's Rainbow Six Lockdown",2,0,0,0,0.0
"Tompi Jones",2,0,0,0,0.0
"Toy Soldiers War Chest",2,2,4.5,2.25,100.0
"Tree of Life",2,2,33.0,16.5,100.0
"Trove Power Pack",2,0,0,0,0.0
"Turok Dinosaur Hunter",2,1,0.4,0.4,50.0
"Twin Sector",2,1,0.6,0.6,50.0
"UFO Aftermath",2,1,6.6,6.6,50.0
"Unity of Command",2,1,0.1,0.1,50.0
"Unstoppable Gorg",2,2,1.6,0.8,100.0
Vagante,2,1,4.5,4.5,50.0
"Vanguard Princess Hilda Rize",2,0,0,0,0.0
"Vanguard Princess Lilith",2,0,0,0,0.0
Vector,2,0,0,0,0.0
VelocityUltra,2,1,1.3,1.3,50.0
"Victoria II Interwar Cavalry Unit Pack",2,0,0,0,0.0
"Victory At Sea",2,1,0.1,0.1,50.0
"Victory The Age of Racing",2,1,0.6,0.6,50.0
"Vintage Year",2,1,3.0,3.0,50.0
Violett,2,1,0.4,0.4,50.0
"Virtua Tennis 4",2,2,5.0,2.5,100.0
"Vlad the Impaler",2,1,4.5,4.5,50.0
"Void Destroyer",2,2,3.0,1.5,100.0
VoidExpanse,2,1,1.9,1.9,50.0
Volt,2,1,0.9,0.9,50.0
"WARMACHINE Tactics - Retribution of Scyrah Faction Bundle",2,0,0,0,0.0
WARP,2,2,2.6,1.3,100.0
"WRC 5",2,2,6.5,3.25,100.0
"War Operations",2,0,0,0,0.0
"War in a Box Paper Tanks",2,1,6.3,6.3,50.0
"War on Folvos",2,0,0,0,0.0
"Warhammer 40,000 Regicide",2,2,3.7,1.85,100.0
"Warhammer Quest",2,2,3.3,1.65,100.0
"Warhammer Quest - Base Pack items",2,0,0,0,0.0
"Watchmen The End Is Nigh Part 2",2,1,2.8,2.8,50.0
"Weapons Genius",2,2,2.5,1.25,100.0
"Westerado Double Barreled",2,2,3.8,1.9,100.0
"Where is my Heart?",2,0,0,0,0.0
"Wildlife Park 2",2,2,30.6,15.3,100.0
"Wildlife Park 2 - Crazy Zoo",2,0,0,0,0.0
"Wildlife Park 2 - Dino World",2,1,1.8,1.8,50.0
"Wildlife Park 2 - Domestic Animals DLC",2,0,0,0,0.0
"Wildlife Park 2 - Farm World",2,0,0,0,0.0
"Wildlife Park 2 - Horses",2,0,0,0,0.0
"Wildlife Park 2 - Marine World",2,1,0.1,0.1,50.0
"Wings! Remastered Edition",2,2,4.4,2.2,100.0
"Wolfenstein The Old Blood German Edition",2,2,13.5,6.75,100.0
"World Basketball Manager 2010",2,1,0.2,0.2,50.0
"World of Zoo",2,2,2.4,1.2,100.0
"YOU DON'T KNOW JACK",2,1,2.3,2.3,50.0
"Your Doodles Are Bugged!",2,1,0.1,0.1,50.0
"Ys VI The Ark of Napishtim",2,1,5.1,5.1,50.0
Z,2,1,3.0,3.0,50.0
"ZMR Free Quick-Start Pack",2,0,0,0,0.0
"Zoo Park",2,0,0,0,0.0
"Zuma's Revenge! - Adventure",2,2,1.9,0.95,100.0
"eXceed - Gun Bullet Children",2,0,0,0,0.0
"eXceed 2nd - Vampire REX",2,0,0,0,0.0
"eXceed 3rd - Jade Penetrate Black Package",2,0,0,0,0.0
eden*,2,2,5.7,2.85,100.0
iO,2,1,1.0,1.0,50.0
oO,2,1,0.2,0.2,50.0
"planetarian ~the reverie of a little planet~",2,1,0.1,0.1,50.0
"realMyst Masterpiece Edition",2,2,20.5,10.25,100.0
"007 Legends",1,1,0.7,0.7,100.0
"10,000,000",1,1,3.6,3.6,100.0
"15 Days",1,1,0.5,0.5,100.0
"1701 A.D. Gold Edition",1,0,0,0,0.0
"1701 A.D. Sunken Dragon",1,1,0.6,0.6,100.0
"1953 NATO vs Warsaw Pact",1,1,5.9,5.9,100.0
1Heart,1,0,0,0,0.0
1Quest,1,1,2.7,2.7,100.0
"3 Stars of Destiny",1,1,4.7,4.7,100.0
"3089 -- Futuristic Action RPG",1,1,0.3,0.3,100.0
"3D Mini Golf",1,1,1.0,1.0,100.0
"3DMark 11",1,1,3.0,3.0,100.0
"3DMark Vantage",1,1,21.0,21.0,100.0
3SwitcheD,1,0,0,0,0.0
"500 Years Act 1",1,1,3.0,3.0,100.0
"7 Wonders Ancient Alien Makeover",1,0,0,0,0.0
"7,62 High Calibre",1,0,0,0,0.0
"8-Bit Adventures The Forgotten Journey Remastered Edition",1,0,0,0,0.0
"8-Bit Commando",1,0,0,0,0.0
"9 Clues 2 The Ward",1,1,5.1,5.1,100.0
"911 First Responders",1,0,0,0,0.0
"A Bastard's Tale",1,0,0,0,0.0
"A City Sleeps",1,0,0,0,0.0
"A Druid's Duel",1,0,0,0,0.0
"A Farewell to Dragons",1,0,0,0,0.0
"A Vampyre Story",1,0,0,0,0.0
"A-Men 2",1,0,0,0,0.0
"A.I.M. Racing",1,0,0,0,0.0
"A.I.M.2 Clan Wars",1,0,0,0,0.0
"A.R.E.S. Extinction Agenda EX",1,1,9.6,9.6,100.0
APOX,1,1,0.4,0.4,100.0
AXEL,1,0,0,0,0.0
"Aarklash Legacy",1,0,0,0,0.0
"Abandoned Chestnut Lodge Asylum",1,1,5.7,5.7,100.0
Abducted,1,1,0.2,0.2,100.0
Absent,1,0,0,0,0.0
"Act of War Direct Action",1,0,0,0,0.0
"Act of War High Treason",1,0,0,0,0.0
"Actual Sunlight",1,1,1.3,1.3,100.0
"Advent Rising",1,0,0,0,0.0
"Adventure Chronicles The Search For Lost Treasure",1,1,0.7,0.7,100.0
"Adventure Park",1,1,0.9,0.9,100.0
"Adventure Time  Explore the Dungeon Because I DONT KNOW!",1,1,0.3,0.3,100.0
"Adventures of Bertram Fiddle Episode 1 A Dreadly Business",1,1,1.7,1.7,100.0
"After All",1,0,0,0,0.0
"Afterfall Reconquest Episode I",1,0,0,0,0.0
"Afterlife Empire",1,1,0.2,0.2,100.0
Agapan,1,0,0,0,0.0
"Agarest - Additional-PP Pack 1 DLC",1,0,0,0,0.0
"Agarest - Additional-PP Pack 2 DLC",1,0,0,0,0.0
"Agarest - Additional-Points Pack 2 DLC",1,0,0,0,0.0
"Agarest - Additional-Points Pack 3 DLC",1,0,0,0,0.0
"Agarest - Additional-Points Pack 4 DLC",1,0,0,0,0.0
"Agarest - Additional-TP Pack DLC",1,0,0,0,0.0
"Agarest - Unlock Gallery DLC",1,0,0,0,0.0
"Agarest - Unlock Voices DLC",1,0,0,0,0.0
"Agarest 2 - Bundle #1",1,0,0,0,0.0
"Agarest 2 - Bundle #2",1,0,0,0,0.0
"Agarest 2 - Bundle #3",1,0,0,0,0.0
"Agarest 2 - Bundle #4",1,0,0,0,0.0
"Agarest 2 - Bundle #5",1,0,0,0,0.0
"Agarest 2 - Bundle #6",1,0,0,0,0.0
"Agarest Zero - DLC Pack 1",1,0,0,0,0.0
"Agarest Zero - DLC Pack 2",1,0,0,0,0.0
"Agarest Zero - DLC Pack 3",1,0,0,0,0.0
"Agarest Zero - DLC Pack 4",1,0,0,0,0.0
"Agarest Zero - DLC Pack 5",1,0,0,0,0.0
"Agarest Zero - DLC Pack 7",1,0,0,0,0.0
"Age of Conan - Hyborian Adventures",1,0,0,0,0.0
"Age of Fear 2 The Chaos Lord",1,0,0,0,0.0
"Aion Collectors Edition",1,1,22.0,22.0,100.0
"Airline Tycoon Deluxe",1,1,0.6,0.6,100.0
"Airport Madness World Edition",1,1,9.0,9.0,100.0
"Akaneiro Demon Hunters",1,1,0.4,0.4,100.0
"Akaneiro Early Access Starter Pack",1,0,0,0,0.0
Akuatica,1,1,0.4,0.4,100.0
"Albino Lullaby Episode 1",1,1,1.5,1.5,100.0
"Alex Hunter - Lord of the Mind",1,1,2.7,2.7,100.0
"Alien Shooter Revisited",1,1,0.1,0.1,100.0
"Alien Zombie Megadeath",1,0,0,0,0.0
"Alter Ego",1,0,0,0,0.0
"Alter World",1,1,0.1,0.1,100.0
Alum,1,0,0,0,0.0
"Always Sometimes Monsters - Soundtrack",1,0,0,0,0.0
"Amazing Adventures Around the World",1,1,12.0,12.0,100.0
"Amazing Adventures The Lost Tomb",1,1,3.3,3.3,100.0
"Amazing Princess Sarah",1,1,0.8,0.8,100.0
"Amerzone The Explorer's Legacy",1,0,0,0,0.0
Amygdala,1,0,0,0,0.0
"An Assassin in Orlandes",1,1,5.0,5.0,100.0
"Ancient Planet",1,1,2.5,2.5,100.0
"Angry Birds Space",1,1,2.7,2.7,100.0
Angvik,1,1,0.3,0.3,100.0
"Anno 2205",1,1,22.0,22.0,100.0
"Antisquad - Skirmishes DLC",1,0,0,0,0.0
"Antisquad Tasks in Mexico - final. Tactics DLC",1,0,0,0,0.0
"Antisquad Tasks in North Korea. Tactics DLC",1,0,0,0,0.0
"Antisquad Tasks near the coast of Somalia. Tactics DLC",1,0,0,0,0.0
Apollo4x,1,1,3.8,3.8,100.0
"Arcane Worlds",1,1,0.2,0.2,100.0
"ArcheAge Archeum Founders Pack",1,0,0,0,0.0
"ArcheAge Gold Founders Pack",1,0,0,0,0.0
"ArcheAge Silver Founders Pack",1,0,0,0,0.0
Armikrog,1,1,4.7,4.7,100.0
"Arson & Plunder Unleashed",1,0,0,0,0.0
"ArtRage 4",1,0,0,0,0.0
"ArtRage Studio Pro",1,1,9.3,9.3,100.0
Asphyxia,1,0,0,0,0.0
Asteria,1,1,1.0,1.0,100.0
"Asteroids Outpost",1,1,0.3,0.3,100.0
Astray,1,0,0,0,0.0
"Astro Tripper",1,0,0,0,0.0
"AstroPop Deluxe",1,0,0,0,0.0
Autocraft,1,1,5.1,5.1,100.0
"Avernum 2 Crystal Souls",1,0,0,0,0.0
"Avoid Sensory Overload",1,0,0,0,0.0
"Axel & Pixel",1,0,0,0,0.0
"Axiom Verge Original Soundtrack",1,0,0,0,0.0
"Azure Striker Gunvolt",1,1,5.5,5.5,100.0
B.U.T.T.O.N.,1,1,0.1,0.1,100.0
"BAD END",1,1,3.8,3.8,100.0
"Bad Mojo Redux",1,0,0,0,0.0
"Badland Bandits",1,0,0,0,0.0
"Ballad of Solar",1,1,10.1,10.1,100.0
"Ballads of Reemus When the Bed Bites",1,0,0,0,0.0
"Bard to the Future",1,0,0,0,0.0
"Bard's Gold",1,1,119.0,119.0,100.0
"Batla - Starter Pack",1,0,0,0,0.0
"Batla - Tank",1,0,0,0,0.0
"Battle Academy",1,1,14.6,14.6,100.0
"Battle Academy 2 Eastern Front",1,1,0.1,0.1,100.0
"Battle Brothers",1,1,1.5,1.5,100.0
"Battle Los Angeles",1,1,4.1,4.1,100.0
"Battle Mages",1,0,0,0,0.0
"Battleplan American Civil War",1,1,3.1,3.1,100.0
"BeatBlasters III",1,0,0,0,0.0
Bedlam,1,1,3.4,3.4,100.0
"Bejeweled Deluxe",1,1,1.0,1.0,100.0
"Bejeweled Twist",1,0,0,0,0.0
Belladonna,1,0,0,0,0.0
"Better Late Than DEAD",1,1,3.4,3.4,100.0
"Beyond Gravity",1,0,0,0,0.0
"Bientt l't",1,1,0.4,0.4,100.0
Bierzerkers,1,0,0,0,0.0
"Big Money! Deluxe",1,1,3.0,3.0,100.0
"Bird Assassin",1,0,0,0,0.0
"Birth Of America",1,0,0,0,0.0
"Bit Odyssey",1,0,0,0,0.0
"Black Ice",1,1,1.1,1.1,100.0
"Black Mirror II",1,0,0,0,0.0
BlackShadows,1,0,0,0,0.0
"BlastZone 2",1,0,0,0,0.0
"Blob From Space - Please Don't Stop The Music",1,0,0,0,0.0
"Block Story",1,1,15.7,15.7,100.0
Blockscape,1,1,0.5,0.5,100.0
"Blood & Gold Caribbean!",1,0,0,0,0.0
"BloodLust Shadowhunter",1,1,0.3,0.3,100.0
"Bloodbath Kavkaz",1,1,4.9,4.9,100.0
"Blue Estate Digital Comic",1,0,0,0,0.0
"Blue Rose",1,1,3.2,3.2,100.0
"Boo Bunny Plague",1,1,2.3,2.3,100.0
"Borderless Gaming",1,1,13.1,13.1,100.0
"Breach & Clear Deadline",1,0,0,0,0.0
"Break the Cube",1,0,0,0,0.0
Breezeblox,1,1,48.0,48.0,100.0
"Brick-Force (US)",1,0,0,0,0.0
"Brink of Consciousness The Lonely Hearts Murders",1,0,0,0,0.0
"Broken Sword 4 - the Angel of Death",1,1,21.0,21.0,100.0
"Buccaneer The Pursuit of Infamy",1,1,7.2,7.2,100.0
Build-A-Lot,1,1,8.9,8.9,100.0
"Build-A-Lot 2",1,1,5.2,5.2,100.0
"Build-A-Lot 3",1,0,0,0,0.0
"Build-A-Lot 4",1,1,97.0,97.0,100.0
"Bullet Heaven 2",1,1,5.3,5.3,100.0
"Bullet Heaven 2 - Soundtrack",1,0,0,0,0.0
Bumbledore,1,0,0,0,0.0
Butsbal,1,0,0,0,0.0
"Buzz Aldrin's Space Program Manager",1,1,4.5,4.5,100.0
"CAFE 0 ~The Drowned Mermaid~",1,1,3.0,3.0,100.0
"CAFE 0 ~The Drowned Mermaid~ - Japanese Voice Add-On",1,0,0,0,0.0
"CID The Dummy",1,1,4.4,4.4,100.0
CRYENGINE,1,1,0.1,0.1,100.0
CRYPTARK,1,1,0.7,0.7,100.0
"Cabela's African Adventures",1,1,0.7,0.7,100.0
"Cabela's Dangerous Hunts 2013",1,1,0.8,0.8,100.0
"Cabela's Hunting Expeditions",1,1,3.5,3.5,100.0
"Cabelas Trophy Bucks",1,1,3.4,3.4,100.0
"Calibre 10 Racing Series",1,0,0,0,0.0
"CameraBag 2",1,1,2.5,2.5,100.0
"Cannon Fodder 3",1,0,0,0,0.0
"Captain Forever Remix",1,1,22.0,22.0,100.0
Caribbean!,1,1,17.3,17.3,100.0
"Carnage Racing",1,1,0.1,0.1,100.0
"Carpe Diem - Extra Package",1,0,0,0,0.0
"Cart Life",1,0,0,0,0.0
"Cast of the Seven Godsends",1,1,7.4,7.4,100.0
"Cast of the Seven Godsends - Soundtrack",1,0,0,0,0.0
"Castaway Paradise",1,1,6.8,6.8,100.0
"Castle In The Darkness",1,1,10.6,10.6,100.0
"Castle Never Judge a Book by its Cover",1,1,0.8,0.8,100.0
"Castle of Illusion",1,1,12.4,12.4,100.0
"Catmouth Island",1,1,2.6,2.6,100.0
"Championship Manager 2008",1,1,0.4,0.4,100.0
"Championship Manager 2010",1,1,10.7,10.7,100.0
Chariot,1,0,0,0,0.0
Chessmaster,1,1,1.8,1.8,100.0
"Chicken Shoot 2",1,0,0,0,0.0
"Chicken Shoot Gold",1,0,0,0,0.0
"Chip's Challenge 2",1,1,0.6,0.6,100.0
"Chocolatier Decadence by Design",1,1,90.0,90.0,100.0
"Choice Chamber",1,1,5.3,5.3,100.0
"Choice of Robots",1,1,2.1,2.1,100.0
"Choice of the Deathless",1,1,2.2,2.2,100.0
"Chompy Chomp Chomp",1,0,0,0,0.0
"Choplifter HD",1,0,0,0,0.0
"Chris Sawyer's Locomotion",1,1,2.6,2.6,100.0
"Chronicles of Mystery The Scorpio Ritual",1,0,0,0,0.0
Chronology,1,0,0,0,0.0
"Chucks Challenge 3D",1,0,0,0,0.0
"Chunk of Change Knight",1,0,0,0,0.0
"Chuzzle Deluxe",1,1,6.3,6.3,100.0
Citadels,1,1,0.5,0.5,100.0
"Cities in Motion 2 Marvellous Monorails",1,0,0,0,0.0
"Civil War II",1,1,0.2,0.2,100.0
"Claire - Soundtrack",1,0,0,0,0.0
"Clash of Puppets",1,1,2.9,2.9,100.0
"Clockwork Empires",1,1,8.5,8.5,100.0
"Cloning Clyde",1,0,0,0,0.0
"Close Combat - Gateway to Caen",1,1,1.0,1.0,100.0
"Cloud Chamber",1,1,22.0,22.0,100.0
"Cloudberry Kingdom",1,1,7.2,7.2,100.0
"Cloudy with a Chance of Meatballs",1,1,4.9,4.9,100.0
Collisions,1,0,0,0,0.0
"Colonial Conquest",1,1,0.3,0.3,100.0
"Comanche 4",1,1,22.0,22.0,100.0
"Command HQ",1,0,0,0,0.0
"Community College Hero Trial by Fire",1,1,8.1,8.1,100.0
"Conflicks - Revolutionary Space Battles Demo",1,0,0,0,0.0
Coniclysm,1,1,0.3,0.3,100.0
"Constant C",1,1,1.2,1.2,100.0
"Cooking Academy Fire and Knives",1,0,0,0,0.0
"Corona MotorSport",1,0,0,0,0.0
CortexGearAngryDroids,1,0,0,0,0.0
Cosmophony,1,1,3.5,3.5,100.0
"Costume Quest 2",1,0,0,0,0.0
"Crab Cakes Rescue",1,0,0,0,0.0
Crawl,1,1,26.0,26.0,100.0
"Crayon Chronicles",1,0,0,0,0.0
"Crazy Cars - Hit the Road",1,0,0,0,0.0
"Crazy Chicken Tales",1,0,0,0,0.0
"Crazy Machines Golden Gears",1,0,0,0,0.0
CreaVures,1,1,1.6,1.6,100.0
"Critter Crunch",1,1,0.2,0.2,100.0
"Croixleur Sigma",1,0,0,0,0.0
"Crookz - The Short Movie",1,0,0,0,0.0
CrossCode,1,0,0,0,0.0
"Cruel Arena",1,0,0,0,0.0
"Crusaders Thy Kingdom Come",1,1,1.5,1.5,100.0
"Crypt of the NecroDancer Extras",1,0,0,0,0.0
"Crystal Rift",1,0,0,0,0.0
Cubesis,1,0,0,0,0.0
Cubot,1,1,0.5,0.5,100.0
"Cultures - Northland",1,1,194.0,194.0,100.0
"Curse of the Assassin",1,0,0,0,0.0
"Cyberpunk 3776",1,0,0,0,0.0
Cyto,1,1,3.4,3.4,100.0
D.U.S.T.,1,1,0.1,0.1,100.0
"D4 Dark Dreams Don't Die",1,1,0.5,0.5,100.0
"DARK - Cult of the Dead DLC",1,0,0,0,0.0
"DCS Black Shark",1,1,4.2,4.2,100.0
"Damnation City of Death",1,1,1.0,1.0,100.0
"Dangerous Waters",1,1,0.5,0.5,100.0
"Dark Echo",1,1,0.1,0.1,100.0
"Dark Forester",1,0,0,0,0.0
DarkEnd,1,1,2.3,2.3,100.0
Darkstone,1,1,18.6,18.6,100.0
"Data Hacker Corruption",1,0,0,0,0.0
"Data Hacker Initiation",1,0,0,0,0.0
"Dead Mountaineer's Hotel",1,1,0.9,0.9,100.0
"Dead or Alive 5 Last Round",1,1,16.3,16.3,100.0
Deadnaut,1,0,0,0,0.0
"Death Skid Marks",1,1,0.3,0.3,100.0
"Death Track Resurrection",1,0,0,0,0.0
"Death to Spies",1,0,0,0,0.0
"Deep Dungeons of Doom",1,0,0,0,0.0
"Deep Eclipse",1,0,0,0,0.0
"Deep Fritz 14 DLC",1,0,0,0,0.0
"Defiance Arktech Revolution",1,0,0,0,0.0
"Delta Force 2",1,1,3.3,3.3,100.0
"Demon Hunter Chronicles from Beyond",1,1,3.7,3.7,100.0
"Depth - S.T.E.V.E. Pack",1,0,0,0,0.0
"Depth DEV",1,0,0,0,0.0
"Depth Hunter 2 Ocean Mysteries",1,0,0,0,0.0
"Depths of Peril",1,1,0.2,0.2,100.0
"Descent 3",1,0,0,0,0.0
"Desert Gunner",1,0,0,0,0.0
"Desktop Dungeons Goatperson DLC",1,0,0,0,0.0
"Desktop Dungeons Soundtrack",1,0,0,0,0.0
"Devil's Bluff",1,0,0,0,0.0
"Devils & Demons",1,0,0,0,0.0
"Diamond Dan",1,1,0.1,0.1,100.0
"Diaper Dash",1,1,0.3,0.3,100.0
"Diehard Dungeon",1,0,0,0,0.0
"Diner Dash Hometown Hero",1,1,5.1,5.1,100.0
"DinerTown Tycoon",1,1,1.0,1.0,100.0
"Disciples Sacred Lands Gold",1,1,6.7,6.7,100.0
"Disney Infinity 2.0",1,1,16.4,16.4,100.0
"Distant Worlds Universe",1,1,132.0,132.0,100.0
"Dive to the Titanic",1,1,4.7,4.7,100.0
Dodge,1,1,2.1,2.1,100.0
"Don Bradman Cricket 14",1,1,89.0,89.0,100.0
"Doodle God",1,1,6.4,6.4,100.0
"Doom & Destiny",1,0,0,0,0.0
"Doorways Holy Mountains of Flesh",1,0,0,0,0.0
"Dota 2 - Short Film Contest",1,0,0,0,0.0
"Double Dragon Trilogy",1,0,0,0,0.0
"Down To One",1,1,3.6,3.6,100.0
Dr.Green,1,0,0,0,0.0
"Draconian Wars",1,1,1.9,1.9,100.0
"Dracula 3 The Path of the Dragon",1,0,0,0,0.0
"Dracula 4 and  5 - Special Steam Edition",1,0,0,0,0.0
"Dracula Love Kills",1,0,0,0,0.0
"Dracula The Resurrection",1,0,0,0,0.0
"Dragon The Game",1,1,0.9,0.9,100.0
"Dragon's Lair 2 Time Warp",1,1,1.3,1.3,100.0
"Dragon's Prophet Free Starter Pack",1,0,0,0,0.0
"Drawn The Painted Tower",1,1,3.9,3.9,100.0
"Dream Chronicles The Chosen Child",1,0,0,0,0.0
"Dream Tale",1,0,0,0,0.0
"Drive Any Track",1,0,0,0,0.0
"Drive to Hell",1,0,0,0,0.0
"Driver Booster 3 for STEAM",1,0,0,0,0.0
"Driving School Simulator",1,0,0,0,0.0
"Ducati World Championship",1,0,0,0,0.0
"Duck Dynasty",1,1,2.4,2.4,100.0
"Dungeon Crawlers HD",1,0,0,0,0.0
"Dungeon Nightmares II  The Memory",1,0,0,0,0.0
"Dungeon of Elements",1,0,0,0,0.0
Duskers,1,0,0,0,0.0
"Dustoff Heli Rescue",1,1,3.9,3.9,100.0
Dyad,1,0,0,0,0.0
"Dynomite! Deluxe",1,1,1.9,1.9,100.0
"Dysan the Shapeshifter",1,1,1.4,1.4,100.0
ENKI,1,1,0.3,0.3,100.0
"East India Company Pirate Bay",1,1,5.8,5.8,100.0
"East India Company Privateer",1,1,0.3,0.3,100.0
"Eastside Hockey Manager",1,1,1295.0,1295.0,100.0
"Eaten Alive",1,1,3.6,3.6,100.0
Echelon,1,1,3.3,3.3,100.0
"Echo of the Wilds",1,1,0.2,0.2,100.0
"Elegy For A Dead World",1,0,0,0,0.0
"Elemental Fallen Enchantress Map Pack",1,0,0,0,0.0
"Elementary My Dear Majesty!",1,0,0,0,0.0
"Elements Soul of Fire",1,0,0,0,0.0
Eleusis,1,1,0.7,0.7,100.0
"Else Heart.Break()",1,1,2.4,2.4,100.0
"Emergency 2012",1,1,46.0,46.0,100.0
"Emergency 5 - Deluxe Edition",1,1,25.0,25.0,100.0
"Empires Dawn of the Modern World",1,0,0,0,0.0
"Endless Sky - High DPI",1,0,0,0,0.0
Entropy,1,0,0,0,0.0
"Environmental Station Alpha",1,1,28.0,28.0,100.0
"Epic Battle Fantasy 4 - Soundtrack",1,0,0,0,0.0
Eradicator,1,1,0.2,0.2,100.0
"Escape Dead Island",1,0,0,0,0.0
"Escape Goat 2",1,0,0,0,0.0
"Eschalon Book 1",1,1,57.0,57.0,100.0
"Ethan Meteor Hunter Deluxe Content",1,0,0,0,0.0
"European Ship Simulator",1,1,0.4,0.4,100.0
"EverQuest II Rise of Kunark",1,0,0,0,0.0
"EverQuest II The Shadow Odyssey",1,0,0,0,0.0
"EverQuest Secrets of Faydwer",1,1,0.4,0.4,100.0
"EverQuest Seeds of Destruction",1,1,0.3,0.3,100.0
"Everlasting Summer DLC One pioneer's story",1,0,0,0,0.0
"Everyday Genius SquareLogic",1,1,12.2,12.2,100.0
EvilQuest,1,0,0,0,0.0
"Executive Assault",1,1,2.7,2.7,100.0
Explodemon,1,0,0,0,0.0
"FATE The Traitor Soul",1,0,0,0,0.0
"FIFA Manager 09",1,1,411.0,411.0,100.0
"FIFA Manager 10",1,0,0,0,0.0
"FIFA Manager 11",1,1,229.0,229.0,100.0
"FINAL FANTASY IV THE AFTER YEARS",1,0,0,0,0.0
"FINAL FANTASY V",1,0,0,0,0.0
"FIREFIGHT RELOADED",1,0,0,0,0.0
FLOCK!,1,1,0.1,0.1,100.0
"FLYING TIGERS SHADOWS OVER CHINA",1,0,0,0,0.0
"FORCED Original Soundtrack",1,0,0,0,0.0
FRONTIERS,1,1,0.5,0.5,100.0
"Fabula Mortis",1,0,0,0,0.0
"Face It - A game to fight inner demons",1,0,0,0,0.0
"FaceRig Pro Upgrade",1,0,0,0,0.0
"FaeVerse Alchemy",1,0,0,0,0.0
"Fair Strike",1,1,0.7,0.7,100.0
"Fairy Tale Mysteries The Puppet Thief Collector's Edition",1,1,2.2,2.2,100.0
"Fake Colours",1,0,0,0,0.0
"Fall of the New Age Premium Edition",1,1,4.6,4.6,100.0
"Fallen Enchantress Legendary Heroes - Battlegrounds DLC",1,0,0,0,0.0
"Fallout 3 - The Pitt",1,0,0,0,0.0
"Family Guy Back to the Multiverse",1,1,4.0,4.0,100.0
"Farlight Explorers",1,1,0.5,0.5,100.0
"Farming Giant",1,1,31.0,31.0,100.0
"Farming Simulator 15 - ITRunner",1,0,0,0,0.0
"Fast & Furious Showdown",1,1,3.4,3.4,100.0
"Fatty Maze's Adventures",1,1,6.2,6.2,100.0
"Ferrum's Secrets where is grandpa?",1,0,0,0,0.0
"Fiends of Imprisonment",1,1,1.5,1.5,100.0
"Final Hours of Titanfall",1,1,0.1,0.1,100.0
"Final Slam 2",1,1,0.1,0.1,100.0
"Fine Sweeper",1,0,0,0,0.0
"Finn and Jake's Epic Quest",1,1,6.0,6.0,100.0
Fire,1,1,3.1,3.1,100.0
Flashback,1,1,1.8,1.8,100.0
"Flashout 2",1,0,0,0,0.0
"Football Manager 2016 Touch Mode - Design a Son",1,0,0,0,0.0
"Football Tactics",1,1,16.0,16.0,100.0
"For The Glory",1,0,0,0,0.0
"Ford Racing 3",1,1,0.5,0.5,100.0
"Foreign Legion Multi Massacre",1,1,1.3,1.3,100.0
Foresight,1,0,0,0,0.0
"Formula Fusion",1,1,0.1,0.1,100.0
"Fox & Flock",1,0,0,0,0.0
"Franchise Hockey Manager 2",1,1,11.2,11.2,100.0
"Frederic Resurrection of Music",1,0,0,0,0.0
"Freedom Planet - Official Soundtrack",1,0,0,0,0.0
"Freight Tycoon Inc.",1,1,10.9,10.9,100.0
"Freshman Year",1,0,0,0,0.0
"Fritz Chess 14",1,1,2.0,2.0,100.0
"Frontline Tactics - Desert Camouflage",1,0,0,0,0.0
"Frontline Tactics - Golden Guns",1,0,0,0,0.0
"Frontline Tactics - Ninja Camouflage",1,0,0,0,0.0
"Frontline Tactics - Snow Camouflage ",1,0,0,0,0.0
"Frontline Tactics - Tiger Camouflage",1,0,0,0,0.0
"Frontline Tactics - Woodland Camouflage",1,0,0,0,0.0
"Funk of Titans",1,0,0,0,0.0
"GUILTY GEAR XX ACCENT CORE PLUS R",1,1,0.5,0.5,100.0
"Galactic Arms Race",1,0,0,0,0.0
"Galactic Civilizations III - Precursor Worlds DLC",1,0,0,0,0.0
"GameLoading Rise of the Indies",1,0,0,0,0.0
"GameMaker Studio Standard",1,0,0,0,0.0
"GameMaker Studio Windows Phone 8",1,0,0,0,0.0
"GameMaker Studio YoYo Compiler",1,0,0,0,0.0
"GameMaker Studio iOS",1,0,0,0,0.0
GamersGoMakers,1,1,26.0,26.0,100.0
"Garden Rescue",1,0,0,0,0.0
"Gare Sapphire Mechs",1,0,0,0,0.0
"Garshasp Temple of the Dragon",1,0,0,0,0.0
"Gary Grigsby's War in the East",1,0,0,0,0.0
Gateways,1,1,0.2,0.2,100.0
"GestureWorks Gameplay",1,1,2.0,2.0,100.0
"Gettysburg Armored Warfare",1,0,0,0,0.0
"Ghost Encounters Deadwood - Collector's Edition",1,1,2.7,2.7,100.0
"Ghost Pirates of Vooju Island",1,0,0,0,0.0
"Ghostbusters Sanctum of Slime",1,1,0.3,0.3,100.0
Gimbal,1,0,0,0,0.0
"Gladiators Online - Tiro Pack",1,0,0,0,0.0
"Glass Wing",1,0,0,0,0.0
"Global Agenda - Beta",1,1,23.0,23.0,100.0
"Gold Package",1,0,0,0,0.0
"Gold Rush! Anniversary",1,0,0,0,0.0
"GooCubelets 2",1,0,0,0,0.0
"Governor of Poker 2",1,0,0,0,0.0
"Governor of Poker 2 Premium Edition",1,1,0.9,0.9,100.0
"Grand Class Melee 2",1,1,0.7,0.7,100.0
"Grandia II Anniversary Edition",1,0,0,0,0.0
Grapple,1,0,0,0,0.0
"Grass Simulator",1,0,0,0,0.0
Gravi,1,0,0,0,0.0
"Gravity Core - Braintwisting Space Odyssey",1,0,0,0,0.0
"Gravity Ghost",1,1,0.5,0.5,100.0
"Grey's Anatomy The Video Game",1,1,0.5,0.5,100.0
"Grim Legends 2 Song of the Dark Swan",1,1,4.4,4.4,100.0
"Grotesque Tactics Evil Heroes - Dev",1,0,0,0,0.0
"Grow Home Soundtrack DLC",1,0,0,0,0.0
"Growing Pains",1,0,0,0,0.0
"Guild Commander",1,1,1.1,1.1,100.0
"Guild Wars Nightfall",1,0,0,0,0.0
"Guilty Gear Isuka",1,1,1.6,1.6,100.0
GunWorld,1,1,3.6,3.6,100.0
"Gunman Clive 2",1,0,0,0,0.0
"Guns'N'Zombies N'Aliens",1,0,0,0,0.0
"Gunslugs 2",1,1,1.1,1.1,100.0
"Gunspell Steam Edition",1,1,3.3,3.3,100.0
"HAWKEN - Mercenary Bundle",1,0,0,0,0.0
"Haegemonia Legions of Iron",1,0,0,0,0.0
"Haegemonia The Solon Heritage",1,0,0,0,0.0
"Hammer Heads Deluxe",1,0,0,0,0.0
"Happy Wars - Evil Warrior Set",1,0,0,0,0.0
"Hard Truck Apocalypse / Ex Machina",1,1,6.6,6.6,100.0
Hardland,1,1,1.7,1.7,100.0
"Hare In The Hat",1,0,0,0,0.0
HassleHeart,1,0,0,0,0.0
Haunted,1,1,0.2,0.2,100.0
"Haunted House",1,1,0.2,0.2,100.0
"Headcrab Frenzy!",1,0,0,0,0.0
Hearthlands,1,0,0,0,0.0
"Heavy Weapon Deluxe",1,0,0,0,0.0
"Hegemony III Clash of the Ancients",1,1,23.0,23.0,100.0
"Hegemony Philip of Macedon",1,1,3.1,3.1,100.0
"Hegemony Rome The Rise of Caesar",1,1,6.0,6.0,100.0
"Hello Kitty and Sanrio Friends Racing",1,1,0.6,0.6,100.0
"Hero of Many",1,0,0,0,0.0
"Heroes Never Lose Professor Puzzler's Perplexing Ploy",1,0,0,0,0.0
"Heroes Over Europe",1,1,3.2,3.2,100.0
"Heroes and Titans Online",1,1,0.2,0.2,100.0
"Heroes of a Broken Land",1,1,0.5,0.5,100.0
"Hidden Object Bundle 4 in 1",1,1,27.0,27.0,100.0
"Hidden Object Bundle 5 in 1",1,0,0,0,0.0
"High Roller",1,0,0,0,0.0
"Higurashi When They Cry - Ch.1 Onikakushi",1,1,13.8,13.8,100.0
Hinterland,1,0,0,0,0.0
"Homebrew - Vehicle Sandbox",1,1,0.7,0.7,100.0
Hook,1,1,2.0,2.0,100.0
"Horizon Shift",1,1,1.6,1.6,100.0
"Hotel Collectors Edition",1,0,0,0,0.0
"Hotel Dash",1,1,9.0,9.0,100.0
"Hotel Giant 2",1,1,44.0,44.0,100.0
"House of 1,000 Doors - Family Secrets",1,0,0,0,0.0
"House of 1000 Doors The Palm of Zoroaster Collector's Edition",1,0,0,0,0.0
"Hunters Of The Dead",1,0,0,0,0.0
I-Fluid,1,1,1.2,1.2,100.0
INK,1,1,0.4,0.4,100.0
"INK - Soundtrack + Art",1,0,0,0,0.0
"Ice Age Continental Drift Arctic Games",1,1,1.4,1.4,100.0
"Iggle Pop! Deluxe",1,0,0,0,0.0
"Ihf Handball Challenge 12",1,0,0,0,0.0
"Imagine Earth",1,1,0.5,0.5,100.0
Immune,1,1,0.2,0.2,100.0
"In Between",1,0,0,0,0.0
"In Between - Soundtrack",1,0,0,0,0.0
"In Exilium",1,0,0,0,0.0
"In Search of the Most Dangerous Town on the Internet",1,0,0,0,0.0
InFlux,1,0,0,0,0.0
Incognito,1,0,0,0,0.0
"Industry Giant 2",1,1,4.7,4.7,100.0
"Infect and Destroy",1,1,0.2,0.2,100.0
"Infinite Space III Sea of Stars",1,0,0,0,0.0
"Influent DLC - English [Learn English]",1,0,0,0,0.0
"Influent DLC - Franais [Learn French]",1,0,0,0,0.0
"Influent DLC - Svenska [Learn Swedish]",1,0,0,0,0.0
"Insane 2",1,1,0.7,0.7,100.0
"Insanity's Blade",1,0,0,0,0.0
"Inside The Gear",1,1,0.9,0.9,100.0
"Inside a Star-filled Sky ",1,1,0.1,0.1,100.0
"Introduction to 3D Prop Modeling and Design - Viking Armor and Weapons",1,1,0.5,0.5,100.0
"Iron Fisticle",1,0,0,0,0.0
"Iron Soul",1,0,0,0,0.0
Ironcast,1,1,37.0,37.0,100.0
"Ironclads American Civil War",1,0,0,0,0.0
"Ironclads Anglo Russian War 1866",1,0,0,0,0.0
"Ironclads Chincha Islands War 1866",1,0,0,0,0.0
"Ironclads High Seas",1,0,0,0,0.0
"Ironclads Schleswig War 1864",1,0,0,0,0.0
"Island Flight Simulator",1,1,0.6,0.6,100.0
"Jack Keane",1,1,2.2,2.2,100.0
"Jacob Jones and the Bigfoot Mystery  Episode 2",1,1,0.2,0.2,100.0
"James Bond Blood Stone",1,0,0,0,0.0
Jamsouls,1,0,0,0,0.0
"Jane's Advanced Strike Fighters",1,0,0,0,0.0
"Jet Racing Extreme",1,0,0,0,0.0
Jump/Boxer,1,0,0,0,0.0
Jumpdrive,1,1,0.8,0.8,100.0
KWAAN,1,1,1.4,1.4,100.0
"Kanji Training Game",1,0,0,0,0.0
"Karate Master 2 Knock Down Blow",1,1,3.1,3.1,100.0
"Karmaflow The Rock Opera Videogame",1,0,0,0,0.0
"Kill Fun Yeah",1,1,2.7,2.7,100.0
"Killing Floor Beta",1,1,0.1,0.1,100.0
"King of Dragon Pass",1,1,5.4,5.4,100.0
"King's Bounty Legions | Beast Master Pack",1,0,0,0,0.0
"King's Bounty Warriors of the North - Ice and Fire DLC",1,0,0,0,0.0
"Kingdom Tales",1,0,0,0,0.0
Kingdoms,1,1,0.2,0.2,100.0
"Kings of Kung Fu",1,1,4.6,4.6,100.0
"Knight of the Hamsters",1,0,0,0,0.0
"Knightmare Tower",1,1,0.5,0.5,100.0
"Knights of Pen and Paper 2",1,0,0,0,0.0
"Kohan II Kings of War",1,1,2.3,2.3,100.0
"Kohan Immortal Sovereigns",1,1,7.9,7.9,100.0
"Korwin The Game",1,1,1.6,1.6,100.0
Kromaia,1,0,0,0,0.0
"Ku Shroud of the Morrigan",1,0,0,0,0.0
Kuros,1,1,2.5,2.5,100.0
"LA Cops",1,1,0.2,0.2,100.0
"LEGO Indiana Jones The Original Adventures",1,0,0,0,0.0
"LEVEL 22",1,1,0.9,0.9,100.0
"LISA Soundtrack + Art Collection",1,0,0,0,0.0
"Last Inua",1,0,0,0,0.0
"Last Knight Rogue Rider Edition",1,1,0.2,0.2,100.0
"Legend of Fae",1,1,0.3,0.3,100.0
"Legions of Ashworld",1,0,0,0,0.0
"Lego Indiana Jones 2",1,0,0,0,0.0
"Leo's Fortune",1,1,0.3,0.3,100.0
"Lethis - Path of Progress",1,0,0,0,0.0
"Leviathan Warships Commonwealth Unit Pack",1,0,0,0,0.0
"Life is Hard",1,1,3.1,3.1,100.0
"Life of Pixel",1,1,0.2,0.2,100.0
"Lifetime Access to Online Services for rFactor 2",1,0,0,0,0.0
"Lili Child of Geos",1,1,0.4,0.4,100.0
"Lilly and Sasha Guardian Angels",1,0,0,0,0.0
"Lineage II The Chaotic Throne",1,0,0,0,0.0
"Little Big Adventure 2",1,1,0.1,0.1,100.0
"Little Farm",1,1,1.4,1.4,100.0
"Lords of Magic Special Edition",1,1,1.2,1.2,100.0
"Lords of the Realm",1,0,0,0,0.0
"Lords of the Realm II",1,1,4.7,4.7,100.0
"Lords of the Realm III",1,0,0,0,0.0
"Lovely Weather We're Having",1,0,0,0,0.0
Lucidity,1,1,0.4,0.4,100.0
"Lumber Island - That Special Place",1,0,0,0,0.0
Lumines,1,1,2.2,2.2,100.0
"Lumines Advanced Pack",1,0,0,0,0.0
"Lunch Truck Tycoon",1,1,0.8,0.8,100.0
"Luxor Evolved",1,0,0,0,0.0
MDK,1,1,1.1,1.1,100.0
"MDK 2",1,0,0,0,0.0
"METAL SLUG DEFENSE - Ptolemaic Army Pack Vol.1",1,0,0,0,0.0
"MX vs. ATV Supercross Encore",1,1,3.9,3.9,100.0
"Magicka Wizards of the Square Tablet",1,1,0.2,0.2,100.0
Magnifico,1,0,0,0,0.0
"Magrunner Dark Pulse",1,0,0,0,0.0
"Majesty 2 Battles of Ardania",1,0,0,0,0.0
"Majesty 2 Monster Kingdom",1,0,0,0,0.0
"Major League Baseball 2K9",1,0,0,0,0.0
"Making History II The War of the World",1,0,0,0,0.0
"Making History The Great War",1,0,0,0,0.0
"Man Alive Game",1,0,0,0,0.0
Manyland,1,1,8.1,8.1,100.0
"Mars Colony Challenger",1,1,4.8,4.8,100.0
"Max and the Magic Marker",1,1,1.2,1.2,100.0
"Mayhem Intergalactic",1,0,0,0,0.0
"Mechanik Maszyn Rolniczych 2015",1,0,0,0,0.0
"Medieval Mercs",1,0,0,0,0.0
"Memento Mori",1,0,0,0,0.0
"Memento Mori 2",1,1,25.0,25.0,100.0
"Metal Drift",1,0,0,0,0.0
"Might & Magic Duel of Champions - Christmas Alternate Art Cards Pack",1,0,0,0,0.0
"Millennium - A New Hope",1,1,2.2,2.2,100.0
"Mind Snares Alice's Journey",1,0,0,0,0.0
Minimon,1,1,14.8,14.8,100.0
"Mishap 2 An Intentional Haunting",1,0,0,0,0.0
"Mission Control NanoMech",1,1,4.1,4.1,100.0
Monochroma,1,1,6.0,6.0,100.0
"Moonrise Base Game + Guildmaster's Pack",1,0,0,0,0.0
"Moonrise Base Game + Warden's Pack",1,0,0,0,0.0
"Mosby's Confederacy",1,0,0,0,0.0
MotoGP13,1,1,2.9,2.9,100.0
"MotoGP13 2012 Top Riders",1,0,0,0,0.0
"MotoGP13 Moto2 and Moto3",1,0,0,0,0.0
"MotoGP14 Laguna Seca Redbull US Grand Prix DLC",1,0,0,0,0.0
Motorbike,1,1,1.2,1.2,100.0
"Motte Island",1,0,0,0,0.0
"Mountain Crime Requital",1,1,3.8,3.8,100.0
"Movie Studio 13 Platinum - Steam Powered",1,1,166.0,166.0,100.0
"Mr. Bree+",1,1,1.5,1.5,100.0
"Musclecar Online",1,0,0,0,0.0
"Mushroom 11",1,1,0.7,0.7,100.0
"Mushroom Men Truffle Trouble ",1,0,0,0,0.0
"Music Creator 6 Touch",1,1,23.0,23.0,100.0
"Mutant Storm Reloaded",1,0,0,0,0.0
"My Bones",1,0,0,0,0.0
"My Lands Miners Luck - Starter DLC Pack",1,0,0,0,0.0
"Mystery Masters Psycho Train Deluxe Edition",1,0,0,0,0.0
"Mystery P.I. The New York Fortune",1,0,0,0,0.0
"Mystery of Neuschwanstein",1,1,1.2,1.2,100.0
"NASCAR The Game 2013",1,1,2.2,2.2,100.0
"NEO AQUARIUM - The King of Crustaceans -",1,0,0,0,0.0
"NOBUNAGA'S AMBITION Kakushin with Power Up Kit",1,1,267.0,267.0,100.0
"NS2 Combat",1,0,0,0,0.0
"Namariel Legends Iron Lord Premium Edition",1,0,0,0,0.0
"Nancy Drew Alibi in Ashes",1,1,4.7,4.7,100.0
"Nancy Drew Dossier Resorting to Danger!",1,0,0,0,0.0
"Nancy Drew Legend of the Crystal Skull ",1,0,0,0,0.0
"Nancy Drew Secret of the Old Clock",1,0,0,0,0.0
"Nancy Drew The Captive Curse",1,1,7.4,7.4,100.0
"Nancy Drew The Creature of Kapu Cave",1,1,1.6,1.6,100.0
"Nancy Drew The Haunted Carousel",1,1,5.9,5.9,100.0
"Nancy Drew The Haunting of Castle Malloy",1,0,0,0,0.0
"Nancy Drew The Phantom of Venice",1,0,0,0,0.0
"Nancy Drew Trail of the Twister",1,0,0,0,0.0
"Nandeyanen!? - The 1st Stra",1,0,0,0,0.0
"Narco Terror",1,1,3.3,3.3,100.0
"Natural Selection 2 - Kodiak Pack",1,0,0,0,0.0
"Natural Selection 2 - Reaper Pack",1,0,0,0,0.0
"Nearwood - Collector's Edition",1,0,0,0,0.0
"Necronomicon The Dawning of Darkness",1,1,0.3,0.3,100.0
Nevermind,1,1,36.0,36.0,100.0
"New Star Soccer 5",1,1,12.2,12.2,100.0
"Night Mysteries The Amphora Prisoner",1,1,1.8,1.8,100.0
"NightShift Code",1,1,2.4,2.4,100.0
Nightside,1,0,0,0,0.0
"Nimble Writer",1,1,10.6,10.6,100.0
"Ninja Guy",1,0,0,0,0.0
"Nom Nom Galaxy",1,1,8.0,8.0,100.0
"Nostradamus The Last Prophecy",1,1,14.4,14.4,100.0
"OCEAN CITY RACING",1,1,0.5,0.5,100.0
"OMSI 2 Add-on Three Generations",1,0,0,0,0.0
Obludia,1,1,3.0,3.0,100.0
"Obscure 2",1,1,1.0,1.0,100.0
"Oceanhorn Monster of Uncharted Seas",1,1,0.2,0.2,100.0
"Off-Road Drive",1,0,0,0,0.0
Oh...Sir!,1,1,0.1,0.1,100.0
Oknytt,1,0,0,0,0.0
"Once Bitten, Twice Dead",1,0,0,0,0.0
"One Day For Ched",1,0,0,0,0.0
"One Late Night Deadline",1,1,0.2,0.2,100.0
"One Night",1,1,0.4,0.4,100.0
"Onikira Demon Killer",1,0,0,0,0.0
"Onimusha 3 Demon Siege",1,1,1.1,1.1,100.0
"Operation Z",1,1,0.3,0.3,100.0
"Order of War Challenge",1,1,3.1,3.1,100.0
"Ori and the Blind Forest (Original Soundtrack)",1,0,0,0,0.0
"Our Love Will Grow",1,0,0,0,0.0
"OutRun 2006 Coast 2 Coast",1,0,0,0,0.0
"Over the Dream",1,1,1.2,1.2,100.0
"Overcast - Walden and the Werewolf - Soundtrack",1,0,0,0,0.0
"Overlord Fellowship of Evil",1,0,0,0,0.0
"PT Boats Knights of the Sea",1,1,11.3,11.3,100.0
"PT Boats South Gambit",1,1,0.3,0.3,100.0
"Pahelika Secret Legends",1,0,0,0,0.0
"Panzer Tactics HD",1,1,11.4,11.4,100.0
"Papo & Yo Soundtrack",1,0,0,0,0.0
Parcel,1,1,9.2,9.2,100.0
PeriAreion,1,0,0,0,0.0
"Perimeter 2 New Earth",1,0,0,0,0.0
"Petz Horsez 2",1,1,17.0,17.0,100.0
"PewDiePie Legend of the Brofist",1,0,0,0,0.0
"Phantom Breaker Battle Grounds - Kurisu Makise + Level 99 Pack",1,0,0,0,0.0
"Pier Solar - The Definitive Original Soundtrack",1,0,0,0,0.0
"Pier Solar and the Great Architects",1,0,0,0,0.0
"Pilot Crusader",1,0,0,0,0.0
"Pinball FX2 - Balls of Glory Pinball",1,0,0,0,0.0
"Pinball FX2 - Marvel's Ant-Man",1,0,0,0,0.0
"Pinball FX2 - Star Wars Pinball Heroes Within Pack",1,0,0,0,0.0
"Pinball FX2 - Super League - Zen Studios F.C. Table",1,0,0,0,0.0
"Pinball FX2 - The Walking Dead Table",1,0,0,0,0.0
"Pirates vs Corsairs Davy Jones's Gold",1,0,0,0,0.0
"Pirates! Gold Plus (Classic)",1,0,0,0,0.0
"Pixel Boy and the Ever Expanding Dungeon",1,0,0,0,0.0
"Pixel Puzzles 2 Anime",1,0,0,0,0.0
"Pixel Puzzles 2 Birds",1,0,0,0,0.0
"Pixel Space",1,1,0.7,0.7,100.0
"Pixel Survivors",1,0,0,0,0.0
"PixelJunk Shooter Ultimate",1,1,2.4,2.4,100.0
"Pizza Frenzy",1,0,0,0,0.0
"Planet of the Eyes",1,1,1.7,1.7,100.0
"Planetside 2 Elite Soldier Bundle",1,0,0,0,0.0
"Planetside 2 First Recruit Bundle",1,0,0,0,0.0
"Point Perfect",1,1,14.0,14.0,100.0
"Pool Nation - Flair Pack ",1,0,0,0,0.0
"Portal of Evil Stolen Runes Collector's Edition",1,1,5.1,5.1,100.0
"Postmortem one must die (Extended Cut)",1,0,0,0,0.0
"Pound of Ground",1,1,0.8,0.8,100.0
"Pretentious Game",1,0,0,0,0.0
"Pretty Girls Mahjong Solitaire",1,1,0.2,0.2,100.0
"Princess Isabella",1,0,0,0,0.0
"Prison Tycoon 3 Lockdown",1,1,1.7,1.7,100.0
"Pro Cycling Manager Season 2008",1,0,0,0,0.0
"Pro Evolution Soccer 2013",1,1,5.6,5.6,100.0
"Pro Evolution Soccer 2013 DP DLC",1,0,0,0,0.0
"Pro Evolution Soccer 2014 World Challenge DLC",1,0,0,0,0.0
"Pro Rugby Manager 2015",1,1,3.8,3.8,100.0
"Project AURA",1,1,3.5,3.5,100.0
"Project Root",1,0,0,0,0.0
Prophour23,1,0,0,0,0.0
"Proto Raider",1,0,0,0,0.0
Psichodelya,1,0,0,0,0.0
"Psycho Starship Rampage",1,1,0.4,0.4,100.0
"Pulut Adventure",1,0,0,0,0.0
"Putt-Putt Enters the Race",1,0,0,0,0.0
"Putt-Putt Goes to the Moon",1,0,0,0,0.0
"Putt-Putt Joins the Circus",1,1,1.3,1.3,100.0
"Putt-Putt Joins the Parade",1,0,0,0,0.0
"Putt-Putt Pep's Birthday Surprise",1,0,0,0,0.0
"Putt-Putt Saves the Zoo",1,1,0.6,0.6,100.0
"Putt-Putt and Fatty Bear's Activity Pack",1,0,0,0,0.0
"Putt-Putt and Pep's Dog on a Stick",1,0,0,0,0.0
"Puzzle Chronicles",1,1,0.9,0.9,100.0
"Puzzle Quest 2",1,1,1.4,1.4,100.0
"Puzzle Quest Galactrix",1,1,6.6,6.6,100.0
"Puzzle Station 15th Anniversary Retro Release",1,0,0,0,0.0
Pyroblazer,1,1,0.2,0.2,100.0
"QUALIA 3 Multi Agent",1,0,0,0,0.0
Qora,1,0,0,0,0.0
"Quarries of Scred",1,1,0.1,0.1,100.0
QuestEvent,1,0,0,0,0.0
"Questerium Sinister Trinity HD",1,0,0,0,0.0
Quiplash,1,0,0,0,0.0
"R.B.I. Baseball 15",1,1,21.0,21.0,100.0
RECYCLE,1,1,0.6,0.6,100.0
"RESCUE 2",1,1,4.2,4.2,100.0
"RIFT Infusion Edition",1,0,0,0,0.0
"RIFT Typhoon Edition",1,0,0,0,0.0
RONIN,1,1,0.6,0.6,100.0
"RPG Maker Arabian Nights",1,0,0,0,0.0
"RPG Maker Classic Fantasy Music Pack",1,0,0,0,0.0
"RPG Maker DS+ Resource Pack",1,0,0,0,0.0
"RPG Maker MV",1,1,55.0,55.0,100.0
"RPG Maker MV Cover Art Characters Pack",1,0,0,0,0.0
"RPG Maker MV Essentials Add-On",1,0,0,0,0.0
"RPG Maker Samurai Resource Pack",1,0,0,0,0.0
"RPG Maker The Simple Life Music Pack",1,0,0,0,0.0
"Radial Impact",1,0,0,0,0.0
"Raiden Legacy",1,1,0.5,0.5,100.0
"Railroad Pioneer",1,1,11.3,11.3,100.0
"Reach for the Sun",1,1,3.0,3.0,100.0
"Realm of Perpetual Guilds",1,0,0,0,0.0
"Realms of Arkania Blade of Destiny",1,0,0,0,0.0
"Rebuild 3 Gangs of Deadsville",1,1,8.4,8.4,100.0
"Rebuild Gangs of Deadsville - Deluxe DLC",1,0,0,0,0.0
"Reckless Ruckus",1,0,0,0,0.0
"Red Bull X-Fighters",1,1,1.2,1.2,100.0
"Red Orchestra Beta",1,0,0,0,0.0
Reflections,1,0,0,0,0.0
ReignMaker,1,0,0,0,0.0
Rekoil,1,0,0,0,0.0
"Rescue Team 5",1,1,0.8,0.8,100.0
Resonance,1,0,0,0,0.0
Retaliation,1,0,0,0,0.0
"Retro Game Crunch",1,0,0,0,0.0
"Retro-Pixel Castles",1,1,2.7,2.7,100.0
"Reverse Crawl",1,1,0.4,0.4,100.0
Reversi,1,1,5.1,5.1,100.0
"Reversion - The Meeting",1,0,0,0,0.0
"Rex Nebular and the Cosmic Gender Bender",1,0,0,0,0.0
"Ride! Carnival Tycoon",1,1,0.3,0.3,100.0
"Riding Star",1,1,2.7,2.7,100.0
"Rift Ascended Edition",1,0,0,0,0.0
"Rift's Cave",1,0,0,0,0.0
Rigonauts,1,1,1.8,1.8,100.0
"Rime Berta",1,0,0,0,0.0
"Robot Rescue Revolution",1,1,5.6,5.6,100.0
Robowars,1,0,0,0,0.0
"Rocket Mania! Deluxe",1,0,0,0,0.0
Roguelands,1,1,7.2,7.2,100.0
"Rollers of the Realm",1,0,0,0,0.0
"Romance of the Three Kingdoms Maker",1,1,0.3,0.3,100.0
Roommates,1,0,0,0,0.0
"Rooms The Main Building",1,0,0,0,0.0
"Rooms The Unsolvable Puzzle",1,1,78.0,78.0,100.0
"Rooster Teeth vs. Zombiens",1,0,0,0,0.0
"Royal Defense",1,1,1.7,1.7,100.0
"Rubber and Lead",1,0,0,0,0.0
"Rugby Challenge 2",1,1,5.4,5.4,100.0
"Rulers of Nations",1,1,53.0,53.0,100.0
Runers,1,1,50.0,50.0,100.0
"SAMURAI WARRIORS 4-II",1,1,2.2,2.2,100.0
"SCHAR Blue Shield Alliance",1,1,1.9,1.9,100.0
SPACECOM,1,1,6.4,6.4,100.0
"SPY Fox in Dry Cereal",1,0,0,0,0.0
"STAR WARS TIE Fighter Special Edition",1,0,0,0,0.0
"STAR WARS X-Wing Special Edition",1,0,0,0,0.0
STASIS,1,0,0,0,0.0
"Sakura Clicker - Hairstyle Pack",1,0,0,0,0.0
"Sakura Clicker - Present Outfit",1,0,0,0,0.0
"Sakura Clicker - School Outfit",1,0,0,0,0.0
"Sakura Swim Club",1,1,2.2,2.2,100.0
"Salammbo Battle for Carthage",1,0,0,0,0.0
Salt,1,1,12.6,12.6,100.0
"Samantha Swift and the Golden Touch",1,1,0.2,0.2,100.0
Sandmason,1,1,0.1,0.1,100.0
Sanitarium,1,1,10.4,10.4,100.0
Saw,1,1,1.7,1.7,100.0
Schein,1,0,0,0,0.0
"Science Girls",1,1,0.2,0.2,100.0
"Scraps Modular Vehicle Combat",1,0,0,0,0.0
"Season Match 3 - Curse of the Witch Crow",1,1,0.3,0.3,100.0
"Second Chance Heroes",1,1,0.3,0.3,100.0
"Secret of the Magic Crystals - Soundtrack and Coloring Book",1,0,0,0,0.0
"Secret of the Magic Crystals - The Race",1,0,0,0,0.0
Sentinel,1,0,0,0,0.0
Sentris,1,0,0,0,0.0
Servo,1,1,2.6,2.6,100.0
"Seven Kingdoms 2 HD",1,1,0.4,0.4,100.0
"Shadow Ops Red Mercury",1,0,0,0,0.0
"Shallow Space",1,1,0.6,0.6,100.0
"Shark Attack Deathmatch 2",1,1,2.2,2.2,100.0
"Shattered Horizon Arconauts",1,0,0,0,0.0
"Shelter 2 Soundtrack",1,0,0,0,0.0
"Ship Simulator Maritime Search and Rescue",1,1,6.5,6.5,100.0
"Shoot Many Robots Arena Kings",1,0,0,0,0.0
SickBrick,1,1,0.7,0.7,100.0
"Siege of Turtle Enclave",1,0,0,0,0.0
"Signal Ops",1,1,1.8,1.8,100.0
SimpleRockets,1,1,25.0,25.0,100.0
Siralim,1,0,0,0,0.0
"Sky Nations",1,1,14.6,14.6,100.0
"SlamIt Pinball Big Score",1,1,0.7,0.7,100.0
"Slave Zero",1,0,0,0,0.0
"Sledgehammer / Gear Grinder",1,0,0,0,0.0
"Small World 2 - Be Not Afraid...",1,0,0,0,0.0
"Small World 2 - Cursed!",1,0,0,0,0.0
"Small World 2 - Grand Dames",1,0,0,0,0.0
"Smooth Operators",1,1,2.5,2.5,100.0
"Smugglers 5",1,0,0,0,0.0
"Smugglers 5 Invasion",1,0,0,0,0.0
"Sniper Elite Zombie Army 2",1,1,0.4,0.4,100.0
Soccertron,1,0,0,0,0.0
"Solar Shifter EX",1,0,0,0,0.0
SoulCraft,1,0,0,0,0.0
"Space Colony",1,1,12.0,12.0,100.0
"Space Giraffe",1,0,0,0,0.0
"Space Legends At the Edge of the Universe",1,0,0,0,0.0
"Space Rangers",1,0,0,0,0.0
"Space Rangers 2 Reboot",1,0,0,0,0.0
"Space Station Alpha",1,0,0,0,0.0
"Space Warp",1,1,0.1,0.1,100.0
SpaceCorn,1,0,0,0,0.0
"SpaceForce Rogue Universe",1,1,5.5,5.5,100.0
"Spandex Force Champion Rising",1,0,0,0,0.0
"Sparkle 3 Genesis",1,0,0,0,0.0
Spectromancer,1,0,0,0,0.0
"SpellForce 2 Shadow Wars",1,0,0,0,0.0
"Spiral Knights Preview",1,0,0,0,0.0
"Spirit Of War",1,0,0,0,0.0
"Splatter - Blood Red Edition",1,1,2.9,2.9,100.0
Sportsfriends,1,0,0,0,0.0
Squirreltopia,1,1,19.7,19.7,100.0
"Star Traders 4X Empires",1,1,8.4,8.4,100.0
"Starbound Free Avatars",1,0,0,0,0.0
"Stargate Resistance",1,1,162.0,162.0,100.0
Stargazer,1,0,0,0,0.0
Starscape,1,1,8.9,8.9,100.0
"Starship Rubicon",1,0,0,0,0.0
"Starter Pack",1,0,0,0,0.0
Starvoid,1,0,0,0,0.0
"Steam Bandits Outpost",1,0,0,0,0.0
"Steam Heroes",1,0,0,0,0.0
Steredenn,1,1,7.8,7.8,100.0
"Stick RPG 2",1,1,1.7,1.7,100.0
Storm,1,0,0,0,0.0
"Storm United",1,0,0,0,0.0
"Storm over the Pacific",1,0,0,0,0.0
Strata,1,0,0,0,0.0
"Streets of Moscow",1,0,0,0,0.0
"StuntMANIA Reloaded",1,0,0,0,0.0
"Subject 9",1,0,0,0,0.0
"Sublevel Zero",1,1,0.3,0.3,100.0
Submerged,1,1,2.3,2.3,100.0
"Substance Painter",1,1,0.8,0.8,100.0
"SunAge Battle for Elysium",1,0,0,0,0.0
"Sunrider Academy",1,1,43.0,43.0,100.0
"Super 3-D Noah's Ark",1,1,9.2,9.2,100.0
"Super Chain Crusher Horizon",1,0,0,0,0.0
"Super Chibi Knight",1,1,3.3,3.3,100.0
"Super Dungeon Run",1,0,0,0,0.0
"Super Game Jam",1,1,1.2,1.2,100.0
"Super Laser Racer",1,0,0,0,0.0
"Super Lemonade Factory",1,0,0,0,0.0
"Supercharged Robot VULKAISER",1,0,0,0,0.0
"Supreme Ruler Ultimate",1,0,0,0,0.0
"Survivor Squad Gauntlets",1,0,0,0,0.0
"Sweezy Gunner",1,0,0,0,0.0
"Sword of the Samurai",1,0,0,0,0.0
"Sword of the Stars The Pit - Juggernaut",1,0,0,0,0.0
"Sword of the Stars The Pit - Necromancer",1,0,0,0,0.0
"Sword of the Stars The Pit Soundtrack",1,0,0,0,0.0
"T.E.C. 3001",1,1,1.7,1.7,100.0
"TERA Accessorize Pack",1,0,0,0,0.0
"TERA Explorer's Pack",1,0,0,0,0.0
"TERA Starter Pack",1,0,0,0,0.0
"TERA Steam-Powered Pack",1,0,0,0,0.0
TOXIKK,1,1,0.7,0.7,100.0
"TRIP Steam Edition",1,0,0,0,0.0
"Talismania Deluxe",1,1,1.9,1.9,100.0
Taxi,1,1,1.5,1.5,100.0
"Tcheco in the Castle of Lucio",1,0,0,0,0.0
"Ted by Dawn",1,0,0,0,0.0
"Teddy Floppy Ear - Kayaking",1,1,3.5,3.5,100.0
"Templar Battleforce",1,0,0,0,0.0
"Terminator Salvation",1,1,3.7,3.7,100.0
"Terrian Saga KR-17",1,0,0,0,0.0
"Tesla Breaks the World!",1,0,0,0,0.0
"Tesla Breaks the World! Official Soundtrack",1,0,0,0,0.0
"Test Drive Ferrari Racing Legends",1,1,1.0,1.0,100.0
"Tetrobot and Co.",1,1,1.8,1.8,100.0
"Thank You The Game 2",1,0,0,0,0.0
"That Old Time Religion",1,0,0,0,0.0
"The Adventures of Tree",1,1,6.5,6.5,100.0
"The Battle of Sol",1,0,0,0,0.0
"The Beast of Lycan Isle - Collector's Edition",1,1,4.0,4.0,100.0
"The Black Watchmen",1,1,3.8,3.8,100.0
"The Bug Butcher",1,1,0.3,0.3,100.0
"The Cameron Files The Secret at Loch Ness",1,0,0,0,0.0
"The Campaign Series Fall Weiss",1,1,11.3,11.3,100.0
"The Chronicles of Narnia - Prince Caspian",1,0,0,0,0.0
"The Clans - Saga of the Twins",1,1,4.7,4.7,100.0
"The Counting Kingdom",1,0,0,0,0.0
"The Curious Expedition",1,1,20.0,20.0,100.0
"The Dreamatorium of Dr. Magnus 2",1,1,41.0,41.0,100.0
"The Egyptian Prophecy The Fate of Ramses",1,1,0.3,0.3,100.0
"The Entente Gold",1,1,0.3,0.3,100.0
"The Few",1,1,4.7,4.7,100.0
"The Flame in the Flood",1,1,0.2,0.2,100.0
"The Flying Dutchman",1,0,0,0,0.0
"The Forest of Doom",1,0,0,0,0.0
"The Good Life",1,1,0.6,0.6,100.0
"The Graveyard",1,1,0.2,0.2,100.0
"The Haunted Hells Reach",1,1,0.9,0.9,100.0
"The History Channel Civil War",1,0,0,0,0.0
"The Hive",1,0,0,0,0.0
"The Impossible Game",1,1,14.4,14.4,100.0
"The Incredible Adventures of Van Helsing Final Cut",1,1,58.0,58.0,100.0
"The Jackbox Party Pack 2",1,1,14.3,14.3,100.0
"The Journey Down Chapter Two",1,0,0,0,0.0
"The Joylancer Legendary Motor Knight",1,0,0,0,0.0
"The Lady",1,1,10.8,10.8,100.0
"The Last Tinker City of Colors",1,0,0,0,0.0
"The Last Warlock",1,0,0,0,0.0
"The Legend of Tango",1,0,0,0,0.0
"The Magic Circle",1,1,5.2,5.2,100.0
"The Musketeers Victoria's Quest",1,1,36.0,36.0,100.0
"The Otherside",1,1,4.8,4.8,100.0
"The Political Machine 2016",1,1,3.6,3.6,100.0
"The Promised Land",1,0,0,0,0.0
"The Quiet Girl's Guide to Violence",1,0,0,0,0.0
"The Red Solstice",1,0,0,0,0.0
"The Ritual on Weylyn Island",1,0,0,0,0.0
"The Royal Trap The Confines Of The Crown",1,0,0,0,0.0
"The Sacred Tears TRUE",1,0,0,0,0.0
"The Secret Of Hildegards",1,0,0,0,0.0
"The Settlers 7 Paths to a Kingdom The Two Kings DLC #4",1,0,0,0,0.0
"The Settlers Rise of an Empire Gold Edition  ",1,0,0,0,0.0
"The Stalin Subway",1,1,0.2,0.2,100.0
"The Stalin Subway Red Veil",1,0,0,0,0.0
"The Talos Principle - Bonus Content",1,0,0,0,0.0
"The Talos Principle - Prototype",1,0,0,0,0.0
"The Talos Principle - Soundtrack",1,0,0,0,0.0
"The Tomorrow War",1,0,0,0,0.0
"The Universim",1,1,0.5,0.5,100.0
"The Walking Dead Survival Instinct",1,1,7.3,7.3,100.0
"The Wizard's Pen",1,1,4.2,4.2,100.0
"Theme Park Studio",1,1,2.0,2.0,100.0
"Thief Town",1,1,0.3,0.3,100.0
"Tick The Time Based Puzzle Game",1,0,0,0,0.0
"Tiki Man",1,0,0,0,0.0
"Time Mysteries Inheritance - Remastered",1,1,3.4,3.4,100.0
"Time Ramesside (A New Reckoning)",1,0,0,0,0.0
"Time of Shadows",1,0,0,0,0.0
"Tiny Barbarian DX",1,0,0,0,0.0
TinyKeep,1,0,0,0,0.0
"Tkl Online",1,1,2.4,2.4,100.0
"Toast Time",1,1,0.6,0.6,100.0
"Tobe's Vertical Adventure",1,1,0.2,0.2,100.0
"Tom Clancy's Ghost Recon Phantoms - EU 6000 GC Pack",1,0,0,0,0.0
"Tom Clancy's Ghost Recon Phantoms - NA Substance with Style pack (Recon)",1,0,0,0,0.0
"Tom Clancy's Ghost Recon Phantoms - NA The Thrill of the Surprise",1,0,0,0,0.0
"Tom Clancy's Ghost Recon Phantoms - NA WAR Madness pack (Assault)",1,0,0,0,0.0
"Tom Clancy's Ghost Recon Phantoms - NA WAR Madness pack (Support)",1,0,0,0,0.0
"Tomb of Tyrants",1,0,0,0,0.0
"Total Pro Golf 3",1,0,0,0,0.0
"Towtruck Simulator 2015",1,1,2.3,2.3,100.0
"Toy Soldiers Complete",1,0,0,0,0.0
"Tradewinds Caravans",1,1,1.5,1.5,100.0
"Tradewinds Odyssey",1,0,0,0,0.0
"Trainz Classic Cabon City",1,0,0,0,0.0
"Trainz Murchison 2",1,0,0,0,0.0
Transcripted,1,0,0,0,0.0
"Trapped Dead Lockdown",1,0,0,0,0.0
"Traps N' Gemstones",1,1,7.0,7.0,100.0
"Treasure Planet Battle at Procyon",1,1,0.6,0.6,100.0
"Treeker The Lost Glasses",1,1,3.0,3.0,100.0
"Triple Town",1,1,21.0,21.0,100.0
"Tropico 5 - Espionage",1,0,0,0,0.0
"Tropico 5 - Inquisition",1,0,0,0,0.0
"Trouble In The Manor",1,1,0.9,0.9,100.0
"Trove Arcanium Expedition Pack",1,0,0,0,0.0
Tryst,1,1,21.0,21.0,100.0
"Tryst Survival DLC",1,0,0,0,0.0
Tulpa,1,0,0,0,0.0
Turnover,1,0,0,0,0.0
"Tycoon City New York",1,0,0,0,0.0
"Typer Shark! Deluxe",1,0,0,0,0.0
"TyranoBuilder Visual Novel Studio",1,1,10.5,10.5,100.0
"TyranoBuilder Visual Novel Studio Demo",1,0,0,0,0.0
"UFO Aftershock",1,0,0,0,0.0
"Ultionus A Tale of Petty Revenge",1,1,0.6,0.6,100.0
"Undead Overlord",1,1,0.8,0.8,100.0
Undefeated,1,0,0,0,0.0
"Undefeated - Deluxe Contents",1,0,0,0,0.0
"Undefeated - Official Guide",1,0,0,0,0.0
Unhack,1,0,0,0,0.0
Unium,1,1,0.8,0.8,100.0
Unrest,1,0,0,0,0.0
"Urban Chaos",1,0,0,0,0.0
"Urizen Shadows of the Cold",1,1,0.1,0.1,100.0
"VERGELost chapter",1,0,0,0,0.0
"Vagrant Hearts",1,0,0,0,0.0
"Vanguard Princess Kurumi",1,0,0,0,0.0
"Vanguard Saga of Heroes F2P",1,0,0,0,0.0
Venetica,1,0,0,0,0.0
Venice,1,0,0,0,0.0
"Verde Station",1,0,0,0,0.0
"Vertex Dispenser",1,0,0,0,0.0
"Viking Brothers",1,1,1.8,1.8,100.0
"Virtual Villagers A New Home",1,1,4.3,4.3,100.0
Volume,1,1,0.7,0.7,100.0
Vox,1,1,2.4,2.4,100.0
"Voyage Journey to the Moon",1,0,0,0,0.0
WARSHIFT,1,0,0,0,0.0
"WRC 5 - WRC Concept Car S",1,0,0,0,0.0
"Warehouse and Logistics Simulator",1,1,0.2,0.2,100.0
"Warehouse and Logistics Simulator DLC Hell's Warehouse",1,0,0,0,0.0
"Warhammer 40,000 Armageddon",1,1,10.1,10.1,100.0
"Warhammer 40,000 Armageddon - Angels of Death",1,0,0,0,0.0
"Warhammer 40,000 Armageddon - Glory of Macragge",1,0,0,0,0.0
"Warhammer 40,000 Armageddon - Untold Battles",1,0,0,0,0.0
"Warhammer 40,000 Armageddon - Vulkan's Wrath",1,0,0,0,0.0
"Warhammer 40,000 Dark Nexus Arena",1,0,0,0,0.0
"Warhammer 40,000 Storm of Vengeance",1,0,0,0,0.0
"Warhammer 40,000 Storm of Vengeance Bad Moon Clan",1,0,0,0,0.0
"Warhammer 40,000 Storm of Vengeance Death Skulls Clan",1,0,0,0,0.0
"Warhammer 40,000 Storm of Vengeance Imperial Guard Faction",1,0,0,0,0.0
"Warring States",1,0,0,0,0.0
"Warrior Kings Battles",1,1,23.0,23.0,100.0
"Warriors & Castles",1,0,0,0,0.0
"Watchmen The End Is Nigh",1,1,0.4,0.4,100.0
"Weather Lord The Successor's Path",1,1,3.8,3.8,100.0
Westward,1,1,4.2,4.2,100.0
"Westward 2",1,0,0,0,0.0
"Westward 3",1,1,0.2,0.2,100.0
"Westward IV",1,0,0,0,0.0
"Who Is Mike",1,0,0,0,0.0
"Who's That Flying?!",1,1,0.2,0.2,100.0
"Wind of Luck Arena - Mediterranean Captain pack",1,0,0,0,0.0
Windborne,1,1,5.1,5.1,100.0
Windforge,1,0,0,0,0.0
"Winning Post 8 2015",1,1,127.0,127.0,100.0
"Winter Voices",1,0,0,0,0.0
"Witch's Pranks Frog's Fortune Collector's Edition",1,0,0,0,0.0
"Wooden Floor",1,0,0,0,0.0
"Wooden Sen'SeY",1,0,0,0,0.0
"Words for Evil",1,0,0,0,0.0
"World Basketball Tycoon",1,0,0,0,0.0
"World Ship Simulator",1,0,0,0,0.0
"World War 2 Time of Wrath",1,0,0,0,0.0
"World of Mixed Martial Arts 3",1,1,11.4,11.4,100.0
"Worldwide Soccer Manager 2009",1,1,295.0,295.0,100.0
"X Rebirth The Teladi Outpost",1,0,0,0,0.0
X-note,1,1,4.4,4.4,100.0
Xeodrifter,1,1,2.9,2.9,100.0
"Xpand Rally",1,0,0,0,0.0
"You Must Build A Boat",1,1,32.0,32.0,100.0
"Z3TA+ 2",1,0,0,0,0.0
ZOMBI,1,1,1.9,1.9,100.0
"Zen of Sudoku",1,0,0,0,0.0
Zigfrak,1,0,0,0,0.0
Ziro,1,0,0,0,0.0
"Zombie Bowl-O-Rama",1,0,0,0,0.0
"Zombie Driver HD Apocalypse Pack",1,0,0,0,0.0
"Zombie Driver Summer of Slaughter DLC",1,0,0,0,0.0
"Zombie Grinder",1,1,7.8,7.8,100.0
"Zombie Pirates",1,0,0,0,0.0
"Zombie Tycoon 2 Brainhov's Revenge",1,1,2.8,2.8,100.0
Zooloretto,1,0,0,0,0.0
Zoombinis,1,1,3.6,3.6,100.0
Zotrix,1,1,0.5,0.5,100.0
"aerofly RC 7",1,1,0.2,0.2,100.0
"ePic Character Generator",1,0,0,0,0.0
"fault milestone one",1,1,5.4,5.4,100.0
"fault milestone two sideabove",1,1,1.6,1.6,100.0
hocus,1,1,0.1,0.1,100.0
"iBomber Attack",1,1,0.4,0.4,100.0
iRacing,1,0,0,0,0.0
"in Space",1,0,0,0,0.0
"liteCam Game 100 FPS Game Capture",1,1,68.0,68.0,100.0
rFactor,1,1,2.2,2.2,100.0
"rFactor 2",1,1,1.8,1.8,100.0
rymdkapsel,1,1,1.1,1.1,100.0
samurai_jazz,1,0,0,0,0.0
