user_id,games_purchased,games_played,total_playtime,avg_playtime_per_game
5250,21,6,225.5,37.5833333333333
76767,36,20,1227.0,61.35
86540,82,15,255.0,17.0
103360,10,0,0,0
144736,8,1,0.1,0.1
181212,12,2,2.2,1.1
229911,27,18,390.5,21.6944444444444
298950,259,175,3745.4,21.4022857142857
299153,14,0,0,0
381543,10,1,3.0,3.0
547685,25,5,512.6,102.52
554278,28,9,281.0,31.2222222222222
561758,144,80,1040.9,13.01125
577614,8,1,36.0,36.0
604988,8,0,0,0
622362,10,4,71.0,17.75
635733,8,1,0.6,0.6
683019,13,2,42.9,21.45
714122,10,3,3.5,1.16666666666667
748719,30,15,1487.2,99.1466666666667
835015,8,0,0,0
861238,9,3,1.9,0.633333333333333
871990,12,3,134.2,44.7333333333333
937567,17,2,1.4,0.7
948368,14,3,88.5,29.5
975449,378,202,2165.0,10.7178217821782
976129,8,1,0.5,0.5
983600,12,1,55.0,55.0
994489,23,6,1396.2,232.7
1006880,8,0,0,0
1024319,8,1,12.1,12.1
1072465,15,6,102.7,17.1166666666667
1129452,22,13,671.4,51.6461538461538
1135775,8,1,1.3,1.3
1268792,8,1,0.5,0.5
1364546,9,2,553.9,276.95
1423371,9,1,241.0,241.0
1601069,8,0,0,0
1601773,10,0,0,0
1603625,8,0,0,0
1612666,28,17,167.1,9.82941176470588
1665511,8,0,0,0
1699101,8,1,0.5,0.5
1713646,12,1,0.7,0.7
1834453,12,2,197.0,98.5
1851828,10,0,0,0
1936551,151,86,826.3,9.60813953488372
1950243,77,44,505.4,11.4863636363636
1971801,10,0,0,0
2039434,16,3,79.3,26.4333333333333
2083767,61,32,469.4,14.66875
2087859,14,0,0,0
2110581,35,28,292.5,10.4464285714286
2184507,12,3,6.2,2.06666666666667
2259650,196,111,2067.4,18.6252252252252
2382003,8,0,0,0
2428602,15,2,474.4,237.2
2531540,29,7,84.6,12.0857142857143
2613043,8,1,0.2,0.2
2643609,49,29,769.5,26.5344827586207
2753525,115,57,1238.6,21.7298245614035
3001740,10,0,0,0
3054990,8,1,60.0,60.0
3238976,8,1,5.5,5.5
3244702,12,3,68.5,22.8333333333333
3249166,8,1,23.0,23.0
3347312,8,1,0.8,0.8
3372923,10,0,0,0
3449240,98,57,2038.8,35.7684210526316
3450426,8,5,2.7,0.54
3498717,12,1,0.2,0.2
3527485,23,15,529.9,35.3266666666667
3614782,14,0,0,0
3663009,12,1,0.9,0.9
3674653,8,1,772.0,772.0
3747293,12,1,8.1,8.1
3783783,27,19,1460.9,76.8894736842105
3897969,8,1,0.2,0.2
3974133,8,0,0,0
3979930,27,17,395.6,23.2705882352941
4064412,11,4,1394.7,348.675
4156158,8,1,9.7,9.7
4318904,8,0,0,0
4325465,8,1,0.6,0.6
4485779,8,1,1697.0,1697.0
4595423,27,9,22.7,2.52222222222222
4603800,10,1,1.6,1.6
4677023,8,1,2.8,2.8
4812175,8,2,4.4,2.2
4824107,31,14,579.5,41.3928571428571
4834220,33,16,2070.6,129.4125
4877411,12,5,280.8,56.16
4897767,8,1,1.6,1.6
4986667,8,1,72.0,72.0
5217749,12,1,10.8,10.8
5220782,16,4,80.2,20.05
5232588,8,3,7.2,2.4
5270060,18,5,16.3,3.26
5307960,8,1,4.3,4.3
5314150,7,0,0,0
5387470,72,35,2401.2,68.6057142857143
5600822,12,1,6.6,6.6
5689496,12,1,9.9,9.9
5759284,8,1,10.1,10.1
5860071,15,7,126.5,18.0714285714286
5949488,17,5,237.4,47.48
5976642,13,5,122.5,24.5
5990132,53,38,538.2,14.1631578947368
6144819,33,14,507.7,36.2642857142857
6216773,3,0,0,0
6252885,14,4,91.0,22.75
6394150,3,0,0,0
6439568,11,6,363.4,60.5666666666667
6656519,3,1,1.6,1.6
6717871,121,49,339.1,6.92040816326531
6820462,9,3,9.3,3.1
6928806,32,20,955.7,47.785
6979578,3,3,118.3,39.4333333333333
7015471,39,17,660.1,38.8294117647059
7020135,14,3,353.7,117.9
7094039,3,3,1.6,0.533333333333333
7163917,20,7,64.2,9.17142857142857
7203603,33,17,1431.9,84.2294117647059
7249363,11,6,54.2,9.03333333333333
7273540,11,2,541.0,270.5
7418489,12,5,330.4,66.08
7431946,40,27,670.3,24.8259259259259
7440594,81,41,1207.7,29.4560975609756
7507458,8,0,0,0
7519923,3,1,35.0,35.0
7527129,17,1,1.1,1.1
7585698,10,1,0.5,0.5
7617325,8,0,0,0
7736384,9,2,671.0,335.5
7757631,8,1,94.0,94.0
7907686,117,55,682.7,12.4127272727273
7923954,8,1,0.3,0.3
7955670,21,12,3927.9,327.325
7987640,3,0,0,0
8013465,12,1,3.9,3.9
8100868,8,1,10.2,10.2
8259307,93,57,126.1,2.21228070175439
8277694,3,1,1.3,1.3
8311704,26,9,25.0,2.77777777777778
8334557,13,1,0.2,0.2
8415723,8,0,0,0
8542204,44,35,284.1,8.11714285714286
8567888,12,1,1.3,1.3
8585433,316,126,5856.6,46.4809523809524
8763960,4,4,621.9,155.475
8776918,60,31,3508.8,113.187096774194
8784496,34,16,100.4,6.275
8795607,48,20,314.0,15.7
8817922,7,0,0,0
8865447,8,3,6.9,2.3
8949216,16,7,226.0,32.2857142857143
8978697,8,0,0,0
9065641,8,2,0.7,0.35
9128105,276,161,2210.1,13.7273291925466
9134079,10,3,129.3,43.1
9180659,46,35,1199.5,34.2714285714286
9209946,17,5,46.1,9.22
9245216,25,8,123.0,15.375
9365873,10,4,1.0,0.25
9439949,8,0,0,0
9544834,10,3,101.6,33.8666666666667
9548378,3,0,0,0
9563573,50,24,391.5,16.3125
9740704,11,3,27.1,9.03333333333333
9759887,8,1,0.3,0.3
9811609,8,0,0,0
9823354,187,129,2738.9,21.2317829457364
9845449,26,11,62.7,5.7
9946133,26,17,1935.9,113.876470588235
10064100,4,2,1.9,0.95
10095386,4,1,34.0,34.0
10144413,7,0,0,0
10144504,8,3,5.7,1.9
10162301,38,23,407.9,17.7347826086956
10181060,11,8,44.6,5.575
10216256,12,1,2.7,2.7
10218563,82,40,2022.1,50.5525
10253354,228,132,2610.4,19.7757575757576
10262121,6,0,0,0
10267553,4,0,0,0
10302000,42,24,4849.5,202.0625
10385370,17,7,169.4,24.2
10450544,118,74,1511.5,20.4256756756757
10478285,5,3,201.0,67.0
10515535,4,1,0.1,0.1
10595342,4,4,49.3,12.325
10599862,257,178,11651.7,65.4589887640449
10608804,13,2,3.0,1.5
10714039,4,1,17.5,17.5
10809782,4,1,0.8,0.8
10810391,6,0,0,0
10854426,6,1,0.7,0.7
10856494,7,5,2622.7,524.54
10868970,4,1,2.9,2.9
10869571,13,2,23.4,11.7
10934310,4,4,4.2,1.05
10964000,4,1,29.0,29.0
11024186,15,11,537.5,48.8636363636364
11080937,4,0,0,0
11149819,287,114,2816.7,24.7078947368421
11151885,12,1,1.8,1.8
11161178,169,83,2898.4,34.9204819277108
11200326,4,0,0,0
11207650,52,31,623.7,20.1193548387097
11300897,26,15,191.0,12.7333333333333
11373749,455,204,3943.2,19.3294117647059
11403772,588,314,6009.9,19.1398089171975
11408688,4,0,0,0
11414203,4,3,1.0,0.333333333333333
11504910,4,0,0,0
11613587,7,0,0,0
11650340,4,0,0,0
11713535,8,1,23.0,23.0
11718802,7,1,87.0,87.0
11731710,105,57,3980.0,69.8245614035088
11794760,209,98,1756.2,17.9204081632653
11807754,22,17,1278.8,75.2235294117647
11813637,57,37,2799.1,75.6513513513514
11940338,100,64,807.9,12.6234375
11952990,80,47,1425.7,30.3340425531915
11970504,84,56,920.2,16.4321428571429
11973378,4,1,0.8,0.8
11978743,196,46,616.5,13.4021739130435
12034137,4,0,0,0
12070928,7,1,34.0,34.0
12130111,39,23,803.3,34.9260869565217
12144171,101,66,1452.5,22.0075757575758
12169570,4,1,108.0,108.0
12195913,21,13,2834.2,218.015384615385
12259303,27,22,217.1,9.86818181818182
12312878,4,1,0.4,0.4
12423315,7,4,22.7,5.675
12529679,12,6,53.6,8.93333333333333
12563913,8,1,0.2,0.2
12583476,4,1,0.3,0.3
12610800,288,165,2609.1,15.8127272727273
12660489,13,5,6074.1,1214.82
12673872,12,1,0.4,0.4
12760368,47,26,1180.9,45.4192307692308
12774878,21,3,320.2,106.733333333333
12858799,4,1,0.5,0.5
12860805,17,14,1499.6,107.114285714286
12897088,4,1,0.4,0.4
12985315,9,9,240.1,26.6777777777778
13190476,159,109,3049.8,27.9798165137615
13227098,9,1,0.6,0.6
13227113,3,2,20.5,10.25
13336286,4,2,18.7,9.35
13542867,3,1,1.5,1.5
13556140,18,4,209.0,52.25
13565651,183,102,1428.0,14.0
13614852,4,1,1.1,1.1
13646256,12,8,39.6,4.95
13669241,4,0,0,0
13802025,8,2,13.8,6.9
13863290,4,2,476.2,238.1
13873032,4,1,197.0,197.0
14095190,3,0,0,0
14098833,7,2,20.0,10.0
14126086,124,35,3202.7,91.5057142857143
14153959,6,5,36.7,7.34
14165501,9,2,9.3,4.65
14216099,15,5,1678.2,335.64
14256995,10,0,0,0
14258248,8,3,30.7,10.2333333333333
14416572,3,0,0,0
14417857,30,21,1543.1,73.4809523809524
14421986,8,0,0,0
14433556,4,0,0,0
14465359,301,126,4405.5,34.9642857142857
14477878,8,1,0.6,0.6
14507290,11,6,568.5,94.75
14544587,102,57,8137.1,142.756140350877
14551726,11,6,26.4,4.4
14671378,27,20,729.0,36.45
14702137,16,3,270.2,90.0666666666667
14706578,7,0,0,0
14711056,4,1,4.6,4.6
14717252,5,3,10.4,3.46666666666667
14758912,3,1,85.0,85.0
14906179,19,18,875.6,48.6444444444444
14962163,91,40,1547.9,38.6975
15084368,3,0,0,0
15095770,17,5,2.2,0.44
15196746,94,73,1916.2,26.2493150684931
15221799,42,24,2292.4,95.5166666666667
15305418,55,29,788.1,27.1758620689655
15382030,4,1,18.8,18.8
15415372,23,18,5331.7,296.205555555556
15432026,4,0,0,0
15474494,6,1,0.1,0.1
15495423,1,1,0.4,0.4
15503746,7,0,0,0
15546726,1,1,0.3,0.3
15564408,7,3,18.0,6.0
15576531,10,1,77.0,77.0
15680561,7,3,13.0,4.33333333333333
15701750,13,6,50.5,8.41666666666667
15702351,12,4,19.3,4.825
15824958,3,0,0,0
15841586,4,0,0,0
15841597,20,12,780.1,65.0083333333333
15878832,9,1,1.8,1.8
15902605,4,0,0,0
15927737,4,1,29.0,29.0
15951451,3,1,1.9,1.9
16080105,15,3,2591.4,863.8
16081636,28,25,477.4,19.096
16084897,144,47,2215.3,47.1340425531915
16154372,119,36,747.4,20.7611111111111
16167221,32,25,1017.0,40.68
16231773,13,8,1811.9,226.4875
16261218,4,0,0,0
16285568,4,0,0,0
16421440,3,1,1.0,1.0
16574348,7,6,25.6,4.26666666666667
16645459,244,55,527.5,9.59090909090909
16710264,6,5,55.5,11.1
16717658,3,0,0,0
16720641,7,1,74.0,74.0
16821928,5,0,0,0
16919977,4,1,0.3,0.3
16990576,4,1,0.2,0.2
17017968,18,15,7108.5,473.9
17135392,4,0,0,0
17284266,16,3,33.1,11.0333333333333
17299575,8,1,16.1,16.1
17352311,8,2,1.5,0.75
17414305,30,16,832.8,52.05
17432212,8,1,0.6,0.6
17495098,64,35,1396.3,39.8942857142857
17497581,34,20,829.1,41.455
17530772,304,209,2845.6,13.6153110047847
17531316,6,0,0,0
17556127,3,1,0.4,0.4
17567828,144,90,3200.9,35.5655555555556
17649444,47,23,4001.9,173.995652173913
17821133,4,1,5.5,5.5
17878330,8,1,0.2,0.2
17894253,3,2,5.1,2.55
17947811,4,0,0,0
17995238,149,112,5808.8,51.8642857142857
18036199,26,9,341.9,37.9888888888889
18066817,23,9,100.9,11.2111111111111
18074031,17,8,357.5,44.6875
18109027,14,6,41.5,6.91666666666667
18149166,21,11,1199.7,109.063636363636
18263482,10,3,18.8,6.26666666666667
18319108,6,1,0.1,0.1
18500119,17,9,870.6,96.7333333333333
18604016,8,5,446.9,89.38
18607065,2,0,0,0
18611287,3,0,0,0
18675025,4,0,0,0
18697313,8,1,1.2,1.2
18869916,6,1,2.2,2.2
18888504,10,1,37.0,37.0
18897058,9,3,1.1,0.366666666666667
19062398,8,3,1365.6,455.2
19085114,99,77,1699.8,22.0753246753247
19094181,9,6,3.9,0.65
19302548,13,3,91.2,30.4
19306933,4,1,0.2,0.2
19422331,1,1,5.7,5.7
19430377,3,1,3.0,3.0
19510434,5,3,16.7,5.56666666666667
19586574,26,20,206.7,10.335
19594216,6,1,0.3,0.3
19616379,10,5,169.3,33.86
19668647,12,12,204.0,17.0
19696244,110,87,2883.1,33.1390804597701
19925584,4,1,0.2,0.2
20200395,73,57,1138.9,19.980701754386
20207081,17,9,5316.4,590.711111111111
20266830,6,0,0,0
20321898,4,1,1.0,1.0
20362352,11,2,6.7,3.35
20363006,4,1,0.6,0.6
20366600,57,18,122.3,6.79444444444444
20464587,56,33,324.1,9.82121212121212
20498360,7,0,0,0
20557028,4,2,0.4,0.2
20566124,16,4,22.3,5.575
20593648,4,0,0,0
20626832,9,1,34.0,34.0
20630908,6,1,2.8,2.8
20643309,4,1,52.0,52.0
20683035,10,2,6.1,3.05
20704366,30,21,336.7,16.0333333333333
20724394,6,0,0,0
20772968,592,104,1395.0,13.4134615384615
20781671,3,0,0,0
20914736,17,3,193.0,64.3333333333333
20930269,12,1,0.1,0.1
21015565,6,1,0.3,0.3
21061921,340,148,2202.2,14.8797297297297
21075893,6,1,0.4,0.4
21138994,6,3,19.3,6.43333333333333
21144204,4,2,1.0,0.5
21261374,8,0,0,0
21316693,17,10,135.2,13.52
21406272,11,5,492.7,98.54
21416874,14,1,2.2,2.2
21535912,23,16,876.6,54.7875
21539893,45,27,463.4,17.162962962963
21551002,6,0,0,0
21557528,6,2,21.5,10.75
21580713,6,1,0.1,0.1
21590667,8,1,0.4,0.4
21683270,4,1,0.8,0.8
21796349,7,5,35.9,7.18
21805245,3,0,0,0
21822362,8,0,0,0
21861124,16,10,1587.9,158.79
21869048,4,1,796.0,796.0
21979395,19,11,913.6,83.0545454545455
22003611,6,3,401.2,133.733333333333
22045474,4,1,18.8,18.8
22075531,5,3,799.2,266.4
22088241,6,6,2002.1,333.683333333333
22277642,6,0,0,0
22283916,10,6,4681.7,780.283333333333
22301321,565,207,1460.8,7.05700483091787
22371742,177,44,220.6,5.01363636363636
22470137,10,1,31.0,31.0
22503648,6,0,0,0
22605909,16,11,128.6,11.6909090909091
22627659,14,1,1.9,1.9
22673724,4,1,0.8,0.8
22689481,10,2,39.6,19.8
22865756,10,9,950.9,105.655555555556
22875444,6,2,3.6,1.8
22883395,6,0,0,0
22898075,4,1,7.3,7.3
23046596,6,0,0,0
23072560,4,3,11.7,3.9
23078763,6,0,0,0
23096237,4,4,15.8,3.95
23154676,16,8,3189.7,398.7125
23181958,7,3,6.7,2.23333333333333
23219829,6,0,0,0
23225650,83,43,677.4,15.753488372093
23241240,5,2,171.7,85.85
23306116,8,1,0.4,0.4
23333992,4,1,0.2,0.2
23337959,11,1,0.2,0.2
23386002,15,8,296.8,37.1
23432272,4,0,0,0
23472549,3,3,109.4,36.4666666666667
23492094,62,45,5346.8,118.817777777778
23608098,38,28,979.1,34.9678571428571
23609845,3,0,0,0
23643789,6,3,180.8,60.2666666666667
23663429,3,1,1.3,1.3
23672423,20,9,461.9,51.3222222222222
23714890,6,1,1.7,1.7
23717586,80,46,2390.9,51.9760869565217
23718710,3,1,3.0,3.0
23780966,4,0,0,0
23883383,6,5,311.9,62.38
23918050,3,0,0,0
24011187,37,22,477.7,21.7136363636364
24204083,20,11,1211.0,110.090909090909
24258916,3,0,0,0
24334631,6,1,1.0,1.0
24366790,44,27,2288.1,84.7444444444444
24444528,3,1,0.8,0.8
24445668,1,0,0,0
24469287,415,284,2476.0,8.71830985915493
24555705,4,0,0,0
24583127,6,0,0,0
24583629,4,0,0,0
24610082,6,2,9.3,4.65
24632218,187,121,2351.7,19.4355371900826
24703611,4,1,8.9,8.9
24721232,449,89,6887.0,77.3820224719101
24817862,1,0,0,0
24841093,19,13,135.6,10.4307692307692
24858005,13,7,421.7,60.2428571428571
24872208,6,0,0,0
24889631,6,2,1.6,0.8
24919113,52,19,4375.8,230.305263157895
24932641,6,2,12.8,6.4
24972502,6,1,7.7,7.7
25031952,8,0,0,0
25096601,98,53,501.7,9.46603773584906
25185866,4,1,0.2,0.2
25253730,11,4,92.6,23.15
25272022,4,0,0,0
25337857,27,18,1469.1,81.6166666666667
25349446,3,0,0,0
25411448,6,2,20.6,10.3
25445382,7,2,1.2,0.6
25452454,6,1,0.1,0.1
25490518,4,3,17.1,5.7
25539892,11,7,1952.1,278.871428571429
25634320,6,0,0,0
25710556,1,0,0,0
25822628,6,0,0,0
25827559,6,0,0,0
25831175,6,0,0,0
25863903,7,3,71.8,23.9333333333333
25864738,2,0,0,0
25889289,4,0,0,0
25941262,4,2,89.8,44.9
25966326,6,1,0.1,0.1
26027937,26,19,498.4,26.2315789473684
26037697,6,1,7.5,7.5
26090223,4,1,3.3,3.3
26101823,6,1,0.2,0.2
26122540,10,7,182.3,26.0428571428571
26218938,4,0,0,0
26302344,53,20,227.2,11.36
26333936,14,10,140.3,14.03
26430231,61,35,964.9,27.5685714285714
26461910,6,1,329.0,329.0
26465134,88,46,2025.4,44.0304347826087
26491227,4,0,0,0
26572597,4,1,3.8,3.8
26583023,4,1,2.0,2.0
26593066,4,0,0,0
26601561,6,0,0,0
26633617,5,2,156.9,78.45
26636189,7,1,8.3,8.3
26637363,6,1,0.5,0.5
26729643,127,108,4672.8,43.2666666666667
26753925,4,1,2.8,2.8
26762388,276,178,10470.1,58.8207865168539
26779878,4,0,0,0
26789885,10,3,86.3,28.7666666666667
26802825,17,14,61.7,4.40714285714286
26808868,72,48,424.8,8.85
26813952,2,1,2.7,2.7
26822907,6,1,6.7,6.7
26861985,10,7,51.2,7.31428571428571
26897314,8,1,25.0,25.0
27023260,8,1,3.8,3.8
27029121,4,2,0.4,0.2
27037996,3,1,9.2,9.2
27060918,3,0,0,0
27099151,6,1,0.4,0.4
27100840,1,1,2.8,2.8
27115822,1,1,0.1,0.1
27116257,4,0,0,0
27117407,13,5,78.3,15.66
27139623,9,6,130.5,21.75
27152433,3,1,0.5,0.5
27168078,6,1,6.3,6.3
27169419,53,25,1265.9,50.636
27171538,34,23,716.5,31.1521739130435
27262175,45,21,923.1,43.9571428571429
27275017,2,0,0,0
27279261,185,103,3762.2,36.526213592233
27338668,4,1,31.0,31.0
27371247,6,0,0,0
27403206,110,56,498.3,8.89821428571429
27417971,4,2,443.3,221.65
27424183,5,1,1.7,1.7
27500674,2,0,0,0
27543430,5,1,13.6,13.6
27545486,19,14,820.9,58.6357142857143
27578696,6,0,0,0
27579751,8,4,148.7,37.175
27633355,1,1,4.7,4.7
27685049,6,1,0.6,0.6
27689253,6,2,37.7,18.85
27691746,3,1,0.3,0.3
27770064,4,1,7.9,7.9
27804333,2,1,0.8,0.8
27835216,4,1,0.2,0.2
27871778,3,1,9.7,9.7
27872805,10,2,13.0,6.5
27873947,6,3,16.5,5.5
27901693,9,7,42.3,6.04285714285714
27925556,6,1,1.6,1.6
27944300,3,3,25.7,8.56666666666667
28031199,7,5,530.4,106.08
28040133,3,1,603.0,603.0
28041586,3,3,691.4,230.466666666667
28064589,16,11,92.5,8.40909090909091
28113724,6,4,83.6,20.9
28116270,4,1,0.2,0.2
28165186,6,0,0,0
28229872,6,5,153.8,30.76
28236623,4,1,0.8,0.8
28257781,4,1,28.0,28.0
28424408,6,1,0.4,0.4
28425181,4,1,20.0,20.0
28443095,8,1,5.1,5.1
28453247,4,1,0.1,0.1
28453352,18,3,37.0,12.3333333333333
28472068,151,91,437.3,4.80549450549451
28608870,2,1,13.4,13.4
28633466,1,1,0.7,0.7
28648610,14,5,30.2,6.04
28696163,4,1,289.0,289.0
28705385,3,1,6.8,6.8
28711405,2,2,1510.0,755.0
28731346,7,4,18.1,4.525
28815669,4,2,41.2,20.6
28818246,3,1,0.2,0.2
28851953,3,0,0,0
28886158,5,1,28.0,28.0
28898493,3,1,0.4,0.4
28939171,5,3,29.8,9.93333333333333
28997716,15,11,297.1,27.0090909090909
29001140,2,2,7.6,3.8
29052354,16,4,128.6,32.15
29078995,3,0,0,0
29081256,9,6,13.1,2.18333333333333
29111100,6,1,1.1,1.1
29122428,3,0,0,0
29148231,8,3,174.8,58.2666666666667
29239329,93,47,448.5,9.54255319148936
29243200,1,1,2.1,2.1
29268335,5,3,34.5,11.5
29302014,18,13,614.6,47.2769230769231
29383643,4,1,0.2,0.2
29405242,3,0,0,0
29491264,3,1,0.3,0.3
29537499,2,2,77.8,38.9
29569611,5,3,23.2,7.73333333333333
29603217,3,0,0,0
29706117,20,11,76.8,6.98181818181818
29706146,2,1,0.5,0.5
29730534,8,1,869.0,869.0
29736184,6,0,0,0
29750135,1,1,0.1,0.1
29753085,85,18,1231.8,68.4333333333333
29764828,8,3,1285.9,428.633333333333
29777760,4,2,6.2,3.1
29835809,4,1,7.3,7.3
29852387,10,5,596.4,119.28
29873979,43,15,1845.4,123.026666666667
29915651,2,2,7.3,3.65
29926116,1,0,0,0
29962674,6,1,0.2,0.2
29983962,21,17,1775.7,104.452941176471
30007387,2,0,0,0
30010437,4,0,0,0
30036927,6,2,2664.6,1332.3
30041199,2,0,0,0
30042027,17,15,624.0,41.6
30061970,95,54,435.4,8.06296296296296
30064076,3,1,0.6,0.6
30067217,4,1,4.2,4.2
30115594,6,3,354.1,118.033333333333
30129850,2,1,3.4,3.4
30142763,2,0,0,0
30172489,16,12,227.5,18.9583333333333
30221587,3,1,0.2,0.2
30239820,13,9,322.2,35.8
30246419,759,135,1219.7,9.03481481481482
30280104,5,3,6.8,2.26666666666667
30283133,2,0,0,0
30323574,2,0,0,0
30402259,4,1,86.0,86.0
30425578,177,32,687.2,21.475
30432648,5,4,759.7,189.925
30434868,1,1,0.6,0.6
30440303,193,110,2467.0,22.4272727272727
30452777,6,1,0.3,0.3
30454984,6,1,0.2,0.2
30500254,7,2,15.8,7.9
30503921,1,1,5.3,5.3
30519870,90,70,3101.3,44.3042857142857
30527047,6,2,437.9,218.95
30548861,6,1,0.2,0.2
30561172,2,2,1.2,0.6
30572170,9,6,1131.2,188.533333333333
30574622,3,0,0,0
30583864,7,3,641.6,213.866666666667
30588978,5,5,1378.3,275.66
30614573,9,6,57.3,9.55
30695285,6,2,36.2,18.1
30699429,30,15,231.7,15.4466666666667
30710202,6,0,0,0
30734023,2,0,0,0
30739537,6,2,57.5,28.75
30855460,3,1,6.6,6.6
30912860,109,59,427.0,7.23728813559322
30913209,44,34,3812.1,112.120588235294
30985722,2,0,0,0
30988672,1,1,0.4,0.4
31007645,6,5,1152.9,230.58
31063925,2,0,0,0
31069041,2,0,0,0
31124692,2,0,0,0
31162433,6,4,176.2,44.05
31178210,3,1,59.0,59.0
31187179,109,90,2015.0,22.3888888888889
31188792,2,0,0,0
31241223,6,1,0.8,0.8
31260378,1,1,0.5,0.5
31319953,1,0,0,0
31385451,7,2,254.2,127.1
31425362,5,2,0.6,0.3
31500407,3,2,5.8,2.9
31559824,6,1,0.3,0.3
31598106,2,0,0,0
31616745,4,0,0,0
31662213,1,1,0.7,0.7
31668589,10,5,223.6,44.72
31669242,289,140,2976.5,21.2607142857143
31727716,33,28,2375.5,84.8392857142857
31733621,12,2,220.3,110.15
31733654,23,15,2223.1,148.206666666667
31757271,4,0,0,0
31764594,4,1,5.7,5.7
31817706,25,8,564.1,70.5125
31839832,7,3,237.4,79.1333333333333
31849177,16,10,2030.1,203.01
31887051,1,1,145.0,145.0
31887973,6,3,1.3,0.433333333333333
31889811,5,2,1.1,0.55
31944667,6,2,17.6,8.8
32021037,6,0,0,0
32102983,22,13,805.3,61.9461538461538
32125590,21,10,77.4,7.74
32126281,133,78,6362.6,81.5717948717949
32248913,4,1,14.6,14.6
32398422,4,3,5.6,1.86666666666667
32415191,6,1,0.4,0.4
32467994,95,56,5459.2,97.4857142857143
32488724,4,1,55.0,55.0
32498610,14,10,683.5,68.35
32577778,13,9,302.6,33.6222222222222
32592631,10,10,286.7,28.67
32617936,2,0,0,0
32644336,45,29,328.9,11.3413793103448
32710856,40,24,879.6,36.65
32749624,26,5,4937.3,987.46
32773537,1,1,0.4,0.4
32818456,4,2,8.9,4.45
32847394,37,31,1205.6,38.8903225806452
32939936,6,1,0.2,0.2
32965833,8,1,0.3,0.3
33013552,516,200,1459.8,7.299
33017387,1,1,3.1,3.1
33023846,2,0,0,0
33029093,6,3,246.0,82.0
33033120,1,0,0,0
33071192,10,7,15.7,2.24285714285714
33096779,6,1,0.9,0.9
33098857,6,1,7.0,7.0
33121288,3,3,43.1,14.3666666666667
33214968,13,10,2094.1,209.41
33228985,13,0,0,0
33250362,2,0,0,0
33260507,6,1,1.4,1.4
33261284,7,1,1899.0,1899.0
33279432,7,2,2.9,1.45
33282871,136,95,1892.1,19.9168421052632
33291661,5,0,0,0
33300480,5,3,5.7,1.9
33362395,3,1,1445.0,1445.0
33431754,4,1,0.1,0.1
33434940,1,0,0,0
33452361,18,12,153.0,12.75
33457161,6,2,75.8,37.9
33479807,1,0,0,0
33506449,6,1,11.8,11.8
33518079,37,30,413.2,13.7733333333333
33577800,2,0,0,0
33580866,17,17,483.7,28.4529411764706
33583543,2,0,0,0
33587126,3,1,11.0,11.0
33591806,1,1,0.9,0.9
33614428,6,1,9.3,9.3
33622085,124,100,3610.0,36.1
33651880,228,57,4219.5,74.0263157894737
33658023,2,0,0,0
33659046,32,26,1963.3,75.5115384615385
33705095,2,0,0,0
33706322,89,51,153.8,3.0156862745098
33755449,4,1,3.7,3.7
33778112,11,6,5.0,0.833333333333333
33788990,3,1,20.0,20.0
33807030,5,2,2.1,1.05
33865373,776,165,2274.4,13.7842424242424
33866564,3,1,1.6,1.6
33904278,10,3,404.2,134.733333333333
33910513,8,4,150.8,37.7
33934276,1,0,0,0
33993318,6,2,20.6,10.3
33995654,8,5,1794.8,358.96
34040508,9,5,552.4,110.48
34102593,10,4,1386.2,346.55
34124250,6,1,0.2,0.2
34150817,1,0,0,0
34161935,5,0,0,0
34177747,159,91,5776.3,63.4758241758242
34281672,53,31,383.6,12.3741935483871
34383588,3,1,9.6,9.6
34384042,6,3,17.8,5.93333333333333
34442062,17,13,1415.2,108.861538461538
34556248,4,3,5.5,1.83333333333333
34582304,22,19,300.2,15.8
34618463,3,0,0,0
34658438,6,3,5.6,1.86666666666667
34679511,1,0,0,0
34858979,4,4,10.9,2.725
34863766,4,0,0,0
34901647,117,71,1617.9,22.787323943662
34919318,154,84,1860.5,22.1488095238095
34960438,4,1,27.0,27.0
34965931,2,1,11.6,11.6
34972055,1,1,389.0,389.0
35009482,22,17,678.7,39.9235294117647
35021321,1,1,0.1,0.1
35039277,76,35,389.9,11.14
35045250,1,1,0.3,0.3
35047392,9,9,396.0,44.0
35116894,2,0,0,0
35140004,10,3,531.0,177.0
35153301,4,4,236.2,59.05
35177894,12,9,217.9,24.2111111111111
35192186,8,0,0,0
35192299,6,2,258.2,129.1
35220143,6,1,1.8,1.8
35227774,10,3,1.1,0.366666666666667
35264447,10,4,125.4,31.35
35290890,6,1,0.2,0.2
35330593,9,5,34.2,6.84
35355224,5,1,7.1,7.1
35370794,1,1,104.0,104.0
35388317,6,3,15.1,5.03333333333333
35394734,6,1,43.0,43.0
35418544,1,0,0,0
35419030,3,2,1.9,0.95
35432082,2,0,0,0
35433662,5,5,71.2,14.24
35442153,1,1,0.4,0.4
35489574,6,1,1.5,1.5
35560181,3,1,8.1,8.1
35606448,2,2,3.8,1.9
35640500,4,1,78.0,78.0
35701646,154,102,3699.3,36.2676470588235
35729292,49,30,2687.0,89.5666666666667
35849335,5,3,16.5,5.5
35864169,54,43,746.4,17.3581395348837
35935953,3,0,0,0
35937951,4,1,48.0,48.0
36017955,6,2,88.8,44.4
36083584,4,0,0,0
36109630,4,2,0.7,0.35
36122886,6,2,9.0,4.5
36154073,5,2,13.5,6.75
36157772,2,0,0,0
36188511,1,0,0,0
36257313,2,0,0,0
36271979,10,3,41.8,13.9333333333333
36288200,1,1,0.1,0.1
36349097,6,3,77.9,25.9666666666667
36404933,359,132,1427.6,10.8151515151515
36439985,18,13,407.5,31.3461538461538
36464641,1,1,84.0,84.0
36495125,6,0,0,0
36502549,58,41,2799.9,68.290243902439
36546868,429,235,3222.6,13.7131914893617
36553207,4,1,956.0,956.0
36557643,413,131,1601.7,12.2267175572519
36581507,4,1,12.6,12.6
36611463,10,2,26.7,13.35
36714440,5,1,15.6,15.6
36757524,3,1,25.0,25.0
36775354,6,2,10.6,5.3
36791999,17,12,364.9,30.4083333333333
36856786,6,1,1.7,1.7
36910614,3,1,4.7,4.7
36915181,6,2,977.5,488.75
36933405,1,0,0,0
36963214,10,0,0,0
36978196,25,19,2073.3,109.121052631579
37026839,6,3,48.9,16.3
37068073,2,0,0,0
37092665,2,1,9.7,9.7
37123018,6,1,0.5,0.5
37179655,4,1,239.0,239.0
37226272,2,0,0,0
37238717,1,1,15.1,15.1
37252377,1,0,0,0
37294596,11,5,388.6,77.72
37339809,3,2,1.6,0.8
37343172,7,1,165.0,165.0
37396841,5,1,14.9,14.9
37419728,6,0,0,0
37420720,2,0,0,0
37422528,170,37,4583.3,123.872972972973
37435998,21,9,828.1,92.0111111111111
37466720,11,8,165.9,20.7375
37468189,3,3,42.7,14.2333333333333
37490443,30,24,1519.6,63.3166666666667
37522295,2,0,0,0
37565781,2,2,1.4,0.7
37643786,4,0,0,0
37659112,2,0,0,0
37706629,6,2,54.5,27.25
37708732,6,5,425.5,85.1
37723786,72,42,4370.2,104.052380952381
37727952,6,2,43.5,21.75
37766583,8,6,782.4,130.4
37827989,41,29,1865.3,64.3206896551724
37829487,21,14,76.9,5.49285714285714
37911248,2,2,148.0,74.0
37941785,4,1,2.2,2.2
38049880,326,200,4076.5,20.3825
38055594,7,2,6.1,3.05
38068919,6,1,365.0,365.0
38100517,3,2,51.5,25.75
38132168,2,0,0,0
38179194,16,6,129.1,21.5166666666667
38222088,1,1,11.5,11.5
38293596,4,4,647.5,161.875
38317154,129,48,4068.3,84.75625
38323067,9,7,135.4,19.3428571428571
38337633,3,1,0.5,0.5
38342935,1,1,14.2,14.2
38436635,6,5,210.3,42.06
38465050,78,57,437.3,7.6719298245614
38523044,2,1,1.3,1.3
38731746,31,18,210.5,11.6944444444444
38736263,1,1,0.3,0.3
38763767,6,1,0.8,0.8
38781158,3,1,0.4,0.4
38853323,2,0,0,0
38885272,3,1,3.8,3.8
38937590,6,0,0,0
38950395,5,3,7.6,2.53333333333333
38968408,2,2,1.5,0.75
38978172,2,0,0,0
38990345,1,1,0.7,0.7
39010350,2,0,0,0
39028341,4,2,1498.3,749.15
39037163,141,72,3826.6,53.1472222222222
39044050,2,2,1.7,0.85
39052243,2,1,3.9,3.9
39061760,1,1,494.0,494.0
39082468,58,32,2406.4,75.2
39146470,49,10,84.8,8.48
39204929,6,1,0.4,0.4
39223571,1,1,0.2,0.2
39227796,2,1,0.6,0.6
39319649,26,14,687.1,49.0785714285714
39322716,13,12,105.1,8.75833333333333
39324546,4,3,5.2,1.73333333333333
39334748,11,4,207.6,51.9
39361297,100,51,129.1,2.53137254901961
39403038,11,6,79.5,13.25
39446138,22,4,24.6,6.15
39459129,2,1,0.7,0.7
39482136,1,1,0.4,0.4
39524248,12,4,29.0,7.25
39622853,154,103,1637.7,15.9
39654762,2,0,0,0
39663272,2,0,0,0
39671216,2,0,0,0
39673466,1,1,0.2,0.2
39758678,8,8,79.2,9.9
39760170,4,3,25.8,8.6
39795967,3,0,0,0
39798081,4,2,1045.0,522.5
39834113,22,10,1453.8,145.38
39869522,4,1,32.0,32.0
39899978,22,17,87.1,5.12352941176471
39911920,6,2,2290.0,1145.0
39935274,1,1,0.4,0.4
39941720,40,34,419.9,12.35
39970405,2,1,12.1,12.1
39980669,4,1,5.4,5.4
39990790,3,1,4.3,4.3
40044821,1,1,0.9,0.9
40045419,4,0,0,0
40051659,9,9,305.1,33.9
40070349,1,1,0.1,0.1
40080833,23,13,4057.9,312.146153846154
40084096,2,2,48.6,24.3
40130306,5,3,35.2,11.7333333333333
40212239,281,160,2521.1,15.756875
40237093,4,1,0.7,0.7
40280688,21,14,1216.0,86.8571428571429
40286953,3,1,42.0,42.0
40289887,8,8,78.4,9.8
40529387,6,1,0.1,0.1
40576653,6,1,347.0,347.0
40601456,3,2,570.0,285.0
40652120,6,4,72.5,18.125
40754921,3,3,40.2,13.4
40797591,6,5,6.5,1.3
40837142,5,2,17.4,8.7
40964799,4,1,0.2,0.2
40997928,4,1,0.3,0.3
41088397,1,1,2.2,2.2
41089194,1,1,4.3,4.3
41100002,1,1,51.0,51.0
41124938,1,1,0.2,0.2
41205215,2,1,393.0,393.0
41247053,3,1,0.2,0.2
41294957,1,1,11.8,11.8
41310195,4,1,31.0,31.0
41324040,4,1,18.4,18.4
41407280,6,0,0,0
41465526,1,1,2.4,2.4
41559627,101,14,27.6,1.97142857142857
41566004,4,1,155.0,155.0
41606445,9,7,2609.9,372.842857142857
41719717,42,18,5128.6,284.922222222222
41746000,1,1,2.1,2.1
41751393,4,4,59.5,14.875
41843900,4,1,1.5,1.5
41846650,9,3,105.8,35.2666666666667
41847338,5,3,4.4,1.46666666666667
41883229,6,4,110.2,27.55
41883322,27,22,427.1,19.4136363636364
41887439,13,8,1090.6,136.325
41917762,4,0,0,0
41934963,4,1,257.0,257.0
41979706,2,1,0.4,0.4
41998087,1,1,0.1,0.1
42005897,112,61,3013.4,49.4
42017429,3,1,0.6,0.6
42020116,2,2,18.4,9.2
42029670,2,2,9.2,4.6
42043359,5,2,1.6,0.8
42061089,115,76,1004.1,13.2118421052632
42099265,7,7,1928.7,275.528571428571
42127150,1,1,3.4,3.4
42198457,18,9,151.2,16.8
42223842,1,1,242.0,242.0
42298912,9,8,151.0,18.875
42326526,1,1,52.0,52.0
42363887,25,20,5384.3,269.215
42380987,20,11,2210.1,200.918181818182
42454699,1,1,35.0,35.0
42456478,1,1,21.0,21.0
42464885,1,0,0,0
42469578,4,1,0.4,0.4
42492910,8,2,1246.0,623.0
42493197,1,0,0,0
42507653,2,2,158.0,79.0
42542226,2,2,45.1,22.55
42642155,2,0,0,0
42648631,2,2,1701.0,850.5
42657809,158,103,6093.4,59.1592233009709
42669917,2,1,0.2,0.2
42681063,8,7,961.4,137.342857142857
42695514,6,6,960.5,160.083333333333
42771635,91,61,1743.8,28.5868852459016
42777729,1,1,0.2,0.2
42799637,1,0,0,0
42849279,11,9,6766.2,751.8
42928788,80,49,578.3,11.8020408163265
42935819,7,7,8172.9,1167.55714285714
43093291,1,0,0,0
43114966,8,3,54.5,18.1666666666667
43160799,61,34,1091.1,32.0911764705882
43186470,6,4,28.4,7.1
43189361,5,3,77.6,25.8666666666667
43240189,2,2,1803.5,901.75
43248011,5,3,38.1,12.7
43284145,16,12,286.9,23.9083333333333
43321203,2,1,7.8,7.8
43360645,165,104,5030.4,48.3692307692308
43395122,4,1,2.0,2.0
43446880,1,1,249.0,249.0
43455427,3,2,22.2,11.1
43462452,4,1,103.0,103.0
43518355,3,0,0,0
43521755,4,1,0.6,0.6
43551909,1,0,0,0
43565258,1,1,1.2,1.2
43583319,1,0,0,0
43607599,6,6,1089.0,181.5
43684632,169,122,9546.3,78.2483606557377
43700700,7,4,26.7,6.675
43804972,1,1,259.0,259.0
43908860,17,16,522.0,32.625
43913966,172,102,3118.0,30.5686274509804
43936108,11,9,67.2,7.46666666666667
43955374,163,115,6094.3,52.9939130434783
43989530,5,0,0,0
44010163,18,7,143.2,20.4571428571429
44021324,20,9,160.6,17.8444444444444
44043970,4,0,0,0
44085899,1,1,4.7,4.7
44147409,4,2,188.0,94.0
44147477,1,1,198.0,198.0
44153929,12,10,2101.5,210.15
44156169,19,10,396.6,39.66
44169472,14,10,222.4,22.24
44197725,1,1,24.0,24.0
44201412,1,1,12.7,12.7
44221885,5,0,0,0
44231506,4,2,123.2,61.6
44240866,8,6,982.0,163.666666666667
44314169,178,98,1236.0,12.6122448979592
44321815,41,31,1462.3,47.1709677419355
44370809,37,31,201.9,6.51290322580645
44421638,8,4,1.5,0.375
44426653,8,8,286.5,35.8125
44472980,295,82,4221.9,51.4865853658537
44482198,59,40,1295.8,32.395
44545959,127,63,3602.6,57.184126984127
44755776,22,15,825.9,55.06
44762681,8,1,0.1,0.1
44866715,86,53,367.9,6.94150943396226
44874005,33,7,1398.4,199.771428571429
44946470,3,3,69.1,23.0333333333333
44948554,2,2,25.1,12.55
45000709,1,1,7.2,7.2
45016429,1,1,0.1,0.1
45030250,24,20,757.0,37.85
45066450,1,1,3.6,3.6
45094639,8,7,17.6,2.51428571428571
45118807,6,5,715.2,143.04
45120292,1,1,62.0,62.0
45145682,11,6,99.2,16.5333333333333
45233261,1,1,10.0,10.0
45274432,1,0,0,0
45292137,42,30,1443.2,48.1066666666667
45314861,6,1,7.0,7.0
45353031,13,6,163.9,27.3166666666667
45411694,70,40,1854.0,46.35
45422636,13,10,368.7,36.87
45457930,2,2,19.0,9.5
45459546,4,2,77.0,38.5
45507376,12,2,0.6,0.3
45532207,9,9,1109.9,123.322222222222
45575299,1,1,20.0,20.0
45592640,48,38,2666.3,70.1657894736842
45617627,164,136,1673.4,12.3044117647059
45774794,52,39,550.7,14.1205128205128
45807245,2,2,11.6,5.8
45811573,6,2,19.8,9.9
45957399,4,2,42.3,21.15
45970552,4,3,1.4,0.466666666666667
45974860,76,62,1794.6,28.9451612903226
45977895,1,1,19.4,19.4
46009414,4,4,82.4,20.6
46013902,1,1,13.2,13.2
46014950,1,1,7.4,7.4
46021731,6,1,0.1,0.1
46028967,230,98,1095.0,11.1734693877551
46030552,25,15,3819.6,254.64
46055854,70,47,2212.9,47.0829787234043
46115507,1,1,0.4,0.4
46172640,3,1,15.5,15.5
46178364,13,9,1425.5,158.388888888889
46179654,1,1,17.4,17.4
46252394,8,7,1537.0,219.571428571429
46276248,1,1,6.7,6.7
46301758,76,43,952.0,22.1395348837209
46397411,6,4,35.2,8.8
46405162,7,6,1145.6,190.933333333333
46534663,12,10,46.7,4.67
46542904,4,4,4.5,1.125
46585543,11,3,7.3,2.43333333333333
46607365,12,11,1855.8,168.709090909091
46637811,130,85,4958.6,58.3364705882353
46759859,6,4,812.8,203.2
46785501,47,30,676.6,22.5533333333333
46800342,1,0,0,0
46856734,1,0,0,0
46916822,3,3,513.0,171.0
46951849,27,21,3882.0,184.857142857143
46957399,8,5,2697.0,539.4
47021871,1,1,4.8,4.8
47031455,1,1,28.0,28.0
47063596,24,21,7161.0,341.0
47144509,2,2,187.0,93.5
47163562,3,3,740.0,246.666666666667
47164966,7,7,679.7,97.1
47227777,1,1,5.5,5.5
47240858,16,8,701.1,87.6375
47271668,10,8,2072.7,259.0875
47284807,2,2,42.5,21.25
47288156,7,4,624.9,156.225
47291376,18,13,4175.7,321.207692307692
47296055,3,3,50.1,16.7
47332601,3,1,3.1,3.1
47364777,3,3,11.9,3.96666666666667
47384202,226,96,1377.8,14.3520833333333
47384303,152,100,2023.8,20.238
47409520,1,1,6.6,6.6
47431457,1,1,7.7,7.7
47453568,2,2,227.0,113.5
47457723,554,298,4844.3,16.2560402684564
47500408,15,14,740.4,52.8857142857143
47506504,1,1,0.4,0.4
47519224,3,1,0.9,0.9
47524459,8,5,451.7,90.34
47596241,2,0,0,0
47636024,2,0,0,0
47644729,2,2,1.1,0.55
47672756,26,19,117.2,6.16842105263158
47693543,3,3,148.0,49.3333333333333
47728342,10,7,260.2,37.1714285714286
47748424,1,0,0,0
47773209,7,5,15.6,3.12
47887890,10,8,3008.3,376.0375
47978182,1,1,4.5,4.5
48028873,143,69,761.7,11.0391304347826
48058475,10,10,774.9,77.49
48063019,1,1,0.6,0.6
48080423,13,11,75.3,6.84545454545454
48118779,7,5,28.7,5.74
48149238,59,33,2207.1,66.8818181818182
48175931,34,16,168.5,10.53125
48239695,10,6,445.0,74.1666666666667
48334326,6,6,64.6,10.7666666666667
48350308,1,1,0.1,0.1
48365975,5,3,15.4,5.13333333333333
48386574,42,27,254.3,9.41851851851852
48395915,1,1,36.0,36.0
48415876,2,2,3.7,1.85
48429360,2,1,0.2,0.2
48449055,3,3,170.5,56.8333333333333
48456902,15,9,422.6,46.9555555555556
48492052,12,9,31.6,3.51111111111111
48525807,126,94,5260.0,55.9574468085106
48603188,1,1,0.3,0.3
48626533,43,28,1110.7,39.6678571428571
48634782,1,1,0.5,0.5
48666962,35,33,919.4,27.8606060606061
48668697,3,2,79.0,39.5
48688347,4,0,0,0
48718309,2,2,201.8,100.9
48756018,1,1,40.0,40.0
48772264,5,0,0,0
48792936,1,1,66.0,66.0
48798067,399,254,9427.2,37.1149606299213
48845802,15,11,411.6,37.4181818181818
48921893,2,2,57.0,28.5
48951291,1,0,0,0
48984158,130,68,3346.3,49.2102941176471
48984341,9,8,763.9,95.4875
48985770,1,1,0.2,0.2
49050405,94,42,999.8,23.8047619047619
49063269,14,9,2483.5,275.944444444444
49110638,1,1,23.0,23.0
49131499,3,1,3.0,3.0
49191483,6,6,667.6,111.266666666667
49228258,193,136,2423.0,17.8161764705882
49287511,1,1,354.0,354.0
49312497,26,21,6356.0,302.666666666667
49319563,7,1,5.7,5.7
49342564,62,43,1912.9,44.4860465116279
49350285,20,16,1159.7,72.48125
49372322,3,3,601.0,200.333333333333
49380630,13,11,5525.9,502.354545454545
49413665,7,7,597.1,85.3
49462664,202,126,2401.1,19.0563492063492
49469819,1,0,0,0
49482847,1,1,0.1,0.1
49584661,1,1,15.0,15.0
49624770,59,13,404.9,31.1461538461538
49627054,6,1,4.5,4.5
49629862,6,4,148.8,37.2
49630184,28,14,1380.9,98.6357142857143
49655019,1,1,18.3,18.3
49669626,1,1,20.0,20.0
49688948,1,1,10.3,10.3
49718752,1,1,2.9,2.9
49724738,5,5,38.1,7.62
49754148,1,1,4.3,4.3
49759696,1,1,62.0,62.0
49767455,37,23,3271.9,142.25652173913
49769103,5,5,265.4,53.08
49770308,1,1,9.3,9.3
49832324,22,6,66.9,11.15
49845280,3,1,91.0,91.0
49860185,1,1,3.1,3.1
49880470,1,1,0.5,0.5
49882352,3,2,188.0,94.0
49893565,474,297,6891.9,23.2050505050505
50032397,13,13,1310.5,100.807692307692
50095094,10,7,133.4,19.0571428571429
50131557,4,4,710.3,177.575
50185776,4,1,28.0,28.0
50206331,2,1,1.3,1.3
50229934,42,31,1509.8,48.7032258064516
50246981,1,1,2.5,2.5
50255774,2,1,7.6,7.6
50269563,1,1,2.3,2.3
50275189,8,8,284.8,35.6
50305489,4,3,62.3,20.7666666666667
50426766,1,1,183.0,183.0
50487226,1,1,4.9,4.9
50500338,2,2,14.6,7.3
50553129,20,14,1203.3,85.95
50572608,4,2,315.3,157.65
50600002,9,5,105.7,21.14
50655415,2,2,2.1,1.05
50699197,1,1,7.3,7.3
50700418,71,48,659.1,13.73125
50744279,90,69,925.0,13.4057971014493
50769696,30,26,1792.4,68.9384615384615
50797633,64,38,2948.7,77.5973684210526
50801801,57,35,195.6,5.58857142857143
50810886,1,0,0,0
50811344,48,27,6171.3,228.566666666667
50818751,246,136,6929.9,50.9551470588235
50825641,1,0,0,0
50837658,1,1,1.4,1.4
50852108,1,1,37.0,37.0
50888871,4,2,150.5,75.25
50967861,1,1,18.8,18.8
51017857,1,1,11.3,11.3
51020486,3,2,53.7,26.85
51030531,1,1,16.4,16.4
51044834,1,0,0,0
51051260,1,1,39.0,39.0
51085779,101,72,2807.5,38.9930555555556
51098091,1,0,0,0
51132884,20,14,379.4,27.1
51237520,3,0,0,0
51268450,4,0,0,0
51293702,7,4,501.4,125.35
51300149,10,9,70.5,7.83333333333333
51382080,19,13,887.1,68.2384615384615
51429054,2,0,0,0
51512715,6,1,37.0,37.0
51557405,300,210,1814.6,8.64095238095238
51558260,6,4,14.7,3.675
51626428,2,0,0,0
51688538,1,1,8.6,8.6
51699341,10,9,79.8,8.86666666666667
51766884,1,1,1.7,1.7
51822361,164,91,3035.2,33.3538461538461
51905751,3,3,833.0,277.666666666667
51938138,1,0,0,0
51941260,8,7,152.3,21.7571428571429
51951401,1,1,11.9,11.9
52022614,1,0,0,0
52038938,2,2,396.0,198.0
52072237,6,2,37.8,18.9
52093628,7,2,21.8,10.9
52181854,4,2,65.1,32.55
52192778,2,1,0.2,0.2
52203520,11,6,107.0,17.8333333333333
52217458,6,5,316.7,63.34
52255266,1,1,0.9,0.9
52293096,6,3,619.0,206.333333333333
52321307,42,30,4118.5,137.283333333333
52352692,4,3,212.2,70.7333333333333
52435421,9,7,133.8,19.1142857142857
52438281,1,0,0,0
52472947,1,1,32.0,32.0
52545855,7,6,742.6,123.766666666667
52559629,1,0,0,0
52567955,27,6,7836.7,1306.11666666667
52572702,1,1,192.0,192.0
52583581,1,1,1.5,1.5
52672853,1,1,0.2,0.2
52723676,7,7,238.3,34.0428571428571
52731290,27,25,9417.6,376.704
52781598,6,1,38.0,38.0
52811164,4,1,0.2,0.2
52863875,4,3,17.0,5.66666666666667
52907921,46,34,1028.0,30.2352941176471
52942891,5,5,153.2,30.64
53040574,1,1,0.3,0.3
53079481,1,1,3.0,3.0
53091150,168,116,1079.5,9.30603448275862
53097340,116,44,1025.1,23.2977272727273
53122638,1,1,28.0,28.0
53155177,2,2,80.8,40.4
53181165,6,3,2.6,0.866666666666667
53231205,2,1,14.8,14.8
53244117,7,2,3284.1,1642.05
53245953,31,13,598.3,46.0230769230769
53258793,8,5,1523.1,304.62
53296539,1,1,73.0,73.0
53324742,1,1,5.2,5.2
53509003,11,5,71.2,14.24
53621752,10,6,1756.7,292.783333333333
53678595,3,0,0,0
53691822,6,2,12.1,6.05
53711793,28,22,3062.8,139.218181818182
53778883,3,1,15.2,15.2
53779471,13,8,1497.0,187.125
53784377,6,4,892.9,223.225
53823060,1,1,0.3,0.3
53826748,1,1,6.9,6.9
53875128,505,197,1346.4,6.83451776649746
53898495,145,73,3227.3,44.2095890410959
53901705,16,11,2337.3,212.481818181818
53957543,1,1,43.0,43.0
53964834,3,1,2903.0,2903.0
53986832,6,3,5.8,1.93333333333333
53990357,2,2,14.1,7.05
54092998,1,0,0,0
54097980,1,1,3.1,3.1
54103616,31,21,2568.1,122.290476190476
54111916,1,0,0,0
54124359,7,2,0.8,0.4
54194546,41,25,338.1,13.524
54212914,3,3,59.4,19.8
54229062,1,1,0.2,0.2
54291917,12,11,204.2,18.5636363636364
54293428,82,57,2605.6,45.7122807017544
54310644,128,46,1747.0,37.9782608695652
54353026,10,2,4.4,2.2
54402999,3,3,44.4,14.8
54444464,1,1,0.5,0.5
54477968,6,4,36.4,9.1
54507379,25,19,784.4,41.2842105263158
54531801,1,0,0,0
54553556,5,0,0,0
54568397,13,10,268.9,26.89
54637394,124,65,2514.0,38.6769230769231
54680190,3,0,0,0
54704882,1,0,0,0
54739142,3,2,4.4,2.2
54739475,1,1,663.0,663.0
54761333,81,49,1544.0,31.5102040816327
54819677,5,2,192.7,96.35
54826284,95,68,3161.2,46.4882352941176
54888069,3,3,8.3,2.76666666666667
54894744,1,1,8.4,8.4
54916182,1,1,2603.0,2603.0
54934705,3,2,4.8,2.4
54990424,2,2,328.0,164.0
54992167,6,3,111.0,37.0
54999247,10,6,408.0,68.0
55016054,2,2,425.0,212.5
55112407,5,5,1869.0,373.8
55120589,8,2,6.2,3.1
55136688,2,2,47.2,23.6
55143039,7,5,76.7,15.34
55162535,2,2,1138.0,569.0
55229923,2,2,82.7,41.35
55300764,9,9,403.5,44.8333333333333
55319994,5,5,237.0,47.4
55334302,27,23,2025.2,88.0521739130435
55352649,5,4,515.1,128.775
55363009,1,0,0,0
55367062,158,74,585.0,7.90540540540541
55426012,235,128,2093.9,16.35859375
55429136,2,1,109.0,109.0
55446861,4,1,22.0,22.0
55457113,6,3,910.0,303.333333333333
55464294,2,1,13.9,13.9
55498890,2,2,92.9,46.45
55502052,7,5,99.9,19.98
55522584,4,4,198.1,49.525
55525449,1,0,0,0
55623839,5,4,349.3,87.325
55635404,2,2,93.2,46.6
55672384,4,4,12.9,3.225
55691331,1,0,0,0
55739825,9,5,111.4,22.28
55745376,3,3,151.2,50.4
55751308,32,29,595.7,20.5413793103448
55755821,27,10,146.9,14.69
55761025,61,40,1758.0,43.95
55763270,2,2,4.7,2.35
55763300,7,6,1239.3,206.55
55776971,9,8,190.6,23.825
55837871,3,2,68.0,34.0
55906572,232,169,3960.6,23.4355029585799
55906627,1,1,494.0,494.0
55944717,2,2,17.3,8.65
55948496,2,0,0,0
55975168,89,58,3382.2,58.3137931034483
56002861,11,6,291.3,48.55
56014527,2,2,105.6,52.8
56038151,174,62,647.7,10.4467741935484
56091522,5,2,4.0,2.0
56157984,1,1,10.7,10.7
56198811,2,1,2.6,2.6
56219610,27,24,940.5,39.1875
56256991,6,5,908.4,181.68
56333620,28,20,573.8,28.69
56413349,10,5,26.7,5.34
56416303,1,1,76.0,76.0
56436338,5,5,3506.0,701.2
56436989,36,24,492.7,20.5291666666667
56470008,2,2,283.2,141.6
56497895,4,4,46.3,11.575
56667587,2,1,0.2,0.2
56684410,14,3,42.2,14.0666666666667
56788879,2,1,1.8,1.8
56789999,11,11,557.2,50.6545454545455
56790646,2,1,3.1,3.1
56813714,4,4,474.8,118.7
56818301,2,1,4.4,4.4
56830362,1,0,0,0
56840402,5,5,315.9,63.18
56899274,5,5,219.5,43.9
56901667,3,3,276.8,92.2666666666667
56911639,10,3,646.9,215.633333333333
56957512,6,4,715.1,178.775
56973040,2,2,56.1,28.05
57033787,7,7,308.5,44.0714285714286
57077457,1,1,0.6,0.6
57088976,1,1,11.9,11.9
57103808,98,64,1276.7,19.9484375
57166019,2,2,193.0,96.5
57181405,1,1,7.2,7.2
57194796,1,1,12.5,12.5
57223013,1,1,3.2,3.2
57226729,5,5,549.5,109.9
57234698,5,5,5.9,1.18
57271785,10,4,1207.9,301.975
57319696,1,1,96.0,96.0
57333945,13,0,0,0
57368001,31,27,1462.5,54.1666666666667
57415686,4,3,154.0,51.3333333333333
57424113,10,7,635.3,90.7571428571429
57433226,32,17,7741.5,455.382352941176
57451291,7,6,798.7,133.116666666667
57500988,6,5,187.3,37.46
57530892,1,1,128.0,128.0
57541240,3,3,42.4,14.1333333333333
57564540,1,1,103.0,103.0
57603447,170,109,2649.6,24.3082568807339
57670085,1,0,0,0
57695896,1,1,0.3,0.3
57755503,1,1,3.3,3.3
57770056,107,42,848.8,20.2095238095238
57782416,4,1,33.0,33.0
57788398,2,2,18.3,9.15
57798235,19,15,2234.0,148.933333333333
57810800,3,3,52.4,17.4666666666667
57866383,14,2,0.7,0.35
57905818,18,13,5534.8,425.753846153846
57912466,1,1,38.0,38.0
57918339,1,1,16.9,16.9
57974873,48,22,1273.9,57.9045454545455
58013959,1,1,0.5,0.5
58029555,6,5,184.2,36.84
58057627,61,48,1796.6,37.4291666666667
58117481,4,1,278.0,278.0
58121946,1,1,0.6,0.6
58129717,3,3,33.2,11.0666666666667
58152057,1,1,0.6,0.6
58182267,4,2,128.5,64.25
58192081,2,1,8.4,8.4
58217836,29,18,521.9,28.9944444444444
58223726,5,3,2974.0,991.333333333333
58237510,6,6,2219.4,369.9
58252208,4,3,5.7,1.9
58280709,2,2,13.6,6.8
58289184,30,22,2517.6,114.436363636364
58297398,51,37,2443.1,66.0297297297297
58298928,6,5,149.1,29.82
58312813,2,2,107.3,53.65
58316550,4,3,39.5,13.1666666666667
58330533,2,2,26.3,13.15
58345543,666,166,1374.9,8.28253012048193
58350807,1,1,88.0,88.0
58393019,2,0,0,0
58411748,12,6,618.3,103.05
58431944,39,31,735.5,23.7258064516129
58434367,1,1,1.5,1.5
58435428,43,38,2462.7,64.8078947368421
58439284,6,4,86.9,21.725
58476249,1,1,0.1,0.1
58481977,13,9,3923.6,435.955555555556
58529751,5,5,705.2,141.04
58530556,20,17,947.1,55.7117647058824
58551955,5,1,8.1,8.1
58618147,16,12,1186.4,98.8666666666667
58640737,4,3,1877.4,625.8
58662652,2,2,44.0,22.0
58667850,2,2,87.0,43.5
58724834,3,3,874.4,291.466666666667
58761868,55,41,3499.7,85.3585365853659
58768356,26,24,705.5,29.3958333333333
58794630,4,4,380.3,95.075
58830050,7,5,289.5,57.9
58882137,1,1,0.4,0.4
58893462,7,3,54.3,18.1
58897206,2,2,90.3,45.15
58905429,370,84,1274.7,15.175
58907890,39,11,511.6,46.5090909090909
58930204,2,2,236.5,118.25
58931437,143,29,223.0,7.68965517241379
58953935,21,18,789.3,43.85
58967365,1,1,0.3,0.3
58977564,6,4,495.6,123.9
59005471,54,34,1373.6,40.4
59025651,1,0,0,0
59050554,4,3,31.6,10.5333333333333
59081879,2,2,88.6,44.3
59087317,4,4,265.7,66.425
59099129,8,8,525.5,65.6875
59101095,1,1,0.2,0.2
59103567,1,1,2.6,2.6
59107320,1,1,0.3,0.3
59115473,16,15,272.7,18.18
59155360,1,1,9.0,9.0
59157389,16,10,1314.7,131.47
59159042,1,1,0.4,0.4
59205262,21,19,465.3,24.4894736842105
59219245,3,0,0,0
59234901,12,11,908.5,82.5909090909091
59264152,2,0,0,0
59325851,2,2,443.6,221.8
59332369,56,25,162.1,6.484
59382844,44,33,2119.1,64.2151515151515
59383825,5,5,842.5,168.5
59467141,4,4,159.9,39.975
59477039,3,3,8.7,2.9
59529444,21,15,257.9,17.1933333333333
59536273,35,30,3227.6,107.586666666667
59537590,2,2,20.4,10.2
59575100,4,4,289.3,72.325
59662830,177,85,4563.7,53.6905882352941
59713285,4,4,221.5,55.375
59756932,20,11,294.1,26.7363636363636
59773143,11,6,397.5,66.25
59784301,2,1,0.5,0.5
59790700,54,32,661.9,20.684375
59818635,2,2,93.6,46.8
59825286,427,72,1029.1,14.2930555555556
59837634,7,5,435.3,87.06
59854456,4,2,23.1,11.55
59866729,2,2,116.7,58.35
59925638,136,88,5052.9,57.4193181818182
59945701,43,22,467.8,21.2636363636364
60062528,2,2,58.9,29.45
60074997,4,4,41.3,10.325
60113114,4,3,498.3,166.1
60115727,2,1,2.2,2.2
60209945,2,0,0,0
60210313,42,24,780.5,32.5208333333333
60217594,48,31,2048.3,66.0741935483871
60227446,5,4,74.4,18.6
60236480,8,0,0,0
60260529,2,2,53.1,26.55
60296891,104,71,1316.7,18.5450704225352
60324268,3,2,1.9,0.95
60343142,8,7,457.9,65.4142857142857
60424237,6,1,5.1,5.1
60439399,4,4,59.8,14.95
60549077,31,17,28.9,1.7
60557056,7,4,181.6,45.4
60594845,1,1,19.7,19.7
60608576,157,92,3175.2,34.5130434782609
60611062,158,112,3557.8,31.7660714285714
60701208,3,0,0,0
60706503,48,19,320.9,16.8894736842105
60736966,6,1,994.0,994.0
60744461,16,15,808.3,53.8866666666667
60760816,1,1,110.0,110.0
60820884,2,2,69.5,34.75
60828722,2,1,3.5,3.5
60859324,54,32,1598.4,49.95
60859695,195,95,886.4,9.33052631578947
60910490,2,2,228.2,114.1
60958088,6,6,417.7,69.6166666666667
60984151,4,1,13.7,13.7
61003041,2,2,27.7,13.85
61031710,5,5,551.4,110.28
61044093,1,0,0,0
61046224,13,7,468.8,66.9714285714286
61068356,1,0,0,0
61070572,66,52,1173.7,22.5711538461538
61086207,15,12,413.0,34.4166666666667
61098124,1,0,0,0
61099969,2,2,16.5,8.25
61189155,89,74,4894.7,66.1445945945946
61216865,2,1,47.0,47.0
61274953,1,1,5.5,5.5
61276934,2,1,8.1,8.1
61289147,1,1,8.5,8.5
61367351,2,1,0.6,0.6
61378298,1,1,2.3,2.3
61389725,3,3,579.3,193.1
61409763,1,1,46.0,46.0
61428062,6,4,39.3,9.825
61439397,3,3,169.6,56.5333333333333
61444633,4,3,1.0,0.333333333333333
61495434,1,1,35.0,35.0
61502266,1,1,5.0,5.0
61506388,93,40,295.9,7.3975
61506984,1,1,162.0,162.0
61530197,2,1,1.1,1.1
61541943,2,2,7.2,3.6
61614735,4,3,201.5,67.1666666666667
61628602,2,1,3.6,3.6
61632730,103,29,1646.9,56.7896551724138
61635781,1,0,0,0
61642722,2,0,0,0
61676491,217,89,2353.2,26.4404494382022
61707834,1,0,0,0
61753631,2,2,1120.3,560.15
61772065,36,24,1055.4,43.975
61779218,23,18,969.5,53.8611111111111
61806811,6,6,152.1,25.35
61823081,2,2,283.4,141.7
61831445,3,0,0,0
61834736,12,2,28.5,14.25
61902414,1,1,5.7,5.7
61935579,2,0,0,0
61990738,3,3,127.0,42.3333333333333
62078957,22,12,3520.5,293.375
62097332,23,19,569.1,29.9526315789474
62317148,1,1,22.0,22.0
62352668,8,1,51.0,51.0
62418323,5,5,262.6,52.52
62478196,7,5,149.5,29.9
62481936,16,9,239.4,26.6
62486194,5,4,339.0,84.75
62514874,1,1,9.3,9.3
62539628,3,3,27.5,9.16666666666667
62545742,17,15,505.3,33.6866666666667
62562867,1,1,97.0,97.0
62601134,2,1,11.6,11.6
62633395,35,26,489.3,18.8192307692308
62654923,11,11,603.5,54.8636363636364
62658713,4,3,18.7,6.23333333333333
62666911,2,2,225.4,112.7
62705916,92,58,4082.3,70.3844827586207
62784536,2,2,165.0,82.5
62811725,7,7,109.2,15.6
62848935,1,0,0,0
62858973,6,6,91.7,15.2833333333333
62878249,149,109,3291.7,30.1990825688073
62885387,1,1,1.1,1.1
62923086,8,1,91.0,91.0
62985928,33,16,82.1,5.13125
62990992,1068,498,5724.8,11.4955823293173
63020970,6,1,0.1,0.1
63024728,1,1,42.0,42.0
63075948,1,1,60.0,60.0
63098418,30,24,2710.4,112.933333333333
63122679,3,2,102.8,51.4
63157803,100,66,4801.2,72.7454545454545
63263519,3,2,14.0,7.0
63276972,21,16,446.8,27.925
63291011,1,1,0.4,0.4
63294797,3,0,0,0
63391345,5,1,1.2,1.2
63441045,3,3,28.0,9.33333333333333
63441290,108,75,1629.0,21.72
63454504,3,3,4.0,1.33333333333333
63489649,1,1,67.0,67.0
63539914,2,2,5.3,2.65
63555332,5,3,237.0,79.0
63595926,2,0,0,0
63605342,4,2,39.7,19.85
63615483,85,57,7190.4,126.147368421053
63655097,1,1,0.6,0.6
63660695,3,3,322.2,107.4
63671946,5,3,96.8,32.2666666666667
63678282,2,2,56.2,28.1
63702300,7,4,2758.9,689.725
63750749,2,2,23.6,11.8
63753977,1,1,6.1,6.1
63763909,4,1,13.3,13.3
63808332,5,4,476.0,119.0
63810706,3,2,88.8,44.4
63831340,1,1,1.0,1.0
63833595,2,2,155.0,77.5
63895034,12,11,1851.4,168.309090909091
63962362,1,0,0,0
63965791,10,9,901.5,100.166666666667
63990035,14,9,1323.9,147.1
63993064,3,3,249.5,83.1666666666667
64019582,9,6,110.9,18.4833333333333
64023574,85,61,1742.8,28.5704918032787
64027842,10,9,514.8,57.2
64060101,9,6,3625.9,604.316666666667
64079170,4,4,64.1,16.025
64137709,3,3,66.6,22.2
64158475,1,0,0,0
64261708,13,9,36.0,4.0
64307328,4,3,185.9,61.9666666666667
64315060,1,1,0.3,0.3
64319625,66,34,779.6,22.9294117647059
64350487,3,3,34.5,11.5
64350600,33,13,322.7,24.8230769230769
64365339,3,3,118.0,39.3333333333333
64366280,3,3,29.3,9.76666666666667
64368515,9,4,30.2,7.55
64369759,85,57,579.6,10.1684210526316
64392327,12,10,5301.0,530.1
64394438,2,2,240.3,120.15
64455019,4,1,19.4,19.4
64479113,4,3,12.2,4.06666666666667
64514291,35,19,899.4,47.3368421052632
64582313,1,1,392.0,392.0
64611580,18,15,114.7,7.64666666666667
64645022,2,2,11.3,5.65
64657716,3,2,794.4,397.2
64689644,1,0,0,0
64754418,19,7,158.5,22.6428571428571
64778733,1,1,327.0,327.0
64787956,584,132,1222.3,9.25984848484848
64849879,1,0,0,0
64936592,1,0,0,0
64971477,2,2,24.5,12.25
64973908,152,58,2619.7,45.1672413793103
65064340,58,39,1421.9,36.4589743589744
65076545,2,2,28.2,14.1
65117175,127,68,446.1,6.56029411764706
65145468,94,61,1581.9,25.9327868852459
65147980,27,5,295.4,59.08
65152385,10,10,3826.2,382.62
65155942,39,7,6.4,0.914285714285714
65173746,11,7,6.3,0.9
65181439,1,1,8.9,8.9
65200468,6,6,314.1,52.35
65220985,2,1,1.2,1.2
65225038,2,2,3.7,1.85
65229865,85,30,709.3,23.6433333333333
65244880,5,5,156.4,31.28
65315657,24,18,1167.4,64.8555555555556
65341706,3,2,35.2,17.6
65342306,59,47,940.2,20.0042553191489
65350586,31,26,270.0,10.3846153846154
65392764,4,1,1.1,1.1
65394447,1,1,3.4,3.4
65398650,331,169,1407.6,8.32899408284024
65420540,21,19,673.5,35.4473684210526
65421540,5,5,344.2,68.84
65438630,1,0,0,0
65447941,2,2,13.1,6.55
65472820,3,2,144.9,72.45
65531742,2,2,15.8,7.9
65533730,3,3,92.8,30.9333333333333
65575604,3,2,54.2,27.1
65610147,13,10,505.7,50.57
65638515,6,1,915.0,915.0
65716118,28,21,845.1,40.2428571428571
65729155,6,2,25.1,12.55
65754991,139,49,653.9,13.3448979591837
65758675,1,0,0,0
65872385,4,4,233.2,58.3
65883119,1,1,113.0,113.0
65895047,7,4,119.0,29.75
65909415,55,23,106.9,4.64782608695652
65935023,23,9,116.3,12.9222222222222
65944691,4,2,6.4,3.2
65958466,132,97,1958.5,20.1907216494845
65962952,2,1,1.0,1.0
66006698,3,0,0,0
66023189,1,1,0.5,0.5
66052983,71,50,1312.6,26.252
66078954,21,13,104.3,8.02307692307692
66090440,4,1,95.0,95.0
66211595,8,5,227.6,45.52
66215101,2,0,0,0
66229356,8,2,8.2,4.1
66250126,1,1,185.0,185.0
66255019,105,74,1802.5,24.3581081081081
66280688,1,1,2.5,2.5
66308898,2,1,5.6,5.6
66357156,6,5,49.0,9.8
66403743,10,2,3369.5,1684.75
66438889,12,10,33.6,3.36
66463490,1,1,0.4,0.4
66464409,10,7,57.0,8.14285714285714
66495044,1,1,12.7,12.7
66508737,7,4,14.5,3.625
66530362,6,6,233.0,38.8333333333333
66550579,1,1,4.3,4.3
66573111,2,2,15.8,7.9
66592754,1,1,18.9,18.9
66596291,82,64,3165.4,49.459375
66615366,56,35,1789.5,51.1285714285714
66650717,119,75,4764.1,63.5213333333333
66680972,2,2,98.1,49.05
66687732,5,5,26.9,5.38
66713604,2,1,1.0,1.0
66725148,8,2,25.6,12.8
66748534,6,3,17.8,5.93333333333333
66755246,20,5,172.0,34.4
66939289,6,6,305.2,50.8666666666667
66950079,64,32,1368.9,42.778125
67001780,10,8,1424.5,178.0625
67083031,19,12,304.1,25.3416666666667
67176371,7,6,1239.5,206.583333333333
67191748,1,1,66.0,66.0
67238071,1,1,0.6,0.6
67244867,8,7,401.8,57.4
67341526,1,1,19.7,19.7
67349307,27,20,253.1,12.655
67492611,39,26,1322.2,50.8538461538462
67530228,4,4,3.6,0.9
67549251,1,1,3.3,3.3
67579257,160,107,1925.9,17.9990654205607
67628444,11,5,19.2,3.84
67633077,5,3,616.5,205.5
67694014,1,1,2.7,2.7
67694595,95,60,7152.1,119.201666666667
67708331,21,15,1478.0,98.5333333333333
67713900,20,16,2748.6,171.7875
67729331,97,51,2006.6,39.3450980392157
67729721,1,1,5.4,5.4
67791342,1,1,21.0,21.0
67834115,1,1,0.5,0.5
67923337,1,1,62.0,62.0
67965357,14,8,2389.8,298.725
68017342,1,1,1.6,1.6
68025732,1,1,2.4,2.4
68049243,19,12,134.8,11.2333333333333
68081395,1,0,0,0
68135360,2,1,1.7,1.7
68173628,1,1,268.0,268.0
68200610,5,4,805.0,201.25
68224834,15,13,235.1,18.0846153846154
68240622,16,15,398.2,26.5466666666667
68305989,4,1,23.0,23.0
68316900,74,33,515.2,15.6121212121212
68325099,20,19,173.7,9.14210526315789
68337019,10,5,224.7,44.94
68372559,4,1,24.0,24.0
68414134,1,1,0.3,0.3
68418219,1,1,22.0,22.0
68493240,5,1,0.5,0.5
68530075,1,1,0.4,0.4
68532738,22,18,329.1,18.2833333333333
68540434,12,3,275.0,91.6666666666667
68559540,1,1,6.3,6.3
68597425,1,1,316.0,316.0
68633391,1,1,6.7,6.7
68672269,3,3,1028.4,342.8
68673468,2,2,17.7,8.85
68685708,12,10,581.7,58.17
68704183,1,1,9.9,9.9
68719896,32,25,1285.5,51.42
68736721,1,1,0.9,0.9
68809194,40,32,507.2,15.85
68828361,1,1,3.7,3.7
68935496,1,1,1456.0,1456.0
68952161,1,1,0.3,0.3
68963476,8,6,220.1,36.6833333333333
69005851,1,1,1.3,1.3
69009454,240,134,1143.5,8.53358208955224
69033837,3,3,2.5,0.833333333333333
69132252,1,1,2.4,2.4
69180564,8,8,103.4,12.925
69261797,1,1,6.2,6.2
69305825,1,1,55.0,55.0
69364340,1,1,28.0,28.0
69371602,1,0,0,0
69422402,1,1,8.3,8.3
69427304,1,1,8.5,8.5
69434488,27,18,919.0,51.0555555555556
69458130,1,1,0.8,0.8
69467127,1,1,12.2,12.2
69587339,5,5,114.8,22.96
69652738,4,4,43.8,10.95
69658686,1,1,10.5,10.5
69729762,1,0,0,0
69796945,1,0,0,0
69805535,1,1,89.0,89.0
69812769,6,2,8.7,4.35
69821151,4,1,3.7,3.7
69828237,17,9,1726.1,191.788888888889
69849141,17,11,998.3,90.7545454545455
69856757,70,58,3232.9,55.7396551724138
69857045,1,1,21.0,21.0
69880609,1,0,0,0
69942754,2,2,210.0,105.0
69946630,9,6,1131.5,188.583333333333
69953893,28,24,696.4,29.0166666666667
69954842,310,168,2483.1,14.7803571428571
70040501,2,2,212.0,106.0
70052469,1,1,10.8,10.8
70075801,5,4,364.0,91.0
70126472,3,2,201.4,100.7
70165453,2,2,68.5,34.25
70167393,1,1,220.0,220.0
70180527,9,8,1984.9,248.1125
70327507,8,8,301.5,37.6875
70338529,1,1,0.5,0.5
70345887,1,1,2.1,2.1
70351792,4,4,281.4,70.35
70373768,1,0,0,0
70381757,3,3,3.8,1.26666666666667
70395325,1,0,0,0
70398582,25,20,800.5,40.025
70408902,227,82,1105.1,13.4768292682927
70470505,1,0,0,0
70487610,6,3,6325.5,2108.5
70489471,7,7,116.6,16.6571428571429
70525721,2,2,59.5,29.75
70591968,10,9,1468.8,163.2
70678758,1,1,47.0,47.0
70686116,9,2,1219.0,609.5
70699101,3,1,211.0,211.0
70703031,2,1,1.5,1.5
70717745,1,1,31.0,31.0
70737757,4,3,183.9,61.3
70739775,1,1,23.0,23.0
70751383,4,2,54.2,27.1
70751853,1,1,2.6,2.6
70778973,33,28,2859.3,102.117857142857
70779914,9,5,227.6,45.52
70780053,19,12,2501.4,208.45
70821681,1,1,10.7,10.7
70844556,7,4,1171.8,292.95
70915652,55,30,271.4,9.04666666666667
70930091,4,1,38.0,38.0
70967454,5,4,224.6,56.15
70970228,5,5,258.1,51.62
70995384,2,2,72.3,36.15
71082079,10,4,86.0,21.5
71083492,1,0,0,0
71126210,1,1,21.0,21.0
71132696,2,1,12.9,12.9
71161460,1,1,35.0,35.0
71162182,1,1,73.0,73.0
71280014,1,1,123.0,123.0
71302392,1,0,0,0
71318298,1,1,23.0,23.0
71323029,4,4,13.7,3.425
71331890,2,0,0,0
71331921,25,23,206.2,8.96521739130435
71335402,41,30,684.9,22.83
71390526,77,63,2405.0,38.1746031746032
71411882,24,21,261.2,12.4380952380952
71449134,1,1,1.5,1.5
71462210,1,1,4.1,4.1
71480053,1,1,31.0,31.0
71486921,1,0,0,0
71498571,9,8,1420.0,177.5
71510748,189,133,3049.9,22.9315789473684
71527252,145,78,1812.1,23.2320512820513
71574303,8,1,12.6,12.6
71583368,1,1,10.9,10.9
71603645,16,6,149.6,24.9333333333333
71611112,3,1,5.1,5.1
71632904,1,1,9.8,9.8
71680081,2,2,93.0,46.5
71687719,1,1,1.1,1.1
71704418,5,5,1524.4,304.88
71760673,1,1,2.2,2.2
71777065,137,47,1534.7,32.6531914893617
71809133,6,1,9.5,9.5
71865634,1,1,68.0,68.0
71868890,1,1,12.8,12.8
71870712,5,4,458.9,114.725
71871620,20,9,3259.9,362.211111111111
71875007,10,6,1470.4,245.066666666667
71888942,78,7,340.2,48.6
71926373,5,1,19.9,19.9
71943253,1,1,36.0,36.0
71944738,1,1,4.4,4.4
71952079,5,3,93.7,31.2333333333333
72009123,1,1,24.0,24.0
72098561,1,1,170.0,170.0
72135587,13,9,382.9,42.5444444444444
72164008,1,1,7.5,7.5
72207742,11,8,1333.0,166.625
72267852,1,1,0.8,0.8
72293974,1,1,55.0,55.0
72329360,4,2,2589.8,1294.9
72387826,19,4,486.4,121.6
72417734,22,17,559.6,32.9176470588235
72471210,2,0,0,0
72488020,3,3,26.5,8.83333333333333
72519264,1,1,0.1,0.1
72523666,14,10,211.6,21.16
72538505,1,1,0.6,0.6
72555195,1,1,6.7,6.7
72557176,2,1,0.2,0.2
72576293,1,1,34.0,34.0
72588600,2,2,64.0,32.0
72613527,11,11,1965.2,178.654545454545
72627862,46,22,233.2,10.6
72629386,6,3,164.2,54.7333333333333
72717958,14,10,2746.5,274.65
72842694,159,109,612.7,5.62110091743119
72842813,2,1,0.3,0.3
72905300,2,2,20.9,10.45
72907554,13,11,828.9,75.3545454545455
72930582,5,5,90.5,18.1
72941852,2,2,274.5,137.25
72958745,10,6,1028.0,171.333333333333
72971410,1,1,0.4,0.4
72978546,102,62,2728.0,44.0
72989129,63,37,1252.7,33.8567567567568
72996988,60,56,1204.1,21.5017857142857
73012771,1,1,104.0,104.0
73017395,1,1,11754.0,11754.0
73091698,1,1,234.0,234.0
73094226,2,2,9.9,4.95
73094362,4,4,1005.0,251.25
73124384,2,1,8.6,8.6
73141776,2,2,1.5,0.75
73187712,4,3,37.5,12.5
73195149,22,11,904.6,82.2363636363636
73231305,5,4,48.9,12.225
73274639,2,1,0.2,0.2
73305545,5,4,83.5,20.875
73319987,1,1,18.5,18.5
73358928,1,1,1.5,1.5
73360181,1,1,2.8,2.8
73407067,2,2,5.8,2.9
73435399,1,1,6.1,6.1
73435656,1,0,0,0
73453691,3,3,698.0,232.666666666667
73457750,4,2,8.2,4.1
73481131,1,1,35.0,35.0
73495968,80,57,591.2,10.3719298245614
73507733,1,0,0,0
73513367,7,4,375.6,93.9
73518199,82,58,1859.5,32.0603448275862
73519553,1,1,1885.0,1885.0
73521885,3,3,29.2,9.73333333333333
73532539,2,1,3.5,3.5
73564778,103,31,872.1,28.1322580645161
73597661,2,1,2.1,2.1
73618782,1,1,190.0,190.0
73672854,1,1,0.3,0.3
73721802,43,13,83.5,6.42307692307692
73725335,1,1,5.3,5.3
73726855,130,13,811.6,62.4307692307692
73754563,1,1,5.2,5.2
73761548,1,1,92.0,92.0
73767750,1,0,0,0
73820367,3,2,229.0,114.5
73826669,2,2,1.0,0.5
73835640,189,105,2564.4,24.4228571428571
73862588,2,1,9.9,9.9
73883045,2,2,60.0,30.0
73946533,1,1,1.3,1.3
73968993,1,1,118.0,118.0
73979725,1,1,0.4,0.4
73981322,2,2,23.2,11.6
73997241,3,2,355.0,177.5
73998041,1,1,0.2,0.2
74021124,3,3,16.2,5.4
74077887,1,1,110.0,110.0
74126541,7,7,95.6,13.6571428571429
74154832,1,1,0.3,0.3
74157312,3,3,26.0,8.66666666666667
74161385,16,2,147.5,73.75
74161590,16,15,602.9,40.1933333333333
74221955,1,0,0,0
74232403,2,2,66.2,33.1
74270476,1,1,0.4,0.4
74290096,2,2,30.5,15.25
74347105,22,19,4496.3,236.647368421053
74497511,3,2,10.2,5.1
74521316,21,15,355.3,23.6866666666667
74557142,3,1,0.1,0.1
74565055,2,1,52.0,52.0
74695086,1,1,4.1,4.1
74709077,2,1,10.2,10.2
74716918,1,1,173.0,173.0
74738483,1,0,0,0
74749851,1,1,67.0,67.0
74764496,21,11,179.6,16.3272727272727
74772820,77,36,2398.0,66.6111111111111
74811317,1,1,1.4,1.4
74855005,65,34,1794.5,52.7794117647059
74859759,1,1,0.1,0.1
74874862,2,0,0,0
74897172,6,6,640.2,106.7
74966682,1,1,1.2,1.2
74989665,2,1,1.1,1.1
74997600,1,1,25.0,25.0
75001116,4,3,163.8,54.6
75011941,8,5,41.4,8.28
75034989,1,1,1761.0,1761.0
75064242,7,6,101.1,16.85
75092930,6,4,2122.9,530.725
75115020,2,1,0.4,0.4
75134679,10,10,683.6,68.36
75155353,92,13,420.1,32.3153846153846
75182781,8,5,272.7,54.54
75228114,2,2,213.8,106.9
75231491,1,1,159.0,159.0
75232211,55,48,1291.1,26.8979166666667
75240572,13,13,592.8,45.6
75273484,8,8,564.8,70.6
75277726,10,6,152.5,25.4166666666667
75328197,2,2,11.3,5.65
75331486,1,1,170.0,170.0
75366244,7,3,342.3,114.1
75368808,66,48,4019.1,83.73125
75377823,2,2,1916.0,958.0
75395097,2,1,6.6,6.6
75419274,1,0,0,0
75438596,1,1,0.7,0.7
75457821,14,11,356.3,32.3909090909091
75463760,32,23,461.5,20.0652173913043
75465639,2,2,3.6,1.8
75508144,4,4,847.3,211.825
75515543,1,0,0,0
75517266,1,1,0.2,0.2
75548930,3,3,19.9,6.63333333333333
75598925,27,11,2796.6,254.236363636364
75600128,1,1,6.2,6.2
75639638,6,5,380.1,76.02
75668947,1,1,130.0,130.0
75689918,8,4,21.8,5.45
75738431,8,8,353.2,44.15
75753011,2,1,195.0,195.0
75767676,1,1,7.0,7.0
75864605,7,7,810.4,115.771428571429
75938123,1,1,0.4,0.4
75938972,1,1,4.7,4.7
75956990,1,1,21.0,21.0
75970863,9,9,38.9,4.32222222222222
75988937,1,1,1.0,1.0
75995878,1,1,24.0,24.0
75997012,2,1,2.2,2.2
76027799,10,7,226.4,32.3428571428571
76032287,27,14,3453.5,246.678571428571
76046711,3,3,12.2,4.06666666666667
76047408,1,1,3.1,3.1
76095365,4,0,0,0
76170931,1,1,2.8,2.8
76171050,8,2,1122.6,561.3
76177929,1,1,0.7,0.7
76190673,2,0,0,0
76211030,5,3,8.5,2.83333333333333
76216184,1,1,7.3,7.3
76243637,1,1,5.1,5.1
76296787,30,18,195.5,10.8611111111111
76303426,1,1,0.3,0.3
76319436,6,2,7.4,3.7
76373413,4,2,825.7,412.85
76404223,1,1,0.6,0.6
76420334,63,46,930.9,20.2369565217391
76451157,114,40,423.0,10.575
76560982,3,2,17.2,8.6
76585538,3,2,3.3,1.65
76684659,1,0,0,0
76723339,2,2,2.5,1.25
76768611,1,0,0,0
76787637,6,3,709.1,236.366666666667
76856277,1,1,0.6,0.6
76881558,1,1,2.5,2.5
76892907,597,98,2731.3,27.8704081632653
76894278,2,2,1.3,0.65
76916895,1,1,0.8,0.8
76933274,1,1,1.0,1.0
77018622,2,1,0.6,0.6
77096978,2,2,509.6,254.8
77113494,3,2,0.6,0.3
77124916,7,6,1028.8,171.466666666667
77127388,31,20,1887.4,94.37
77136810,6,3,92.6,30.8666666666667
77141216,1,1,45.0,45.0
77153774,2,1,4.5,4.5
77163444,1,0,0,0
77194086,27,21,283.1,13.4809523809524
77194239,157,73,661.3,9.05890410958904
77213306,1,1,488.0,488.0
77214425,212,139,3785.8,27.2359712230216
77261379,1,1,0.3,0.3
77262863,1,1,80.0,80.0
77279068,17,14,505.4,36.1
77310637,3,3,24.0,8.0
77378306,4,2,85.8,42.9
77387906,7,4,2.9,0.725
77446275,24,13,1270.8,97.7538461538462
77507107,1,1,22.0,22.0
77542968,20,14,664.8,47.4857142857143
77565315,11,10,174.6,17.46
77566707,2,2,73.0,36.5
77632511,3,3,281.4,93.8
77665527,13,9,395.1,43.9
77736587,1,1,207.0,207.0
77792512,3,3,42.8,14.2666666666667
77794924,1,1,1.0,1.0
77804318,1,1,483.0,483.0
77818807,16,9,313.7,34.8555555555556
77830706,61,44,1399.9,31.8159090909091
77864647,4,2,33.3,16.65
77870593,15,14,1011.4,72.2428571428571
77903318,4,4,20.5,5.125
77905942,5,5,250.3,50.06
77924328,4,4,361.0,90.25
77950242,1,1,0.5,0.5
77954105,1,1,0.2,0.2
77980915,166,73,2211.7,30.2972602739726
78051467,1,1,0.5,0.5
78053539,18,16,1238.9,77.43125
78071174,2,1,4.1,4.1
78079492,1,1,1.4,1.4
78086463,2,2,12.1,6.05
78142481,2,2,3.6,1.8
78309377,224,75,2815.8,37.544
78332414,32,27,1857.5,68.7962962962963
78335076,3,3,26.3,8.76666666666667
78339000,4,1,82.0,82.0
78341587,197,77,720.4,9.35584415584415
78369082,1,1,16.0,16.0
78481493,1,1,31.0,31.0
78551564,3,3,305.8,101.933333333333
78560022,19,17,30.3,1.78235294117647
78600311,1,1,0.4,0.4
78671103,13,9,65.4,7.26666666666667
78690485,1,1,0.3,0.3
78703486,1,1,13.9,13.9
78707098,1,1,2.8,2.8
78765966,2,2,7.3,3.65
78799565,12,8,5186.9,648.3625
78814920,1,1,13.2,13.2
78874120,3,1,0.1,0.1
78900428,1,1,6.5,6.5
78969820,1,1,9.7,9.7
78996406,2,1,0.1,0.1
79017735,25,19,771.7,40.6157894736842
79049613,6,3,26.9,8.96666666666667
79050738,1,1,11.1,11.1
79073449,96,49,693.5,14.1530612244898
79111585,4,1,5.5,5.5
79124111,1,0,0,0
79155765,26,20,333.4,16.67
79163006,1,1,11.6,11.6
79180628,1,0,0,0
79211079,36,32,968.1,30.253125
79216711,4,0,0,0
79219608,1,0,0,0
79243080,19,12,571.1,47.5916666666667
79309149,1,1,1.0,1.0
79316774,12,2,5.9,2.95
79319075,21,14,542.3,38.7357142857143
79372485,2,2,251.1,125.55
79407831,1,1,41.0,41.0
79411077,34,22,3520.2,160.009090909091
79455558,1,0,0,0
79474322,12,10,1973.9,197.39
79537725,1,1,2.9,2.9
79542039,13,10,62.8,6.28
79615216,2,2,11.3,5.65
79626460,1,1,8.4,8.4
79658056,9,3,22.6,7.53333333333333
79715089,15,10,185.5,18.55
79746085,6,3,756.9,252.3
79865632,5,4,49.7,12.425
79869158,3,3,118.9,39.6333333333333
79932478,1,1,113.0,113.0
79942253,3,3,17.3,5.76666666666667
80022321,6,4,68.4,17.1
80067793,15,12,515.9,42.9916666666667
80091744,1,1,0.4,0.4
80098179,15,10,116.1,11.61
80117314,2,1,0.3,0.3
80117330,1,1,14.8,14.8
80119032,18,3,321.1,107.033333333333
80128229,140,86,2803.7,32.6011627906977
80145435,11,6,634.3,105.716666666667
80154824,3,3,56.8,18.9333333333333
80164199,10,9,1021.8,113.533333333333
80173910,2,0,0,0
80189887,123,93,2814.1,30.2591397849462
80224478,1,1,90.0,90.0
80230375,2,1,0.5,0.5
80239919,20,6,1185.8,197.633333333333
80250756,18,13,109.6,8.43076923076923
80265154,5,5,502.0,100.4
80309714,2,2,316.0,158.0
80341091,2,2,3.0,1.5
80342096,1,1,0.5,0.5
80351692,30,21,809.6,38.552380952381
80363319,45,31,824.2,26.5870967741936
80384872,11,9,2798.7,310.966666666667
80386506,1,1,1.7,1.7
80394189,2,2,7.8,3.9
80419227,2,0,0,0
80471276,9,8,363.3,45.4125
80494893,113,57,1317.6,23.1157894736842
80502960,2,2,360.8,180.4
80511960,70,55,3214.9,58.4527272727273
80522069,1,1,64.0,64.0
80550861,83,39,1093.0,28.025641025641
80604456,10,4,56.5,14.125
80630217,47,35,642.0,18.3428571428571
80639000,1,1,1.3,1.3
80650761,7,7,10.6,1.51428571428571
80735594,1,1,25.0,25.0
80779496,125,102,1517.9,14.8813725490196
80799336,4,1,5.7,5.7
80814667,1,1,0.2,0.2
80821544,1,1,69.0,69.0
80859196,3,3,21.2,7.06666666666667
80905023,1,1,0.7,0.7
80918437,1,1,34.0,34.0
80984802,1,0,0,0
80988171,13,9,279.9,31.1
81037765,1,1,15.9,15.9
81054122,6,6,6470.0,1078.33333333333
81079291,2,0,0,0
81104015,2,1,8.1,8.1
81128865,2,2,0.8,0.4
81139130,13,6,237.1,39.5166666666667
81151589,6,6,317.0,52.8333333333333
81160212,150,72,889.2,12.35
81170946,130,71,746.3,10.5112676056338
81196525,1,1,1079.0,1079.0
81245611,2,2,5.2,2.6
81258000,20,2,1376.0,688.0
81392790,1,1,1.0,1.0
81439192,156,58,985.2,16.9862068965517
81487543,1,1,216.0,216.0
81537102,1,1,0.3,0.3
81556495,9,8,103.5,12.9375
81569401,3,1,891.0,891.0
81574839,2,2,1.6,0.8
81579335,15,10,388.4,38.84
81585721,111,67,1734.0,25.8805970149254
81591317,69,51,1656.5,32.4803921568627
81672131,41,22,1044.6,47.4818181818182
81678279,6,6,57.0,9.5
81711607,1,0,0,0
81743539,28,5,19.0,3.8
81746734,34,32,1186.9,37.090625
81768333,3,3,22.9,7.63333333333333
81777905,1,1,11.4,11.4
81814849,2,1,1.6,1.6
81834184,2,1,2.4,2.4
81865111,2,2,3.9,1.95
81901544,2,2,33.9,16.95
81911890,2,2,0.5,0.25
81943620,301,96,1837.8,19.14375
82020006,18,17,195.6,11.5058823529412
82029808,6,6,29.9,4.98333333333333
82046939,91,62,749.9,12.0951612903226
82071844,13,9,356.1,39.5666666666667
82112070,7,7,120.8,17.2571428571429
82156706,24,16,509.1,31.81875
82174211,27,22,1653.1,75.1409090909091
82176452,1,1,0.8,0.8
82203951,14,11,126.5,11.5
82212295,5,5,1205.5,241.1
82235763,1,1,12.8,12.8
82263745,129,64,4686.8,73.23125
82268005,1,1,16.6,16.6
82279854,1,1,0.6,0.6
82287546,98,69,1748.5,25.3405797101449
82324393,1,1,0.5,0.5
82352462,101,76,2686.1,35.3434210526316
82385352,38,29,599.6,20.6758620689655
82418411,17,5,16.4,3.28
82432677,1,1,5.6,5.6
82436907,12,8,888.7,111.0875
82438562,5,4,20.8,5.2
82448039,2,2,63.8,31.9
82512087,7,7,203.7,29.1
82536970,3,2,322.4,161.2
82542485,1,1,147.0,147.0
82686146,36,29,876.4,30.2206896551724
82688906,1,1,35.0,35.0
82695118,3,3,171.3,57.1
82728085,1,1,37.0,37.0
82778779,6,5,106.9,21.38
82792088,1,1,63.0,63.0
82792464,1,1,0.2,0.2
82807945,1,0,0,0
82847127,1,1,4.6,4.6
82864983,1,1,12.6,12.6
82866826,1,1,2.0,2.0
82895724,3,0,0,0
82898860,1,1,19.9,19.9
82938274,1,1,55.0,55.0
82961224,13,11,342.4,31.1272727272727
83028567,2,0,0,0
83046795,1,1,11.6,11.6
83090686,70,40,2606.4,65.16
83123832,6,3,462.8,154.266666666667
83135348,50,15,200.2,13.3466666666667
83148759,9,7,432.3,61.7571428571429
83160060,1,1,18.1,18.1
83168693,5,5,149.4,29.88
83188092,7,5,175.3,35.06
83198547,1,1,43.0,43.0
83219649,1,1,8.8,8.8
83234559,6,4,451.1,112.775
83310356,1,0,0,0
83336644,5,5,195.4,39.08
83355221,1,1,86.0,86.0
83367883,1,1,10.1,10.1
83411030,1,1,7.7,7.7
83420834,11,8,118.2,14.775
83482045,2,1,0.2,0.2
83497449,32,21,798.1,38.0047619047619
83521481,10,2,7.2,3.6
83559372,1,1,64.0,64.0
83572990,3,3,13.9,4.63333333333333
83578325,1,1,10.8,10.8
83589156,2,2,84.7,42.35
83599495,6,3,39.4,13.1333333333333
83625754,25,15,766.2,51.08
83671083,33,28,398.0,14.2142857142857
83681553,16,13,416.8,32.0615384615385
83746733,25,15,612.4,40.8266666666667
83751255,4,2,150.0,75.0
83758687,1,1,0.4,0.4
83758973,1,1,0.4,0.4
83770731,169,77,465.1,6.04025974025974
83792733,1,1,201.0,201.0
83806417,2,2,1.7,0.85
83813208,1,1,2.6,2.6
83849502,129,29,659.4,22.7379310344828
83851086,1,1,0.8,0.8
83867981,2,2,112.7,56.35
83878895,2,2,0.7,0.35
83928705,8,3,28.0,9.33333333333333
83955783,9,2,414.6,207.3
83962500,1,1,2.5,2.5
83965474,2,2,104.8,52.4
83975567,33,28,1148.5,41.0178571428571
83978676,1,1,2.4,2.4
83992730,5,5,223.6,44.72
83999409,1,1,5.4,5.4
84024556,2,0,0,0
84026704,1,1,3.6,3.6
84045371,16,15,2199.7,146.646666666667
84054119,4,2,10.5,5.25
84079486,1,1,3.8,3.8
84095423,1,1,1.0,1.0
84156493,2,2,17.8,8.9
84221022,4,3,21.7,7.23333333333333
84236369,2,2,389.0,194.5
84293720,1,1,7.0,7.0
84318201,14,10,128.7,12.87
84371132,2,2,671.0,335.5
84377525,1,1,1.2,1.2
84395245,1,1,28.0,28.0
84414029,1,1,0.8,0.8
84428602,2,1,5.4,5.4
84432612,4,3,59.7,19.9
84455820,120,82,851.0,10.3780487804878
84471496,25,17,1714.0,100.823529411765
84487058,3,1,27.0,27.0
84507921,1,1,3.1,3.1
84513749,51,16,446.7,27.91875
84514126,5,1,10.0,10.0
84555487,1,1,2.1,2.1
84560845,3,1,13.0,13.0
84585204,16,10,47.7,4.77
84610577,4,1,13.3,13.3
84659295,2,2,6.1,3.05
84668956,1,1,2.4,2.4
84686973,3,1,1.1,1.1
84703874,1,1,120.0,120.0
84706664,1,1,4.9,4.9
84738098,1,1,12.0,12.0
84824859,3,1,845.0,845.0
84853093,1,1,10.4,10.4
84863268,3,2,6.1,3.05
84883272,28,22,130.3,5.92272727272727
84884010,2,2,31.8,15.9
84908294,6,4,119.4,29.85
84925352,30,13,282.4,21.7230769230769
84948626,1,0,0,0
85009082,1,1,0.6,0.6
85018813,1,1,0.3,0.3
85041261,1,1,30.0,30.0
85045079,1,1,18.6,18.6
85046830,22,13,703.2,54.0923076923077
85134273,1,1,8.9,8.9
85136214,1,1,357.0,357.0
85160742,1,1,8.3,8.3
85210874,43,19,919.1,48.3736842105263
85256089,3,3,1683.0,561.0
85298989,1,1,16.8,16.8
85333773,1,1,65.0,65.0
85342296,1,1,93.0,93.0
85358812,1,1,3.5,3.5
85366890,88,32,750.7,23.459375
85395339,2,1,0.1,0.1
85426082,6,4,5.0,1.25
85458882,61,22,2278.8,103.581818181818
85497862,85,67,1211.9,18.0880597014925
85518568,6,4,30.5,7.625
85526871,1,1,15.5,15.5
85546706,1,1,0.8,0.8
85547059,1,1,2.3,2.3
85614332,1,1,52.0,52.0
85625611,1,0,0,0
85643975,8,8,508.8,63.6
85673716,25,17,1137.7,66.9235294117647
85714521,14,14,1756.3,125.45
85736530,1,0,0,0
85759872,13,8,153.1,19.1375
85802472,2,2,323.7,161.85
85853924,1,1,1.4,1.4
85862313,1,1,0.6,0.6
85935348,9,7,69.4,9.91428571428571
85959768,26,22,575.4,26.1545454545455
85968997,1,1,24.0,24.0
86016715,6,6,116.7,19.45
86041729,125,62,1486.4,23.9741935483871
86054951,2,1,1.1,1.1
86055705,249,146,1933.9,13.2458904109589
86073747,1,1,51.0,51.0
86150792,5,3,2.7,0.9
86168617,5,5,92.9,18.58
86182317,35,25,1368.9,54.756
86187882,1,1,330.0,330.0
86189832,1,1,41.0,41.0
86202400,1,1,12.8,12.8
86239250,1,1,2.7,2.7
86245871,1,1,18.2,18.2
86256882,51,21,6312.7,300.604761904762
86287245,21,12,194.4,16.2
86310154,1,1,51.0,51.0
86332470,8,8,360.0,45.0
86338111,38,31,1568.0,50.5806451612903
86355338,2,2,65.3,32.65
86374423,1,1,10.8,10.8
86433707,20,14,159.3,11.3785714285714
86448907,3,1,0.2,0.2
86466985,12,9,2485.5,276.166666666667
86469479,480,168,1227.2,7.30476190476191
86476768,11,3,37.1,12.3666666666667
86481908,102,63,2017.2,32.0190476190476
86499586,28,23,278.4,12.104347826087
86502662,6,4,23.4,5.85
86611736,1,1,53.0,53.0
86612326,5,2,569.0,284.5
86620865,1,1,63.0,63.0
86623169,2,2,23.7,11.85
86635197,1,1,2.6,2.6
86686260,4,4,14.9,3.725
86689730,3,2,8.7,4.35
86732465,17,8,3345.9,418.2375
86733992,41,37,743.1,20.0837837837838
86738111,2,1,1.9,1.9
86738567,25,20,1027.4,51.37
86779448,4,4,1843.8,460.95
86779877,2,2,18.7,9.35
86828660,1,0,0,0
86831093,1,1,2.0,2.0
86866292,7,5,1623.0,324.6
86898348,4,1,2.8,2.8
86912006,348,35,3960.1,113.145714285714
86915561,1,1,17.6,17.6
86943254,2,2,4.5,2.25
86978692,1,1,34.0,34.0
86997363,2,2,1.2,0.6
87000540,1,1,35.0,35.0
87040683,49,39,3570.6,91.5538461538462
87059822,3,2,75.2,37.6
87071236,63,43,3180.6,73.9674418604651
87147007,1,1,335.0,335.0
87162199,8,6,17.3,2.88333333333333
87185898,1,1,5.3,5.3
87201181,50,33,5792.4,175.527272727273
87223060,1,1,61.0,61.0
87273930,8,6,58.8,9.8
87341384,90,57,1494.7,26.2228070175439
87403553,1,1,43.0,43.0
87424218,7,2,75.0,37.5
87445402,6,5,136.2,27.24
87548320,6,2,4.7,2.35
87601770,15,11,90.1,8.19090909090909
87601937,6,5,29.1,5.82
87622319,1,1,0.5,0.5
87646732,1,1,29.0,29.0
87686595,1,1,107.0,107.0
87694960,251,43,349.3,8.12325581395349
87725878,1,1,0.2,0.2
87734805,251,84,525.8,6.25952380952381
87740541,7,3,34.2,11.4
87740709,22,11,3680.4,334.581818181818
87753149,6,4,50.7,12.675
87821312,4,2,1162.8,581.4
87832209,40,30,667.2,22.24
87879009,4,4,546.4,136.6
87886634,3,0,0,0
87907200,41,20,169.5,8.475
87909217,1,1,3.4,3.4
87926559,1,1,42.0,42.0
87938922,6,2,2.7,1.35
87947085,1,0,0,0
88022225,3,3,78.2,26.0666666666667
88035166,162,78,2094.0,26.8461538461538
88095884,3,3,1591.8,530.6
88100014,1,1,17.2,17.2
88116642,3,1,0.5,0.5
88139607,1,1,151.0,151.0
88152309,13,8,926.5,115.8125
88173801,32,3,2.7,0.9
88199811,24,15,374.3,24.9533333333333
88220400,1,1,0.6,0.6
88246304,1,1,0.6,0.6
88248085,7,5,10.8,2.16
88271258,5,5,1203.2,240.64
88290913,4,4,4043.4,1010.85
88296152,16,5,10.5,2.1
88344296,30,22,108.4,4.92727272727273
88352678,11,6,12.4,2.06666666666667
88393171,1,1,9.2,9.2
88410966,16,13,110.7,8.51538461538462
88463863,1,1,3.9,3.9
88472012,1,1,2.2,2.2
88492781,1,1,1.7,1.7
88493668,4,4,139.0,34.75
88524965,1,1,626.0,626.0
88525821,129,82,1988.5,24.25
88544184,3,3,61.1,20.3666666666667
88579585,250,25,1093.1,43.724
88580612,2,2,2.6,1.3
88585138,2,2,4.6,2.3
88587483,1,0,0,0
88603472,16,11,33.8,3.07272727272727
88612445,1,1,114.0,114.0
88626156,2,0,0,0
88659639,18,9,804.8,89.4222222222222
88661387,1,1,88.0,88.0
88705345,19,13,184.5,14.1923076923077
88715858,1,0,0,0
88735140,1,1,2.2,2.2
88759352,4,2,1.9,0.95
88762385,1,1,3.4,3.4
88770649,2,0,0,0
88775181,54,42,1429.3,34.0309523809524
88813210,2,2,73.9,36.95
88883891,33,21,284.1,13.5285714285714
88919723,1,1,26.0,26.0
88921433,10,6,586.9,97.8166666666667
88937470,5,4,799.8,199.95
89005236,26,10,2270.2,227.02
89012535,2,2,38.1,19.05
89106156,3,2,223.0,111.5
89161051,1,1,317.0,317.0
89202773,1,1,2.2,2.2
89211039,1,1,0.7,0.7
89226643,10,3,173.0,57.6666666666667
89229462,2,1,8.9,8.9
89245804,2,0,0,0
89255174,1,1,8.4,8.4
89262373,1,1,41.0,41.0
89270735,1,1,3.0,3.0
89286594,10,5,95.6,19.12
89360306,1,0,0,0
89410140,1,1,3.1,3.1
89422440,1,1,2.9,2.9
89450291,1,1,0.1,0.1
89479298,5,5,37.4,7.48
89488150,1,1,22.0,22.0
89508629,1,1,231.0,231.0
89523414,72,53,500.6,9.44528301886793
89524281,1,1,17.3,17.3
89527544,1,1,0.3,0.3
89531096,2,2,29.8,14.9
89539775,2,0,0,0
89555434,3,3,103.4,34.4666666666667
89559973,3,2,216.0,108.0
89564754,3,2,54.0,27.0
89618826,1,1,0.9,0.9
89623082,1,1,54.0,54.0
89648327,2,1,1.0,1.0
89648859,1,1,0.5,0.5
89691468,38,19,305.5,16.0789473684211
89732768,31,19,992.3,52.2263157894737
89752173,4,3,16.5,5.5
89803146,3,2,2.1,1.05
89832342,3,3,399.0,133.0
89856899,1,1,14.2,14.2
89867101,4,1,632.0,632.0
89946150,2,2,306.0,153.0
89988424,1,0,0,0
90033155,34,26,729.0,28.0384615384615
90037349,6,6,30.5,5.08333333333333
90104676,13,9,212.8,23.6444444444444
90117736,5,5,2098.1,419.62
90153776,1,1,210.0,210.0
90154516,2,1,5.7,5.7
90154893,2,2,19.1,9.55
90169163,1,1,245.0,245.0
90195299,1,1,1.6,1.6
90261045,1,1,0.3,0.3
90265311,2,1,0.7,0.7
90272527,139,84,2178.8,25.9380952380952
90277291,1,1,0.6,0.6
90302081,5,4,115.6,28.9
90304490,3,2,44.0,22.0
90359362,1,1,1.1,1.1
90362252,1,1,3.5,3.5
90532259,4,4,692.0,173.0
90534290,1,1,3.1,3.1
90541290,14,14,711.7,50.8357142857143
90571509,5,3,101.3,33.7666666666667
90595186,4,2,8.2,4.1
90626360,2,2,1.2,0.6
90650405,1,1,179.0,179.0
90672622,10,7,2201.4,314.485714285714
90685977,2,2,241.0,120.5
90711776,27,13,180.0,13.8461538461538
90726321,3,3,92.9,30.9666666666667
90735121,2,0,0,0
90786657,4,4,2294.0,573.5
90790453,1,1,0.1,0.1
90809240,3,3,37.3,12.4333333333333
90815028,3,2,4.5,2.25
90851951,1,1,0.2,0.2
90857581,4,1,1134.0,1134.0
90866995,1,1,27.0,27.0
90878103,3,3,530.6,176.866666666667
90884508,3,3,39.6,13.2
90944420,1,1,1.4,1.4
90956570,4,4,15.3,3.825
90962335,1,1,19.7,19.7
90963310,1,1,2.0,2.0
91020997,3,2,100.4,50.2
91027316,1,1,28.0,28.0
91035793,1,1,13.5,13.5
91040629,1,0,0,0
91085389,6,3,12.8,4.26666666666667
91125135,1,1,14.2,14.2
91250489,1,1,4.2,4.2
91293844,37,19,170.3,8.96315789473684
91303257,6,3,1087.8,362.6
91405713,1,1,126.0,126.0
91467286,2,2,3.0,1.5
91479671,3,2,3.7,1.85
91486768,2,2,56.1,28.05
91549286,1,1,251.0,251.0
91567150,1,1,37.0,37.0
91597624,2,1,1.3,1.3
91627755,12,6,52.5,8.75
91687359,6,4,1156.4,289.1
91690667,108,37,1669.7,45.127027027027
91716452,1,1,11.3,11.3
91729217,21,17,1353.5,79.6176470588235
91736333,6,2,26.6,13.3
91784246,1,1,89.0,89.0
91800733,8,8,115.1,14.3875
91807066,44,28,1716.4,61.3
91815420,2,2,24.4,12.2
91828380,5,5,69.9,13.98
91859894,75,63,2248.2,35.6857142857143
91863842,1,1,45.0,45.0
91871147,7,6,97.2,16.2
91881892,5,3,371.6,123.866666666667
91883012,11,7,395.3,56.4714285714286
91895208,2,2,2502.0,1251.0
91900241,3,3,35.3,11.7666666666667
91912195,4,2,164.0,82.0
91952768,5,4,282.5,70.625
92010366,4,1,52.0,52.0
92024359,1,1,12.6,12.6
92025878,13,8,363.6,45.45
92030685,1,1,14.3,14.3
92044753,1,1,40.0,40.0
92091548,1,1,6.8,6.8
92102177,1,1,1.6,1.6
92103372,3,2,1069.9,534.95
92107940,11,9,300.6,33.4
92123735,3,2,17.0,8.5
92173524,3,3,1.7,0.566666666666667
92250668,3,3,29.0,9.66666666666667
92276000,35,23,1166.5,50.7173913043478
92294160,3,3,4.8,1.6
92297975,2,2,1.8,0.9
92299170,1,1,0.4,0.4
92314533,1,1,0.1,0.1
92322563,1,1,60.0,60.0
92342574,2,2,1.1,0.55
92390715,2,1,816.0,816.0
92393218,104,59,2986.6,50.6203389830508
92412666,2,1,90.0,90.0
92420207,2,2,38.8,19.4
92429863,1,1,3.9,3.9
92436417,29,15,731.0,48.7333333333333
92482012,7,7,186.3,26.6142857142857
92484390,20,16,231.0,14.4375
92501792,1,1,36.0,36.0
92503355,41,18,107.7,5.98333333333333
92542467,3,1,40.0,40.0
92593907,151,82,4855.2,59.209756097561
92595907,23,17,214.5,12.6176470588235
92600849,8,5,382.9,76.58
92612763,88,39,2702.6,69.2974358974359
92639430,2,1,1111.0,1111.0
92651253,2,2,816.0,408.0
92663477,66,46,314.7,6.84130434782609
92669869,3,2,26.4,13.2
92788681,2,2,14.0,7.0
92842632,4,3,50.7,16.9
92842809,2,2,5.9,2.95
92843672,4,3,175.4,58.4666666666667
92901130,2,2,2470.0,1235.0
92904111,5,5,23.5,4.7
92914917,238,108,4483.9,41.5175925925926
92929791,6,1,30.0,30.0
92940732,10,5,2130.6,426.12
92958887,37,21,128.3,6.10952380952381
92965596,10,5,11.6,2.32
93021129,1,1,127.0,127.0
93030550,15,13,290.7,22.3615384615385
93034535,2,2,33.1,16.55
93054621,3,2,193.0,96.5
93085014,6,4,101.0,25.25
93108463,7,7,28.9,4.12857142857143
93126933,5,3,247.4,82.4666666666667
93189271,19,16,1878.0,117.375
93197620,1,1,1.7,1.7
93203004,1,1,8.3,8.3
93209414,1,1,0.5,0.5
93212858,5,3,25.6,8.53333333333333
93221431,1,1,3.6,3.6
93259090,10,7,101.6,14.5142857142857
93263468,1,1,0.9,0.9
93269664,1,1,12.3,12.3
93275329,114,68,1189.7,17.4955882352941
93290614,2,1,1760.0,1760.0
93300963,48,10,867.5,86.75
93301496,1,1,175.0,175.0
93313267,2,2,6.2,3.1
93326304,1,1,62.0,62.0
93341815,43,17,184.9,10.8764705882353
93345965,2,2,239.0,119.5
93350571,1,1,28.0,28.0
93405380,1,1,0.6,0.6
93413084,34,21,2070.6,98.6
93454114,1,0,0,0
93458820,1,1,5.0,5.0
93478035,11,7,1651.9,235.985714285714
93514355,2,2,9.2,4.6
93575977,1,1,4.4,4.4
93578126,2,2,1648.6,824.3
93644606,54,50,681.6,13.632
93669877,4,4,17.7,4.425
93697357,1,1,15.4,15.4
93724705,5,5,188.1,37.62
93745851,2,0,0,0
93774169,1,0,0,0
93812486,4,3,634.5,211.5
93882483,18,14,693.7,49.55
93907820,1,1,358.0,358.0
93950791,1,1,5720.0,5720.0
93963263,2,1,7.2,7.2
94019469,14,10,554.3,55.43
94086389,2,2,412.0,206.0
94088853,35,27,920.4,34.0888888888889
94110492,72,45,959.3,21.3177777777778
94120095,18,7,1133.3,161.9
94142618,3,3,9.5,3.16666666666667
94145419,2,2,13.9,6.95
94152935,1,1,6.4,6.4
94156206,1,0,0,0
94161846,24,11,871.8,79.2545454545455
94186745,1,1,78.0,78.0
94195027,20,16,750.9,46.93125
94229851,10,8,230.1,28.7625
94231294,4,1,91.0,91.0
94234855,7,3,181.0,60.3333333333333
94239910,1,1,8.4,8.4
94250834,1,1,0.4,0.4
94269421,89,59,921.8,15.6237288135593
94272610,2,1,32.0,32.0
94297466,3,2,574.0,287.0
94299484,38,34,692.4,20.3647058823529
94334982,1,1,1.3,1.3
94335638,4,1,149.0,149.0
94356420,2,1,10.7,10.7
94379559,4,3,61.1,20.3666666666667
94396146,1,1,24.0,24.0
94422408,1,1,36.0,36.0
94428876,9,7,63.1,9.01428571428571
94429644,4,0,0,0
94510414,12,5,631.9,126.38
94521606,22,16,88.1,5.50625
94526239,2,2,1.9,0.95
94607216,1,1,0.8,0.8
94610298,1,1,247.0,247.0
94670160,13,11,1243.5,113.045454545455
94675519,1,1,0.3,0.3
94689795,4,3,59.1,19.7
94690173,5,2,3.6,1.8
94690589,4,1,1.3,1.3
94698408,2,2,7.0,3.5
94708312,5,4,41.1,10.275
94712912,4,3,225.9,75.3
94751685,1,0,0,0
94778390,1,0,0,0
94819329,1,1,341.0,341.0
94842963,2,0,0,0
94851051,24,15,1377.3,91.82
94858657,1,1,0.5,0.5
94862562,1,1,7.0,7.0
94865453,2,0,0,0
94908699,7,5,374.0,74.8
94931090,2,0,0,0
94936385,104,61,3443.9,56.4573770491803
94961328,1,0,0,0
94962660,1,1,1.7,1.7
94965694,2,0,0,0
94982344,2,0,0,0
94994519,1,1,0.5,0.5
95018199,1,1,2.2,2.2
95026679,2,2,332.0,166.0
95028545,2,2,193.4,96.7
95037089,17,10,428.2,42.82
95044091,7,6,76.0,12.6666666666667
95059220,10,10,614.5,61.45
95071167,1,1,0.3,0.3
95084569,27,20,159.3,7.965
95103912,1,0,0,0
95132622,9,3,6.6,2.2
95137775,12,12,139.2,11.6
95177433,1,1,0.3,0.3
95181268,49,33,410.1,12.4272727272727
95203343,2,1,1.5,1.5
95221376,1,1,206.0,206.0
95273667,2,2,12.3,6.15
95279056,17,13,121.7,9.36153846153846
95316727,1,0,0,0
95325409,22,12,75.1,6.25833333333333
95347493,2,2,32.4,16.2
95362226,3,2,680.7,340.35
95363375,1,1,92.0,92.0
95369808,1,1,56.0,56.0
95380196,9,4,105.5,26.375
95440541,5,4,384.7,96.175
95445569,1,0,0,0
95460323,1,1,48.0,48.0
95461199,3,2,893.3,446.65
95472968,1,1,118.0,118.0
95519970,1,1,0.9,0.9
95531306,26,16,474.6,29.6625
95542056,1,1,19.3,19.3
95545167,1,1,189.0,189.0
95562622,1,1,115.0,115.0
95586525,2,2,152.0,76.0
95647760,1,1,0.1,0.1
95695156,17,14,53.5,3.82142857142857
95699780,72,51,828.8,16.2509803921569
95747088,2,2,2.8,1.4
95758079,2,1,5866.0,5866.0
95761491,3,1,8.8,8.8
95780749,34,15,49.7,3.31333333333333
95817961,1,1,1.2,1.2
95819457,1,1,5.5,5.5
95853467,13,9,1216.5,135.166666666667
95854541,1,0,0,0
95898619,11,7,672.7,96.1
95911580,20,13,719.3,55.3307692307692
95918472,1,1,1.6,1.6
95924900,5,0,0,0
95930936,5,5,41.0,8.2
95996939,17,7,560.9,80.1285714285714
96001430,8,1,207.0,207.0
96014467,39,29,2727.6,94.0551724137931
96024806,2,2,128.0,64.0
96030847,2,2,44.0,22.0
96057546,2,2,64.6,32.3
96079217,1,1,69.0,69.0
96086538,1,1,3.2,3.2
96095486,1,1,105.0,105.0
96144791,2,2,5.4,2.7
96149161,3,3,390.1,130.033333333333
96157153,2,1,20.0,20.0
96167505,9,8,1257.3,157.1625
96204317,15,11,305.5,27.7727272727273
96219642,2,2,213.4,106.7
96221495,1,1,10.9,10.9
96232797,1,1,4.3,4.3
96233348,1,1,0.3,0.3
96249915,19,16,170.8,10.675
96269099,3,3,855.2,285.066666666667
96282673,45,23,445.1,19.3521739130435
96355913,1,1,1.7,1.7
96365222,2,1,0.3,0.3
96400571,91,76,3149.9,41.446052631579
96405427,1,1,0.8,0.8
96435667,1,1,2.8,2.8
96439660,1,1,38.0,38.0
96440794,2,2,17.9,8.95
96504332,5,4,561.8,140.45
96515834,2,1,18.9,18.9
96520565,2,1,6.5,6.5
96536935,2,2,2.5,1.25
96556535,25,15,2620.0,174.666666666667
96577636,1,1,0.4,0.4
96588736,99,59,595.8,10.0983050847458
96607408,3,3,12.3,4.1
96634230,1,1,10.6,10.6
96648859,1,1,28.0,28.0
96674283,1,1,0.4,0.4
96674526,2,2,15.8,7.9
96694736,1,1,0.3,0.3
96696864,11,9,1108.7,123.188888888889
96723015,1,1,1.7,1.7
96741968,1,1,4.4,4.4
96771844,4,3,56.8,18.9333333333333
96781711,2,2,26.2,13.1
96784845,1,1,9.6,9.6
96795319,1,1,3.6,3.6
96836693,13,5,14.0,2.8
96902425,8,5,125.2,25.04
96904911,1,1,13.0,13.0
96914675,33,24,474.0,19.75
96963765,10,1,1145.0,1145.0
96977722,2,2,17.9,8.95
97006419,1,1,1.0,1.0
97017439,6,1,104.0,104.0
97069030,13,12,2164.2,180.35
97234778,1,0,0,0
97238489,1,1,24.0,24.0
97250159,1,1,316.0,316.0
97291615,1,1,506.0,506.0
97298878,67,24,220.6,9.19166666666667
97303314,5,3,662.9,220.966666666667
97366087,1,1,2.4,2.4
97473168,2,2,7.5,3.75
97474440,10,4,71.1,17.775
97475059,3,0,0,0
97551807,2,2,1.9,0.95
97564287,1,0,0,0
97571329,1,1,41.0,41.0
97578013,1,1,92.0,92.0
97597061,1,1,6.8,6.8
97604502,5,3,741.8,247.266666666667
97614578,41,32,2163.6,67.6125
97620507,1,1,0.2,0.2
97622055,8,4,301.6,75.4
97626507,1,0,0,0
97634356,14,8,237.4,29.675
97659219,6,3,364.8,121.6
97667936,11,8,41.3,5.1625
97686700,1,1,43.0,43.0
97743306,2,2,222.7,111.35
97782908,22,15,295.7,19.7133333333333
97818502,15,8,89.6,11.2
97843739,12,10,249.7,24.97
97883175,3,3,66.3,22.1
97886833,1,1,4.3,4.3
97913360,1,0,0,0
97951693,1,1,46.0,46.0
98088157,1,1,4.3,4.3
98102518,1,1,2.7,2.7
98152188,1,1,643.0,643.0
98194674,1,0,0,0
98200791,1,1,107.0,107.0
98221974,1,1,28.0,28.0
98237090,3,3,109.2,36.4
98244166,1,1,0.3,0.3
98265922,10,7,64.2,9.17142857142857
98269934,1,1,12.4,12.4
98278869,1,1,43.0,43.0
98308239,3,2,5144.1,2572.05
98312003,33,10,824.4,82.44
98314911,1,1,0.6,0.6
98361644,1,1,0.2,0.2
98380332,1,1,4.5,4.5
98435340,2,2,40.9,20.45
98463542,6,5,424.9,84.98
98479901,2,2,337.9,168.95
98561727,29,21,86.6,4.12380952380952
98624880,8,1,1.5,1.5
98624963,23,19,1986.6,104.557894736842
98625085,1,1,2.3,2.3
98649241,47,27,2025.6,75.0222222222222
98653215,1,1,3.3,3.3
98663937,1,1,0.8,0.8
98686446,3,3,328.4,109.466666666667
98789695,1,0,0,0
98796965,1,1,0.1,0.1
98805508,1,1,344.0,344.0
98818460,3,2,743.0,371.5
98839983,1,1,3672.0,3672.0
98848653,81,56,1377.9,24.6053571428571
98882747,5,2,177.0,88.5
98928829,8,7,107.2,15.3142857142857
98951804,1,1,9.5,9.5
99017037,3,3,278.0,92.6666666666667
99074324,1,1,1996.0,1996.0
99077905,177,107,6838.4,63.9102803738318
99083518,25,15,841.9,56.1266666666667
99096740,28,24,2447.8,101.991666666667
99110207,10,5,62.7,12.54
99129765,3,3,107.7,35.9
99133844,15,10,668.3,66.83
99157622,1,1,1.3,1.3
99162218,1,0,0,0
99171164,13,10,481.1,48.11
99189757,2,1,1085.0,1085.0
99200665,2,2,273.1,136.55
99202472,1,0,0,0
99216273,2,1,3.1,3.1
99244433,5,5,1332.2,266.44
99255590,18,8,3043.4,380.425
99264709,167,118,2575.0,21.8220338983051
99285372,1,1,0.5,0.5
99303066,4,1,0.9,0.9
99304780,1,1,0.5,0.5
99329811,1,1,0.4,0.4
99355046,3,3,1141.2,380.4
99372794,4,0,0,0
99374297,46,21,432.5,20.5952380952381
99384490,2,2,6.0,3.0
99475738,1,1,3.1,3.1
99484728,5,4,91.0,22.75
99499409,1,1,0.7,0.7
99500959,1,1,1.1,1.1
99520124,1,1,0.2,0.2
99575517,3,3,7.8,2.6
99609673,1,1,1.0,1.0
99613502,2,2,80.0,40.0
99616757,46,7,11.5,1.64285714285714
99640715,2,2,489.3,244.65
99659706,1,1,0.4,0.4
99701966,3,2,282.4,141.2
99704390,17,13,634.3,48.7923076923077
99711581,11,10,58.2,5.82
99713453,19,12,155.6,12.9666666666667
99723205,29,21,240.2,11.4380952380952
99766416,5,4,32.5,8.125
99802512,4,2,29.9,14.95
99812428,1,1,1.5,1.5
99906508,2,2,23.7,11.85
99940330,1,1,24.0,24.0
99961115,5,1,0.2,0.2
99992274,1,1,6.3,6.3
100012061,1,1,0.7,0.7
100053304,7,6,36.6,6.1
100057229,5,4,43.3,10.825
100070732,7,4,283.0,70.75
100096071,38,21,706.2,33.6285714285714
100168166,1,1,10.7,10.7
100208126,1,1,21.0,21.0
100267049,1,1,15.2,15.2
100311267,95,58,260.9,4.49827586206897
100322840,2,2,366.6,183.3
100351493,30,23,174.5,7.58695652173913
100353577,1,1,57.0,57.0
100359523,7,6,294.3,49.05
100412579,1,1,2.2,2.2
100431715,14,8,28.4,3.55
100444456,6,6,64.2,10.7
100478352,1,1,37.0,37.0
100519466,54,34,3584.3,105.420588235294
100607499,2,1,2.4,2.4
100616360,1,1,1.7,1.7
100630947,10,6,10853.2,1808.86666666667
100642975,5,0,0,0
100719181,59,22,557.3,25.3318181818182
100728962,1,1,73.0,73.0
100741663,29,14,72.1,5.15
100767560,1,1,11.6,11.6
100769089,17,16,257.1,16.06875
100813586,2,1,2.4,2.4
100818860,12,8,47.5,5.9375
100833937,5,5,143.4,28.68
100894366,88,26,983.1,37.8115384615385
100895530,1,1,0.2,0.2
100916842,6,3,131.0,43.6666666666667
100942835,1,1,1412.0,1412.0
100944287,1,1,0.3,0.3
100993239,30,16,264.5,16.53125
101000574,20,17,400.4,23.5529411764706
101022115,1,1,53.0,53.0
101030173,1,1,4.1,4.1
101040836,1,0,0,0
101122584,1,1,2.1,2.1
101138714,1,1,0.7,0.7
101142088,51,20,835.6,41.78
101212067,19,12,1273.3,106.108333333333
101240143,1,1,0.6,0.6
101248210,2,2,797.9,398.95
101304417,1,1,13.7,13.7
101315169,1,1,3.7,3.7
101339059,61,30,4496.4,149.88
101355301,1,1,0.9,0.9
101369449,3,3,406.9,135.633333333333
101395260,2,2,236.0,118.0
101399037,1,0,0,0
101414179,1,1,5982.0,5982.0
101447015,2,2,1486.0,743.0
101487265,3,3,2695.8,898.6
101507558,3,2,251.0,125.5
101508611,2,2,0.6,0.3
101529420,12,11,278.8,25.3454545454545
101530848,36,31,963.2,31.0709677419355
101552080,3,3,241.4,80.4666666666667
101596530,87,77,5232.8,67.9584415584416
101597552,2,1,34.0,34.0
101602586,68,30,1457.0,48.5666666666667
101638181,1,1,4.0,4.0
101641872,1,1,1.2,1.2
101655571,1,1,1.4,1.4
101656933,11,10,598.6,59.86
101687527,80,65,1865.1,28.6938461538462
101690993,172,76,1719.3,22.6223684210526
101695880,88,61,2463.8,40.3901639344262
101719689,6,1,49.0,49.0
101725007,31,24,850.7,35.4458333333333
101731521,7,4,15.9,3.975
101756948,1,1,7.7,7.7
101774264,1,1,6.9,6.9
101777615,1,1,0.7,0.7
101777863,1,1,37.0,37.0
101803777,20,2,1224.3,612.15
101809411,1,1,0.8,0.8
101826973,1,1,89.0,89.0
101827664,2,1,0.3,0.3
101865671,3,0,0,0
101878879,106,25,1063.9,42.556
101892097,1,1,0.9,0.9
101897182,2,2,47.8,23.9
101902528,1,1,0.8,0.8
102016550,33,24,390.1,16.2541666666667
102048000,1,1,9.9,9.9
102066849,1,1,48.0,48.0
102111851,15,10,2383.5,238.35
102154135,3,2,66.0,33.0
102175618,1,1,0.4,0.4
102219798,1,1,0.5,0.5
102244595,1,1,3.1,3.1
102254281,1,1,6.7,6.7
102257546,1,0,0,0
102263723,49,38,2391.2,62.9263157894737
102268574,24,11,480.3,43.6636363636364
102270213,18,15,244.8,16.32
102295765,42,25,1748.7,69.948
102322335,1,1,149.0,149.0
102327684,1,1,1.4,1.4
102343357,1,1,3.2,3.2
102348964,2,1,0.1,0.1
102376253,1,1,4785.0,4785.0
102454403,13,4,304.7,76.175
102465357,2,2,39.7,19.85
102494404,1,0,0,0
102539470,3,3,59.2,19.7333333333333
102540721,1,1,4.2,4.2
102543268,1,1,12.8,12.8
102552233,27,15,196.1,13.0733333333333
102606653,1,1,679.0,679.0
102623516,2,1,2.1,2.1
102687513,17,2,592.0,296.0
102740003,1,1,45.0,45.0
102796492,1,1,3.8,3.8
102799966,1,1,0.6,0.6
102825821,136,79,1173.5,14.8544303797468
102831764,2,2,401.6,200.8
102834895,1,1,1.8,1.8
102836023,2,2,860.6,430.3
102838001,1,1,28.0,28.0
102866858,1,1,36.0,36.0
102921672,47,16,93.8,5.8625
102927775,20,18,377.0,20.9444444444444
102949215,1,1,19.1,19.1
102950472,3,3,104.0,34.6666666666667
102971783,1,1,737.0,737.0
102988032,1,1,8.4,8.4
103012052,1,1,1.0,1.0
103034870,1,1,0.4,0.4
103093060,1,1,1164.0,1164.0
103093573,4,4,721.2,180.3
103171339,1,1,4.3,4.3
103235293,1,1,30.0,30.0
103260848,62,58,5419.3,93.4362068965517
103326015,1,1,18.5,18.5
103363050,1,1,32.0,32.0
103371488,88,22,1162.4,52.8363636363636
103373255,1,1,31.0,31.0
103411746,6,6,17.5,2.91666666666667
103445207,47,36,3460.7,96.1305555555555
103520209,1,1,9.4,9.4
103523221,1,1,13.0,13.0
103559489,2,1,0.2,0.2
103563010,13,12,3491.4,290.95
103574570,3,2,31.1,15.55
103604903,1,1,0.3,0.3
103620349,2,2,7.5,3.75
103624897,24,20,746.3,37.315
103631407,15,5,26.0,5.2
103638409,81,61,1369.6,22.4524590163934
103649913,7,2,8.5,4.25
103669953,3,3,6.3,2.1
103690917,16,3,26.3,8.76666666666667
103691417,1,1,40.0,40.0
103705957,1,1,3.2,3.2
103729596,1,1,240.0,240.0
103731895,79,60,1602.1,26.7016666666667
103774615,4,4,135.8,33.95
103804924,19,10,3772.5,377.25
103805799,1,1,0.2,0.2
103840115,1,1,0.2,0.2
103848468,20,8,16.8,2.1
103890656,6,1,706.0,706.0
103908321,1,1,1.1,1.1
103911620,12,11,617.5,56.1363636363636
103943711,1,1,4.9,4.9
103963922,1,1,0.4,0.4
103966604,1,1,17.4,17.4
103973922,2,2,306.5,153.25
103984034,2,2,116.0,58.0
104011576,1,1,1.0,1.0
104032602,5,5,88.7,17.74
104038561,2,2,135.0,67.5
104055167,11,11,1956.1,177.827272727273
104077418,1,1,2.2,2.2
104109817,6,2,316.0,158.0
104120883,28,23,466.5,20.2826086956522
104132805,2,2,1019.3,509.65
104151931,1,1,181.0,181.0
104159428,20,18,234.4,13.0222222222222
104192353,5,2,100.4,50.2
104198014,2,2,12.0,6.0
104198851,1,1,36.0,36.0
104235320,1,1,4.7,4.7
104265574,2,0,0,0
104321718,5,2,868.2,434.1
104358836,1,1,30.0,30.0
104380136,3,1,0.2,0.2
104407519,1,1,21.0,21.0
104408704,6,2,159.8,79.9
104418822,1,1,514.0,514.0
104418870,3,3,38.1,12.7
104470331,1,1,2.2,2.2
104543500,3,1,271.0,271.0
104587115,1,1,18.8,18.8
104635003,5,2,1057.0,528.5
104704406,1,1,9.6,9.6
104707698,3,2,31.2,15.6
104709012,4,1,12.3,12.3
104721942,12,7,2793.0,399.0
104727643,44,35,875.5,25.0142857142857
104800393,1,1,45.0,45.0
104802064,3,3,39.7,13.2333333333333
104826174,1,1,1.7,1.7
104830836,24,18,1059.3,58.85
104870123,62,34,1460.2,42.9470588235294
104900462,1,1,110.0,110.0
104912720,1,1,806.0,806.0
105022811,2,2,63.6,31.8
105024602,3,3,15.5,5.16666666666667
105028982,4,4,290.8,72.7
105048330,1,1,1.0,1.0
105052833,1,1,16.5,16.5
105071117,4,1,1.6,1.6
105080654,1,1,15.7,15.7
105120044,1,1,551.0,551.0
105159791,16,14,263.9,18.85
105159839,6,1,1829.0,1829.0
105186824,2,2,3.7,1.85
105243827,81,51,1701.3,33.3588235294118
105261470,1,1,13.1,13.1
105274697,6,6,2489.5,414.916666666667
105277989,25,3,43.5,14.5
105289933,3,0,0,0
105361549,1,1,154.0,154.0
105384518,87,69,2075.9,30.0855072463768
105445346,31,15,213.1,14.2066666666667
105503045,150,109,1147.5,10.5275229357798
105507326,1,1,24.0,24.0
105511340,1,1,13.9,13.9
105517470,2,1,3.3,3.3
105585767,4,4,219.7,54.925
105586920,19,13,3909.8,300.753846153846
105590063,2,1,15.2,15.2
105632759,2,2,15.4,7.7
105644511,1,1,27.0,27.0
105685427,1,1,267.0,267.0
105720584,1,1,0.4,0.4
105725769,14,9,256.2,28.4666666666667
105736077,9,8,56.2,7.025
105741405,1,1,2.8,2.8
105782521,63,26,579.2,22.2769230769231
105788297,7,7,957.8,136.828571428571
105796956,1,1,88.0,88.0
105837235,1,1,2.0,2.0
105877396,95,56,1099.1,19.6267857142857
105885524,1,0,0,0
105934631,1,1,10.3,10.3
105938590,1,1,0.7,0.7
105949816,1,1,21.0,21.0
106004548,1,1,1247.0,1247.0
106014415,1,1,4.4,4.4
106028574,4,1,27.0,27.0
106042595,5,4,95.0,23.75
106054679,4,1,0.2,0.2
106057222,10,7,524.4,74.9142857142857
106066141,2,2,13.2,6.6
106099216,7,6,5739.8,956.633333333333
106101617,1,1,22.0,22.0
106132774,3,3,97.3,32.4333333333333
106147454,79,67,852.6,12.7253731343284
106147639,2,0,0,0
106170243,15,15,217.1,14.4733333333333
106216084,1,1,3.0,3.0
106235885,3,3,4.5,1.5
106238372,3,3,27.4,9.13333333333333
106247569,2,1,35.0,35.0
106259770,44,20,385.2,19.26
106268266,1,1,31.0,31.0
106278654,3,2,564.0,282.0
106333903,27,11,140.0,12.7272727272727
106340092,1,1,209.0,209.0
106346875,5,3,65.7,21.9
106387489,1,1,7.0,7.0
106426705,1,1,0.4,0.4
106433292,1,1,14.7,14.7
106454385,2,2,38.0,19.0
106472745,1,1,10.1,10.1
106578843,10,5,1528.5,305.7
106579434,1,1,148.0,148.0
106592046,8,6,1107.3,184.55
106682261,2,2,9.9,4.95
106746754,1,1,0.4,0.4
106760673,42,30,467.5,15.5833333333333
106796307,66,44,1971.3,44.8022727272727
106797321,1,1,1.7,1.7
106797670,1,1,2.0,2.0
106802395,1,0,0,0
106806146,37,22,52.1,2.36818181818182
106806354,1,1,59.0,59.0
106816274,5,4,54.5,13.625
106834867,47,18,1205.5,66.9722222222222
106859813,1,1,1.5,1.5
106901665,2,2,23.8,11.9
106925576,2,2,0.3,0.15
106956838,25,6,16.0,2.66666666666667
106966738,6,1,439.0,439.0
106980036,40,30,758.0,25.2666666666667
106986812,44,18,89.7,4.98333333333333
107028289,7,6,360.8,60.1333333333333
107049645,1,1,601.0,601.0
107097425,4,4,46.2,11.55
107107474,3,3,150.1,50.0333333333333
107123140,9,6,40.1,6.68333333333333
107124480,7,7,47.4,6.77142857142857
107124497,11,8,26.1,3.2625
107131506,11,10,70.0,7.0
107160281,1,1,17.5,17.5
107241585,1,1,11.9,11.9
107256941,1,1,78.0,78.0
107273897,20,8,1531.6,191.45
107285166,1,1,13.4,13.4
107307955,4,2,0.7,0.35
107324790,4,4,1457.0,364.25
107346769,4,3,19.0,6.33333333333333
107346948,1,1,77.0,77.0
107347684,1,1,208.0,208.0
107359794,1,1,2.2,2.2
107377573,68,47,2209.0,47.0
107383658,1,1,28.0,28.0
107417121,4,4,44.2,11.05
107452765,217,21,462.6,22.0285714285714
107475554,1,1,8.5,8.5
107476377,9,7,1340.1,191.442857142857
107488920,1,1,4.8,4.8
107554143,4,4,56.1,14.025
107567915,37,37,333.3,9.00810810810811
107574541,2,2,1596.7,798.35
107623882,5,4,465.1,116.275
107632182,5,5,305.7,61.14
107652130,1,1,0.1,0.1
107698030,1,1,2.2,2.2
107708102,1,1,9.8,9.8
107743243,46,31,1010.9,32.6096774193548
107769137,1,1,1.7,1.7
107818793,20,17,352.7,20.7470588235294
107841348,6,6,18.1,3.01666666666667
107876972,2,2,327.0,163.5
107886872,2,2,29.8,14.9
107902370,4,2,563.0,281.5
107913460,59,44,1376.4,31.2818181818182
107948398,5,3,316.0,105.333333333333
107950496,4,2,168.4,84.2
107951494,2,2,42.1,21.05
107967382,1,1,2.9,2.9
107977716,3,3,12.2,4.06666666666667
107984181,10,7,186.4,26.6285714285714
108007732,69,55,2220.0,40.3636363636364
108011380,1,1,13.5,13.5
108033629,2,2,116.3,58.15
108114779,24,20,1808.6,90.43
108160472,51,36,1133.1,31.475
108162562,1,1,0.1,0.1
108183518,9,1,251.0,251.0
108219790,2,2,35.2,17.6
108223505,16,6,150.6,25.1
108241539,1,1,0.8,0.8
108264287,70,47,825.0,17.5531914893617
108315158,2,1,3790.0,3790.0
108327674,1,1,18.5,18.5
108391103,1,1,0.2,0.2
108435168,3,0,0,0
108454875,12,10,427.9,42.79
108484523,3,2,236.5,118.25
108493237,1,1,0.5,0.5
108511499,2,1,14.8,14.8
108512521,6,3,44.2,14.7333333333333
108560573,7,6,83.8,13.9666666666667
108569990,5,4,7.2,1.8
108575170,7,4,29.8,7.45
108591170,1,1,1.4,1.4
108593099,2,2,36.3,18.15
108595389,24,15,47.3,3.15333333333333
108598510,1,1,7.3,7.3
108601099,1,1,293.0,293.0
108639015,12,9,410.6,45.6222222222222
108714391,4,2,12.4,6.2
108726847,7,0,0,0
108727716,1,1,3.4,3.4
108750879,15,15,1807.5,120.5
108755905,1,1,12.2,12.2
108758176,1,1,0.4,0.4
108771556,1,1,69.0,69.0
108771877,1,1,127.0,127.0
108872482,1,0,0,0
108877388,6,4,67.5,16.875
108878910,21,15,243.3,16.22
108887922,1,1,0.2,0.2
108943853,16,7,126.4,18.0571428571429
108950666,51,15,615.1,41.0066666666667
109165920,4,4,424.9,106.225
109173829,6,4,34.2,8.55
109175936,31,14,997.1,71.2214285714286
109201849,13,11,38.7,3.51818181818182
109205612,58,28,673.6,24.0571428571429
109207860,7,5,728.7,145.74
109271976,1,1,0.5,0.5
109278470,9,3,76.0,25.3333333333333
109323647,2,2,729.4,364.7
109328586,1,1,699.0,699.0
109338714,1,1,52.0,52.0
109373866,6,5,159.7,31.94
109393227,2,2,2889.0,1444.5
109446190,1,1,0.4,0.4
109446355,1,1,900.0,900.0
109458201,6,3,387.5,129.166666666667
109475164,1,1,1592.0,1592.0
109486584,2,2,10.1,5.05
109592594,11,4,769.7,192.425
109598076,7,4,57.0,14.25
109655092,1,1,31.0,31.0
109660238,1,1,1859.0,1859.0
109669093,11,9,472.3,52.4777777777778
109673465,1,1,6.2,6.2
109715095,27,2,54.4,27.2
109763455,1,1,1564.0,1564.0
109780632,12,10,49.4,4.94
109946857,1,1,13.5,13.5
109961633,2,2,1.3,0.65
109967112,6,4,46.5,11.625
109969285,1,1,0.9,0.9
109969767,1,1,0.2,0.2
110088484,3,1,3.7,3.7
110095045,4,3,37.4,12.4666666666667
110104315,1,1,2.6,2.6
110104967,16,8,34.5,4.3125
110107925,18,8,586.4,73.3
110121805,1,1,0.6,0.6
110150300,1,1,3.5,3.5
110160904,5,4,315.1,78.775
110174573,2,2,42.7,21.35
110194091,6,6,831.4,138.566666666667
110209964,1,1,0.5,0.5
110226344,5,4,485.9,121.475
110238251,5,5,192.6,38.52
110248234,6,4,258.6,64.65
110268154,2,2,80.0,40.0
110268888,1,1,0.2,0.2
110304379,8,4,41.0,10.25
110304598,1,1,0.8,0.8
110369840,43,32,2079.3,64.978125
110397537,5,4,116.1,29.025
110412872,6,5,24.8,4.96
110470534,8,7,1060.1,151.442857142857
110473936,1,0,0,0
110478090,5,3,228.5,76.1666666666667
110478743,41,32,696.1,21.753125
110480529,2,0,0,0
110489310,6,5,206.2,41.24
110546460,26,15,807.0,53.8
110546832,15,10,55.3,5.53
110650041,11,4,4.1,1.025
110658990,49,42,281.3,6.69761904761905
110708539,1,1,3.6,3.6
110761091,1,1,100.0,100.0
110776325,1,1,580.0,580.0
110814860,2,2,4.2,2.1
110824765,31,22,1123.8,51.0818181818182
110840027,1,1,0.2,0.2
110843185,3,3,97.0,32.3333333333333
110875215,1,1,12.8,12.8
110879737,2,1,0.1,0.1
110881546,43,22,1687.4,76.7
110881551,1,1,8.5,8.5
110895915,1,1,30.0,30.0
110899658,10,5,900.0,180.0
110903956,1,1,1.5,1.5
110906645,63,46,2131.3,46.3326086956522
110928152,1,1,9.2,9.2
110934550,1,1,11.2,11.2
110967402,1,1,1.9,1.9
110999033,1,1,8.0,8.0
111003065,16,12,1073.7,89.475
111003194,1,1,2.3,2.3
111003429,1,1,1.6,1.6
111044780,17,6,139.3,23.2166666666667
111091837,2,2,0.9,0.45
111097037,1,1,1.0,1.0
111130695,44,25,2169.4,86.776
111142411,1,1,104.0,104.0
111163130,37,24,816.0,34.0
111182405,28,16,1308.8,81.8
111190541,3,2,54.9,27.45
111202525,5,4,271.7,67.925
111212436,42,36,708.9,19.6916666666667
111313670,1,1,28.0,28.0
111316830,19,17,1492.0,87.7647058823529
111343998,1,1,1.1,1.1
111362598,45,18,5205.3,289.183333333333
111368209,1,1,0.8,0.8
111419019,2,2,0.6,0.3
111422562,21,18,1966.1,109.227777777778
111425056,1,1,1.1,1.1
111442295,52,18,2047.3,113.738888888889
111451741,1,1,366.0,366.0
111456195,2,1,64.0,64.0
111479516,1,1,865.0,865.0
111498455,18,12,193.8,16.15
111529766,7,3,188.3,62.7666666666667
111545169,1,0,0,0
111551727,58,45,3843.1,85.4022222222222
111575581,1,1,23.0,23.0
111688835,1,0,0,0
111728146,1,1,307.0,307.0
111754806,130,83,2563.6,30.8867469879518
111795034,7,3,594.8,198.266666666667
111804259,1,1,1.0,1.0
111820040,2,2,92.3,46.15
111953639,1,1,40.0,40.0
111970037,2,2,155.0,77.5
112084902,1,1,29.0,29.0
112085262,1,1,1.1,1.1
112088340,1,1,159.0,159.0
112089956,2,0,0,0
112110682,26,22,927.2,42.1454545454545
112134832,3,1,342.0,342.0
112148863,2,2,11.7,5.85
112192991,1,1,1146.0,1146.0
112199961,27,22,730.5,33.2045454545455
112216065,1,1,45.0,45.0
112240173,2,2,6.3,3.15
112345616,2,2,438.2,219.1
112365658,3,2,2.6,1.3
112376397,15,9,622.9,69.2111111111111
112432049,1,1,0.4,0.4
112459307,2,2,1078.2,539.1
112474535,1,1,5.5,5.5
112504953,5,4,6.0,1.5
112509160,1,1,1.4,1.4
112532182,1,1,4.3,4.3
112547463,6,4,214.0,53.5
112566632,1,1,1.9,1.9
112584028,1,1,1.2,1.2
112590296,1,1,2.6,2.6
112613985,1,1,0.2,0.2
112626210,122,36,577.9,16.0527777777778
112647787,1,1,2609.0,2609.0
112677705,2,1,0.2,0.2
112694811,1,1,154.0,154.0
112699561,1,1,194.0,194.0
112700700,1,1,5.5,5.5
112739159,1,1,0.3,0.3
112763045,27,11,368.2,33.4727272727273
112764199,1,1,0.8,0.8
112774446,1,1,0.4,0.4
112784971,2,2,2.8,1.4
112845094,37,24,5240.8,218.366666666667
112849197,23,16,2050.1,128.13125
112865325,5,2,33.4,16.7
112907304,1,1,0.1,0.1
112919409,1,1,9.4,9.4
112939816,6,3,26.4,8.8
112944877,4,3,0.4,0.133333333333333
112962796,7,5,219.3,43.86
112986636,14,9,77.6,8.62222222222222
112994491,13,9,117.4,13.0444444444444
112999066,1,1,32.0,32.0
113015223,1,1,182.0,182.0
113039667,8,8,216.6,27.075
113045977,2,1,1.1,1.1
113058136,1,1,1.0,1.0
113124720,27,16,1338.0,83.625
113142233,1,1,3.2,3.2
113186568,9,9,683.4,75.9333333333333
113196318,47,40,2500.1,62.5025
113205285,1,1,1.9,1.9
113224251,17,12,632.6,52.7166666666667
113227222,22,19,1879.2,98.9052631578947
113260911,10,9,1333.8,148.2
113268833,14,12,89.9,7.49166666666667
113300324,29,15,598.4,39.8933333333333
113308351,1,1,14.1,14.1
113312586,10,6,746.2,124.366666666667
113321644,5,4,167.3,41.825
113329678,1,1,1.2,1.2
113399673,1,1,0.2,0.2
113407067,2,2,511.6,255.8
113411607,1,1,11.0,11.0
113423671,18,4,3177.3,794.325
113444723,2,2,3749.3,1874.65
113446397,2,2,92.2,46.1
113496097,2,1,45.0,45.0
113530439,1,1,809.0,809.0
113544961,18,11,221.9,20.1727272727273
113546110,66,34,1377.5,40.5147058823529
113557230,5,2,2.1,1.05
113557935,7,4,221.7,55.425
113570611,1,1,211.0,211.0
113580708,41,30,211.4,7.04666666666667
113661299,1,1,0.1,0.1
113667989,12,1,465.0,465.0
113682800,1,1,27.0,27.0
113729479,6,5,27.2,5.44
113752996,128,100,4876.7,48.767
113771004,2,2,20.0,10.0
113794086,2,2,43.7,21.85
113820072,1,1,1.1,1.1
113835971,2,1,0.2,0.2
113857311,1,0,0,0
113868035,1,1,375.0,375.0
113910653,1,1,15.4,15.4
114000267,6,3,1.0,0.333333333333333
114017825,2,2,298.5,149.25
114024939,5,5,1513.7,302.74
114030647,63,51,2539.9,49.8019607843137
114080968,3,1,2.5,2.5
114092121,1,1,1.6,1.6
114112364,1,1,3047.0,3047.0
114132445,1,1,0.9,0.9
114142213,1,1,2.3,2.3
114167965,1,1,2.4,2.4
114231279,1,1,92.0,92.0
114244707,1,1,7.2,7.2
114273290,1,1,45.0,45.0
114287682,1,1,0.8,0.8
114297316,1,1,1.7,1.7
114324869,46,13,265.9,20.4538461538462
114325392,12,3,1.8,0.6
114332337,1,1,0.9,0.9
114343925,1,1,21.0,21.0
114364553,4,3,22.0,7.33333333333333
114416197,1,1,0.5,0.5
114431673,2,1,969.0,969.0
114439892,1,1,335.0,335.0
114447625,4,4,43.8,10.95
114479142,3,1,0.2,0.2
114578751,8,4,70.3,17.575
114617787,64,9,2671.3,296.811111111111
114620302,1,1,7.6,7.6
114632006,15,8,2696.3,337.0375
114635070,1,1,92.0,92.0
114637687,6,5,292.3,58.46
114727578,113,17,354.4,20.8470588235294
114730998,1,1,2.8,2.8
114736887,2,2,29.1,14.55
114751336,1,1,0.7,0.7
114758044,1,1,9.0,9.0
114781347,1,1,29.0,29.0
114789855,1,1,14.5,14.5
114792785,3,1,0.1,0.1
114838001,41,11,598.0,54.3636363636364
114846707,3,2,25.1,12.55
114872913,1,1,2.2,2.2
114881003,2,2,2.5,1.25
114899424,2,2,32.1,16.05
114912926,7,4,1526.7,381.675
114922862,1,1,55.0,55.0
114924461,14,13,83.8,6.44615384615385
114931125,1,1,141.0,141.0
114937057,3,3,440.7,146.9
114964884,1,1,36.0,36.0
114972372,11,10,265.0,26.5
115003799,1,1,0.7,0.7
115008799,9,6,1608.2,268.033333333333
115019075,1,1,32.0,32.0
115037563,65,42,534.7,12.7309523809524
115109218,2,2,352.0,176.0
115122875,1,1,0.1,0.1
115160797,1,1,130.0,130.0
115163074,1,1,12.5,12.5
115167911,54,44,1637.8,37.2227272727273
115192877,4,4,421.0,105.25
115242203,1,1,8.0,8.0
115249917,1,1,0.5,0.5
115275499,3,1,8.0,8.0
115287826,4,3,296.6,98.8666666666667
115290202,1,1,0.3,0.3
115311682,1,1,143.0,143.0
115324976,3,2,423.3,211.65
115325355,2,2,6.6,3.3
115358376,1,1,0.6,0.6
115375178,1,0,0,0
115396529,4,4,374.4,93.6
115404202,1,1,35.0,35.0
115436501,6,0,0,0
115472935,2,2,39.7,19.85
115487966,49,39,1317.8,33.7897435897436
115494980,1,1,0.3,0.3
115558697,3,2,5.0,2.5
115567288,9,4,435.7,108.925
115571373,8,7,104.2,14.8857142857143
115602674,1,1,2.0,2.0
115632831,117,31,1107.8,35.7354838709677
115637271,2,2,15.4,7.7
115655987,7,6,1396.6,232.766666666667
115671217,19,13,212.6,16.3538461538462
115736372,1,1,13.8,13.8
115753521,1,0,0,0
115784259,13,6,5.1,0.85
115806772,3,3,55.7,18.5666666666667
115813584,1,1,0.2,0.2
115821787,1,1,38.0,38.0
115826231,1,1,4.8,4.8
115918955,2,2,3.1,1.55
115958331,7,5,74.2,14.84
115959445,5,5,30.9,6.18
115990965,2,2,3.7,1.85
115996656,91,55,2034.0,36.9818181818182
116000122,1,1,923.0,923.0
116024605,1,1,529.0,529.0
116038263,1,1,42.0,42.0
116085629,3,1,80.0,80.0
116283279,21,13,216.0,16.6153846153846
116314616,1,1,394.0,394.0
116325720,28,10,234.4,23.44
116338192,1,1,3.5,3.5
116407650,1,0,0,0
116409449,1,1,54.0,54.0
116411567,13,11,87.0,7.90909090909091
116437770,3,3,2144.7,714.9
116450986,2,2,11.4,5.7
116478374,4,3,22.5,7.5
116482142,9,7,168.8,24.1142857142857
116494569,26,19,2532.8,133.305263157895
116515230,71,23,896.6,38.9826086956522
116515529,2,2,1.8,0.9
116564064,180,80,770.2,9.6275
116580688,1,1,1.1,1.1
116617462,43,34,391.4,11.5117647058824
116620161,1,1,115.0,115.0
116626402,1,1,10.1,10.1
116637302,1,1,0.2,0.2
116663350,1,1,0.4,0.4
116756674,2,2,47.5,23.75
116777928,2,1,42.0,42.0
116831291,3,3,1459.3,486.433333333333
116831920,1,1,2.5,2.5
116876958,389,208,2824.3,13.5783653846154
116912767,28,21,1025.9,48.852380952381
116955153,1,1,13.4,13.4
116966965,1,1,17.1,17.1
116968417,1,1,6.7,6.7
117022366,54,51,844.5,16.5588235294118
117036229,1,1,0.5,0.5
117044529,1,1,0.9,0.9
117066456,1,1,46.0,46.0
117097969,4,3,14.8,4.93333333333333
117106617,1,1,5229.0,5229.0
117118007,1,1,0.8,0.8
117129725,2,1,4.4,4.4
117194705,8,0,0,0
117210908,1,1,2.8,2.8
117217039,2,1,60.0,60.0
117238061,2,2,0.7,0.35
117312360,6,5,265.2,53.04
117321969,3,2,243.0,121.5
117331659,4,0,0,0
117345810,77,24,845.0,35.2083333333333
117370965,23,17,576.5,33.9117647058824
117397132,1,1,0.4,0.4
117402082,4,4,9.7,2.425
117414332,1,0,0,0
117435302,1,1,0.2,0.2
117463647,1,1,1.2,1.2
117469505,1,1,0.6,0.6
117483116,1,0,0,0
117488479,53,37,4360.7,117.856756756757
117529891,1,1,383.0,383.0
117531196,135,83,787.2,9.48433734939759
117552823,4,3,131.4,43.8
117573012,3,2,32.0,16.0
117581255,4,4,114.5,28.625
117601858,37,21,1054.8,50.2285714285714
117657402,11,7,229.8,32.8285714285714
117663927,5,5,187.0,37.4
117695149,4,4,5.1,1.275
117720079,2,1,50.0,50.0
117724509,1,1,8.4,8.4
117727921,1,1,194.0,194.0
117740575,1,1,1090.0,1090.0
117742782,2,2,0.4,0.2
117883499,2,2,6.0,3.0
117949868,18,17,203.1,11.9470588235294
117970761,1,0,0,0
117974875,1,1,0.8,0.8
118031880,8,2,137.5,68.75
118066938,6,2,59.9,29.95
118086742,10,8,35.4,4.425
118101920,1,0,0,0
118180800,1,1,6.8,6.8
118189718,11,10,550.5,55.05
118236431,1,1,216.0,216.0
118263812,1,1,4.0,4.0
118274084,6,2,12.4,6.2
118301896,1,1,12.3,12.3
118360669,1,1,63.0,63.0
118374482,1,1,0.5,0.5
118427901,1,1,85.0,85.0
118433250,1,1,56.0,56.0
118437205,3,2,144.9,72.45
118442089,1,1,1.0,1.0
118446513,1,1,1989.0,1989.0
118447144,1,1,18.1,18.1
118541865,169,36,188.8,5.24444444444444
118544165,1,1,0.9,0.9
118554131,15,11,1394.3,126.754545454545
118585913,9,5,22.1,4.42
118664413,10,7,4.7,0.671428571428571
118693656,2,1,699.0,699.0
118693973,37,25,1200.9,48.036
118695833,17,7,135.7,19.3857142857143
118721220,1,1,1.8,1.8
118723066,12,10,43.3,4.33
118725402,2,2,10.5,5.25
118792304,10,9,1539.1,171.011111111111
118808320,1,1,0.5,0.5
118834514,1,1,0.3,0.3
118838369,35,31,1150.4,37.1096774193548
118852041,151,121,2877.1,23.7776859504132
118859786,2,2,58.1,29.05
118888110,1,1,0.2,0.2
118894547,8,3,1791.9,597.3
118920238,7,2,206.0,103.0
118971362,71,9,638.2,70.9111111111111
118988066,1,1,8.0,8.0
118991581,3,2,1300.0,650.0
119103675,1,1,361.0,361.0
119170251,3,1,41.0,41.0
119185179,1,1,13.5,13.5
119187092,2,2,42.0,21.0
119211507,1,1,63.0,63.0
119211545,14,11,305.6,27.7818181818182
119228046,2,2,69.0,34.5
119236075,7,7,35.3,5.04285714285714
119239620,73,54,1315.2,24.3555555555556
119310413,35,27,52.0,1.92592592592593
119311184,2,1,29.0,29.0
119350525,1,1,2.6,2.6
119361334,3,2,143.4,71.7
119362603,1,1,19.7,19.7
119365702,3,3,507.0,169.0
119368216,9,8,741.6,92.7
119405428,3,1,0.5,0.5
119410678,1,0,0,0
119410870,1,1,4.5,4.5
119428254,14,13,113.4,8.72307692307692
119430691,2,2,887.9,443.95
119530092,10,10,42.7,4.27
119556235,2,1,2.9,2.9
119619506,95,68,1729.3,25.4308823529412
119624572,3,2,13.6,6.8
119625118,1,1,1655.0,1655.0
119626898,2,1,743.0,743.0
119670302,2,2,915.0,457.5
119675419,1,1,133.0,133.0
119721478,1,1,14.2,14.2
119723223,2,2,52.7,26.35
119829710,2,2,0.8,0.4
119835248,3,3,519.0,173.0
119906029,1,1,38.0,38.0
119909634,26,10,59.7,5.97
119937035,21,16,4053.6,253.35
119949344,19,10,326.5,32.65
119970695,2,1,408.0,408.0
119971648,1,1,54.0,54.0
120055850,1,0,0,0
120066253,2,1,3.5,3.5
120106834,10,7,216.5,30.9285714285714
120113754,9,6,581.3,96.8833333333333
120116659,7,5,2122.0,424.4
120139965,24,16,12.3,0.76875
120141290,1,1,0.5,0.5
120143206,1,1,56.0,56.0
120164786,9,8,570.6,71.325
120169360,2,0,0,0
120171057,2,2,4.9,2.45
120181402,2,2,203.6,101.8
120237789,31,17,712.9,41.9352941176471
120271188,2,2,46.3,23.15
120308479,2,1,1115.0,1115.0
120342002,2,1,45.0,45.0
120377800,1,1,31.0,31.0
120405554,1,1,0.4,0.4
120420435,8,3,349.6,116.533333333333
120421832,6,4,1548.9,387.225
120448027,1,1,3.1,3.1
120514265,1,1,113.0,113.0
120514307,11,9,206.4,22.9333333333333
120520430,4,1,130.0,130.0
120523185,67,34,201.8,5.93529411764706
120589251,5,2,10.5,5.25
120606442,1,1,1.6,1.6
120630528,1,1,13.3,13.3
120639809,1,1,136.0,136.0
120650367,1,1,0.3,0.3
120668831,4,3,49.0,16.3333333333333
120696775,9,8,130.2,16.275
120698121,1,1,0.2,0.2
120725512,1,1,3.8,3.8
120725727,13,6,5297.8,882.966666666667
120740511,1,1,2403.0,2403.0
120766003,3,2,39.7,19.85
120838793,10,3,45.1,15.0333333333333
120852852,5,3,3594.3,1198.1
120853104,1,1,0.1,0.1
120952837,1,1,2.4,2.4
120955239,1,1,2.3,2.3
120970326,1,1,8.2,8.2
121075133,2,2,1559.0,779.5
121080515,2,2,523.3,261.65
121133260,9,8,125.8,15.725
121137382,1,1,4.0,4.0
121150146,2,2,4.7,2.35
121154091,1,1,3.0,3.0
121168851,7,1,69.0,69.0
121199670,3,3,6827.2,2275.73333333333
121207655,8,3,65.2,21.7333333333333
121225694,1,1,0.4,0.4
121240872,1,0,0,0
121248758,1,1,570.0,570.0
121255383,3,3,13.3,4.43333333333333
121280370,20,15,889.1,59.2733333333333
121291260,15,11,849.2,77.2
121348667,1,1,2.3,2.3
121352371,1,1,2442.0,2442.0
121360145,5,5,3020.1,604.02
121382416,1,0,0,0
121383308,1,1,2.0,2.0
121480841,2,1,1.4,1.4
121481890,1,1,6.0,6.0
121497634,56,40,3062.6,76.565
121523105,2,2,1.5,0.75
121531316,2,2,1.4,0.7
121535800,1,1,6.4,6.4
121573188,4,2,141.0,70.5
121577821,2,2,1903.4,951.7
121582062,1,1,5.2,5.2
121593653,1,1,1.0,1.0
121615038,4,3,1367.0,455.666666666667
121674532,6,0,0,0
121727972,1,1,3.1,3.1
121770429,1,1,295.0,295.0
121796986,1,1,5.6,5.6
121808566,3,3,18.3,6.1
121809665,3,1,39.0,39.0
121865430,22,15,2205.3,147.02
121884238,16,11,109.7,9.97272727272727
121891688,10,7,286.0,40.8571428571429
121900241,10,7,5038.8,719.828571428571
121989214,1,1,68.0,68.0
121999719,1,1,37.0,37.0
122021564,2,2,54.0,27.0
122026623,416,127,3056.3,24.0653543307087
122064686,1,1,1.9,1.9
122083909,1,1,8.0,8.0
122094388,76,34,1557.6,45.8117647058824
122117051,3,3,31.1,10.3666666666667
122117928,1,1,179.0,179.0
122118929,1,1,17.4,17.4
122162211,1,1,15.3,15.3
122188548,5,3,15.2,5.06666666666667
122189133,1,1,1.5,1.5
122189475,1,1,2.2,2.2
122212108,1,1,3.5,3.5
122216032,6,2,1.3,0.65
122226149,1,1,411.0,411.0
122274197,2,2,1807.0,903.5
122319388,4,2,513.3,256.65
122328547,1,1,0.9,0.9
122332010,9,7,65.6,9.37142857142857
122444332,21,16,125.6,7.85
122452753,1,1,36.0,36.0
122471552,2,1,41.0,41.0
122486775,1,1,0.3,0.3
122492047,9,6,847.2,141.2
122529449,1,1,2.2,2.2
122536802,1,1,0.9,0.9
122538805,6,2,252.7,126.35
122551425,34,23,1536.6,66.8086956521739
122552077,1,1,1604.0,1604.0
122563664,2,2,19.9,9.95
122579249,1,1,0.1,0.1
122620165,20,9,1569.2,174.355555555556
122658341,16,15,590.2,39.3466666666667
122679931,52,43,3134.1,72.8860465116279
122782609,1,1,2.1,2.1
122798021,75,27,1307.2,48.4148148148148
122803519,14,12,241.0,20.0833333333333
122824133,2,2,78.0,39.0
122847338,4,4,176.0,44.0
122940861,4,2,74.5,37.25
122956129,9,9,2074.1,230.455555555556
123010581,1,0,0,0
123029327,1,1,3.1,3.1
123039887,1,0,0,0
123052194,3,3,155.7,51.9
123063251,1,1,0.4,0.4
123101539,68,45,1621.6,36.0355555555556
123122821,1,1,14.5,14.5
123128145,1,1,841.0,841.0
123142474,3,3,294.0,98.0
123148033,1,1,9.1,9.1
123165817,9,8,255.6,31.95
123186310,1,1,19.1,19.1
123245831,1,1,14.5,14.5
123325040,19,4,71.8,17.95
123334228,1,0,0,0
123338258,1,1,5.1,5.1
123361818,1,1,959.0,959.0
123397302,3,3,128.5,42.8333333333333
123422108,1,1,0.2,0.2
123423051,1,1,0.3,0.3
123435296,1,1,1.7,1.7
123449538,1,1,27.0,27.0
123461705,6,3,490.2,163.4
123483924,14,10,1673.7,167.37
123546767,1,1,2.4,2.4
123625432,39,24,141.7,5.90416666666667
123627691,6,2,8.0,4.0
123670509,1,1,1309.0,1309.0
123671395,12,2,1291.3,645.65
123696203,37,23,2567.7,111.639130434783
123727087,1,1,117.0,117.0
123732393,1,1,0.4,0.4
123734483,32,26,169.2,6.50769230769231
123800818,1,0,0,0
123875734,3,3,252.2,84.0666666666667
123904490,44,22,190.5,8.65909090909091
123917008,1,1,1301.0,1301.0
123939009,4,1,33.0,33.0
123974970,15,13,833.1,64.0846153846154
123988363,1,1,0.7,0.7
123989127,1,1,15.8,15.8
124003951,4,1,1747.0,1747.0
124059151,113,15,344.5,22.9666666666667
124070622,12,11,403.2,36.6545454545455
124142651,1,1,3.6,3.6
124221152,2,0,0,0
124229280,4,1,1.7,1.7
124234882,14,11,284.0,25.8181818181818
124258418,1,1,46.0,46.0
124330988,1,1,1.8,1.8
124365369,1,1,75.0,75.0
124395695,1,1,29.0,29.0
124400480,22,18,1039.4,57.7444444444444
124428084,4,1,0.8,0.8
124429562,1,1,22.0,22.0
124437057,112,64,717.8,11.215625
124443679,53,33,2824.9,85.6030303030303
124451578,1,1,10.5,10.5
124462762,3,3,4.8,1.6
124525404,4,2,27.1,13.55
124537977,2,2,181.0,90.5
124540027,4,2,2.7,1.35
124556386,69,25,1720.2,68.808
124566319,1,1,2.5,2.5
124570576,1,1,5.3,5.3
124595910,1,1,1.0,1.0
124641717,15,12,2249.9,187.491666666667
124651043,23,17,974.2,57.3058823529412
124661390,1,1,1246.0,1246.0
124663731,6,5,43.3,8.66
124707605,1,1,1379.0,1379.0
124709414,1,1,1002.0,1002.0
124712421,6,6,59.8,9.96666666666667
124723151,1,1,1174.0,1174.0
124725852,150,91,1180.7,12.9747252747253
124739366,1,1,1156.0,1156.0
124763074,1,1,964.0,964.0
124776658,5,5,473.8,94.76
124777563,2,1,2.1,2.1
124785503,2,1,1.0,1.0
124810250,5,4,2855.3,713.825
124851136,1,1,2.2,2.2
124878949,12,7,364.2,52.0285714285714
124884511,4,2,1447.3,723.65
124975432,1,1,1614.0,1614.0
124978318,2,1,295.0,295.0
124991843,1,1,2.0,2.0
125016435,1,1,0.6,0.6
125017535,63,42,4635.3,110.364285714286
125093638,1,1,0.1,0.1
125108218,2,1,42.0,42.0
125141344,10,9,3008.2,334.244444444444
125145239,1,1,148.0,148.0
125153273,5,4,51.6,12.9
125191585,1,1,7.0,7.0
125198998,1,1,7.1,7.1
125226713,3,2,517.1,258.55
125246281,3,3,22.3,7.43333333333333
125249652,1,1,0.6,0.6
125255679,2,2,29.2,14.6
125276746,1,1,7.5,7.5
125324040,2,2,2681.0,1340.5
125353580,3,3,141.0,47.0
125355604,1,1,16.1,16.1
125369057,1,1,0.8,0.8
125371499,1,1,6.3,6.3
125404736,2,2,2.5,1.25
125424716,13,12,287.4,23.95
125456822,1,1,5.4,5.4
125472731,13,1,4.7,4.7
125475916,1,1,148.0,148.0
125508547,1,1,162.0,162.0
125518594,1,1,25.0,25.0
125543616,2,1,78.0,78.0
125546624,1,1,0.6,0.6
125552489,1,1,0.2,0.2
125559963,1,1,1.7,1.7
125589748,11,8,28.7,3.5875
125595162,2,1,0.3,0.3
125654059,1,1,1.7,1.7
125682446,42,28,2030.5,72.5178571428571
125699277,1,1,57.0,57.0
125718224,5,2,116.0,58.0
125718844,1,1,1.1,1.1
125718913,10,2,7.0,3.5
125721073,1,1,0.3,0.3
125848824,1,1,1.2,1.2
125851854,1,1,47.0,47.0
125875677,6,0,0,0
125895194,1,1,5.8,5.8
125912054,14,13,4923.6,378.738461538462
125950209,6,1,0.1,0.1
125979393,2,2,7.5,3.75
126063949,1,1,1.2,1.2
126074325,3,1,2025.0,2025.0
126098408,17,11,300.8,27.3454545454545
126120127,1,1,2.3,2.3
126158311,1,1,73.0,73.0
126191291,101,52,1609.1,30.9442307692308
126200826,22,17,298.1,17.5352941176471
126231245,1,1,0.8,0.8
126233699,1,1,0.1,0.1
126269125,49,34,1698.3,49.95
126290232,5,3,2.6,0.866666666666667
126294907,1,1,190.0,190.0
126308758,1,1,1.5,1.5
126326205,1,1,1.4,1.4
126339247,1,1,124.0,124.0
126340495,29,17,2770.9,162.994117647059
126345126,9,5,133.1,26.62
126372451,1,1,253.0,253.0
126388107,19,14,4340.0,310.0
126402145,1,1,16.5,16.5
126425648,4,4,388.3,97.075
126428976,3,3,232.5,77.5
126465386,1,1,2.9,2.9
126471719,15,10,1309.8,130.98
126522515,42,34,1228.3,36.1264705882353
126567484,1,1,8.2,8.2
126583867,2,2,300.2,150.1
126595775,37,20,362.8,18.14
126602285,1,1,0.4,0.4
126622399,11,1,170.0,170.0
126640783,1,1,9.9,9.9
126656629,1,1,2.4,2.4
126690600,1,1,0.2,0.2
126701146,9,8,27.7,3.4625
126718281,2,1,8.1,8.1
126756731,3,1,393.0,393.0
126796140,9,9,46.1,5.12222222222222
126843636,1,1,1.1,1.1
126868138,4,3,48.9,16.3
126876615,1,1,49.0,49.0
126877285,3,3,3.1,1.03333333333333
126883374,1,1,0.6,0.6
126887624,7,6,631.3,105.216666666667
126963965,1,1,227.0,227.0
126992940,16,16,347.4,21.7125
127058155,1,1,2.2,2.2
127072755,96,59,1545.0,26.1864406779661
127074858,9,2,2531.6,1265.8
127117386,9,4,41.0,10.25
127117543,1,1,10.8,10.8
127208680,20,13,77.3,5.94615384615385
127218796,1,1,1.1,1.1
127220350,60,42,716.7,17.0642857142857
127261069,3,3,26.9,8.96666666666667
127272741,111,92,4013.1,43.620652173913
127298726,1,1,0.8,0.8
127311699,77,40,1277.1,31.9275
127325079,11,9,1224.1,136.011111111111
127335438,102,51,1492.5,29.2647058823529
127344335,63,53,1599.3,30.1754716981132
127426141,24,10,170.4,17.04
127461395,2,2,3795.0,1897.5
127461743,9,7,308.4,44.0571428571429
127475581,1,1,3.0,3.0
127541532,1,1,33.0,33.0
127555883,67,14,227.3,16.2357142857143
127594108,7,6,47.0,7.83333333333333
127603833,3,2,2245.0,1122.5
127606511,1,1,0.2,0.2
127628725,120,53,1149.3,21.6849056603774
127693647,1,1,56.0,56.0
127697304,1,1,48.0,48.0
127706455,1,1,6.5,6.5
127724511,1,1,2.2,2.2
127788996,16,3,76.3,25.4333333333333
127796104,1,1,982.0,982.0
127797363,1,1,0.2,0.2
127813787,3,3,32.9,10.9666666666667
127850470,30,23,2222.7,96.6391304347826
127851637,1,1,974.0,974.0
127890922,1,1,0.1,0.1
127894126,2,2,20.7,10.35
127947215,2,1,318.0,318.0
127948452,1,1,12.3,12.3
127974833,1,1,4.0,4.0
127977081,1,1,5.4,5.4
127987714,3,1,20.0,20.0
127992087,20,13,2080.6,160.046153846154
127992748,1,1,11.8,11.8
128019521,1,1,25.0,25.0
128025016,2,2,85.0,42.5
128034621,1,1,12.3,12.3
128065805,2,2,5366.0,2683.0
128135136,2,1,22.0,22.0
128135895,1,1,11.6,11.6
128173430,2,0,0,0
128207897,56,37,996.0,26.9189189189189
128236624,7,1,546.0,546.0
128240584,2,2,25.8,12.9
128275106,1,1,11.1,11.1
128279487,1,1,2.4,2.4
128285073,1,1,6.2,6.2
128287411,2,1,1285.0,1285.0
128292918,2,1,42.0,42.0
128297600,3,1,66.0,66.0
128319430,1,1,20.0,20.0
128329207,1,1,33.0,33.0
128329977,1,0,0,0
128335681,1,1,0.5,0.5
128342186,2,2,498.8,249.4
128412180,1,1,1.2,1.2
128430362,2,2,6.1,3.05
128470551,16,16,426.9,26.68125
128478373,1,1,2.9,2.9
128491811,1,1,0.8,0.8
128536244,1,1,1.7,1.7
128546479,1,1,0.1,0.1
128570709,2,1,107.0,107.0
128593044,37,8,85.5,10.6875
128608678,8,1,130.0,130.0
128651888,35,26,331.0,12.7307692307692
128653133,3,2,50.8,25.4
128681412,1,1,1.8,1.8
128706580,1,1,0.2,0.2
128784125,1,1,0.5,0.5
128790593,17,15,129.0,8.6
128792215,1,0,0,0
128817246,1,1,160.0,160.0
128831281,1,1,1445.0,1445.0
128868128,1,1,34.0,34.0
128925610,31,28,2178.6,77.8071428571428
128934005,5,2,9.6,4.8
128937352,1,1,2.8,2.8
128956830,3,3,513.0,171.0
128964236,4,4,48.6,12.15
128995325,1,1,76.0,76.0
129006700,1,0,0,0
129019336,1,1,548.0,548.0
129081996,11,10,268.8,26.88
129102620,7,7,692.7,98.9571428571429
129114153,8,6,69.6,11.6
129117376,123,101,1423.0,14.0891089108911
129128224,1,1,0.1,0.1
129162036,3,2,1131.0,565.5
129177552,1,1,14.2,14.2
129211317,9,7,266.6,38.0857142857143
129221732,1,1,14.6,14.6
129240163,3,2,137.0,68.5
129240324,1,1,3.8,3.8
129272742,1,1,30.0,30.0
129300430,13,9,144.8,16.0888888888889
129339750,1,1,3.7,3.7
129356429,1,1,1.8,1.8
129364343,13,9,73.8,8.2
129371925,6,5,489.4,97.88
129391396,12,12,260.1,21.675
129425022,3,1,8.3,8.3
129449377,1,1,10.4,10.4
129452387,2,1,11.1,11.1
129466241,2,1,3.1,3.1
129478138,47,11,47.0,4.27272727272727
129478920,2,1,1851.0,1851.0
129501816,13,11,333.0,30.2727272727273
129520075,6,6,97.8,16.3
129522238,2,1,110.0,110.0
129525006,1,1,0.5,0.5
129585692,1,1,0.1,0.1
129602040,1,1,16.1,16.1
129634406,2,2,146.1,73.05
129647095,1,1,0.8,0.8
129659946,2,2,158.0,79.0
129704982,3,2,145.6,72.8
129720834,1,0,0,0
129724065,1,1,107.0,107.0
129743598,1,1,10.1,10.1
129762577,1,1,10.7,10.7
129795122,2,2,1.0,0.5
129796010,1,1,1.6,1.6
129808247,1,1,7.7,7.7
129825010,1,1,0.3,0.3
129862640,1,1,50.0,50.0
129873202,1,1,108.0,108.0
129885479,1,1,0.8,0.8
129910954,1,1,0.1,0.1
129922806,1,1,11.8,11.8
129925351,28,16,2297.8,143.6125
129926253,4,2,2292.3,1146.15
129928069,1,1,64.0,64.0
129966650,15,11,667.4,60.6727272727273
129982462,1,1,1.4,1.4
130021142,2,2,14.2,7.1
130029851,1,1,2.0,2.0
130051338,12,7,1601.2,228.742857142857
130057540,3,3,848.0,282.666666666667
130062637,1,1,14.1,14.1
130133036,1,1,110.0,110.0
130145396,1,1,50.0,50.0
130146848,2,2,6.7,3.35
130201800,13,10,745.0,74.5
130247011,1,1,3.6,3.6
130280718,18,15,180.7,12.0466666666667
130290346,1,1,0.6,0.6
130299876,2,2,101.0,50.5
130303679,12,1,0.3,0.3
130312302,90,55,549.9,9.99818181818182
130315685,1,1,0.5,0.5
130324181,41,23,1567.2,68.1391304347826
130342360,2,2,391.4,195.7
130351904,6,5,37.6,7.52
130369238,17,14,708.0,50.5714285714286
130378178,1,1,400.0,400.0
130431476,1,0,0,0
130440628,1,1,4.6,4.6
130452748,1,1,1262.0,1262.0
130460859,49,11,506.3,46.0272727272727
130470206,3,3,50.0,16.6666666666667
130475480,2,2,106.8,53.4
130534025,6,4,23.7,5.925
130547869,14,11,997.0,90.6363636363636
130553575,1,1,1103.0,1103.0
130581074,1,1,4.2,4.2
130678525,3,2,905.1,452.55
130742617,1,1,3.9,3.9
130753596,2,2,199.0,99.5
130758906,3,1,163.0,163.0
130764464,11,4,1819.0,454.75
130810920,1,1,12.6,12.6
130851836,1,1,1298.0,1298.0
130882834,6,3,7801.9,2600.63333333333
130931340,1,1,4.1,4.1
130933471,1,0,0,0
130941814,1,1,0.7,0.7
130950166,1,1,0.1,0.1
130954987,1,1,0.2,0.2
130993597,2,1,12.5,12.5
131023125,12,11,440.1,40.0090909090909
131032344,12,12,237.1,19.7583333333333
131061056,2,2,101.5,50.75
131096906,1,1,604.0,604.0
131130328,14,11,26.4,2.4
131203306,1,1,0.5,0.5
131217195,1,1,2179.0,2179.0
131227682,15,12,648.9,54.075
131227694,21,12,179.3,14.9416666666667
131237387,1,1,7.1,7.1
131296919,1,1,9.0,9.0
131311166,1,1,4.6,4.6
131334429,1,1,2.3,2.3
131348564,102,72,2013.8,27.9694444444444
131360546,1,1,2.0,2.0
131377772,4,4,67.3,16.825
131386705,23,12,374.3,31.1916666666667
131394043,3,3,16.8,5.6
131406060,1,1,17.3,17.3
131407045,1,1,0.1,0.1
131444737,40,33,996.0,30.1818181818182
131463112,36,17,455.6,26.8
131465743,1,1,60.0,60.0
131473057,8,7,449.8,64.2571428571429
131481418,1,1,7.4,7.4
131533123,1,1,0.1,0.1
131539267,4,4,138.0,34.5
131610144,40,33,5191.6,157.321212121212
131613117,1,1,1.3,1.3
131690275,2,1,1344.0,1344.0
131712986,2,2,7.3,3.65
131730206,1,1,1.1,1.1
131732878,1,1,4.2,4.2
131785763,63,40,908.2,22.705
131876863,26,22,638.4,29.0181818181818
131912265,4,2,5.1,2.55
131929080,1,0,0,0
131940023,77,52,2895.2,55.6769230769231
131948270,3,1,1.9,1.9
131949880,1,1,0.7,0.7
131962554,6,6,22.5,3.75
131963274,1,1,94.0,94.0
131973876,29,17,434.7,25.5705882352941
131995566,1,1,2.5,2.5
132008856,2,2,529.5,264.75
132014951,29,20,320.5,16.025
132044394,1,1,2.3,2.3
132057825,3,1,79.0,79.0
132111476,1,1,103.0,103.0
132116602,1,1,44.0,44.0
132118265,5,0,0,0
132180557,23,19,372.7,19.6157894736842
132191842,1,1,36.0,36.0
132196353,74,29,1987.7,68.5413793103448
132258726,1,1,5.3,5.3
132277897,3,2,1.6,0.8
132286953,1,1,743.0,743.0
132300630,130,85,2085.6,24.5364705882353
132313154,1,1,10.0,10.0
132353043,4,3,871.1,290.366666666667
132366413,1,0,0,0
132381775,2,2,2055.0,1027.5
132418423,16,10,164.2,16.42
132593770,11,10,81.9,8.19
132708032,1,1,28.0,28.0
132732817,3,3,26.4,8.8
132748085,93,65,985.5,15.1615384615385
132757318,1,1,63.0,63.0
132784716,2,2,99.8,49.9
132800758,1,1,153.0,153.0
132840940,3,2,397.2,198.6
132852256,4,3,1037.5,345.833333333333
132875638,1,1,6.3,6.3
132917640,2,2,125.7,62.85
132927208,3,2,172.3,86.15
133024750,25,17,4771.6,280.682352941176
133033659,1,1,13.2,13.2
133048797,1,1,3.6,3.6
133149797,6,0,0,0
133169378,1,1,2.0,2.0
133215334,1,1,0.5,0.5
133217805,1,1,61.0,61.0
133228469,10,7,42.9,6.12857142857143
133231400,2,2,0.8,0.4
133234931,5,5,322.3,64.46
133237267,1,1,0.8,0.8
133262375,1,1,290.0,290.0
133267799,1,1,452.0,452.0
133268317,18,12,1300.3,108.358333333333
133268706,15,8,2311.9,288.9875
133273541,1,1,1.2,1.2
133298634,1,1,4.8,4.8
133313288,1,1,4.6,4.6
133328129,1,1,2.0,2.0
133355027,1,1,8.2,8.2
133378280,11,6,664.9,110.816666666667
133387630,1,1,0.2,0.2
133402780,1,1,4.8,4.8
133404545,15,10,153.1,15.31
133407060,1,1,0.6,0.6
133422169,82,40,1075.6,26.89
133439311,3,1,16.8,16.8
133439936,39,20,109.4,5.47
133459021,1,1,2.1,2.1
133517515,2,2,21.5,10.75
133534893,3,3,16.3,5.43333333333333
133547462,1,1,732.0,732.0
133553031,1,1,2.0,2.0
133573140,2,2,877.0,438.5
133609786,1,1,57.0,57.0
133676441,1,1,127.0,127.0
133680143,9,7,66.9,9.55714285714286
133688603,1,1,13.8,13.8
133719158,7,5,4474.7,894.94
133729675,1,1,0.8,0.8
133794741,1,1,74.0,74.0
133800100,1,1,6.9,6.9
133885796,3,3,11.7,3.9
133938767,18,5,1423.4,284.68
133964193,11,4,687.5,171.875
133990456,1,1,13.6,13.6
133997970,30,17,981.5,57.7352941176471
134003545,1,1,1.0,1.0
134017049,5,2,6.2,3.1
134078373,1,1,1.9,1.9
134086280,1,1,6.8,6.8
134127685,3,2,10.4,5.2
134213189,13,12,215.7,17.975
134223421,19,11,2422.1,220.190909090909
134224287,15,12,836.3,69.6916666666667
134225377,1,1,0.3,0.3
134247395,1,1,1.5,1.5
134258069,1,1,3.8,3.8
134274586,7,7,219.0,31.2857142857143
134282559,1,1,0.4,0.4
134322141,170,86,1434.8,16.6837209302326
134337915,1,1,1.5,1.5
134416946,1,0,0,0
134448504,1,1,6.9,6.9
134452836,1,1,12.4,12.4
134471670,1,1,3.7,3.7
134482539,2,1,2.5,2.5
134516625,54,18,151.2,8.4
134549707,1,1,0.1,0.1
134590374,1,1,173.0,173.0
134615317,1,1,89.0,89.0
134641355,57,21,1164.7,55.4619047619048
134649138,1,1,34.0,34.0
134765677,9,5,37.0,7.4
134776102,3,2,513.0,256.5
134809146,1,1,278.0,278.0
134832575,5,4,501.5,125.375
134839311,27,9,362.0,40.2222222222222
134847173,1,1,0.8,0.8
134910543,1,1,0.6,0.6
134927689,1,1,83.0,83.0
134930004,1,1,1.3,1.3
134959420,1,1,10.9,10.9
134967717,34,16,721.8,45.1125
135012938,4,2,9.8,4.9
135057976,2,1,971.0,971.0
135066372,11,9,425.1,47.2333333333333
135091121,3,3,1119.1,373.033333333333
135147743,24,11,67.6,6.14545454545454
135148415,1,1,0.1,0.1
135156563,1,1,15.3,15.3
135162448,1,1,13.1,13.1
135177440,4,4,271.7,67.925
135179790,2,2,17.7,8.85
135244036,58,45,924.2,20.5377777777778
135277795,1,1,1.8,1.8
135329995,1,1,0.2,0.2
135338821,2,2,2.7,1.35
135400225,185,128,2139.0,16.7109375
135410112,1,1,16.0,16.0
135414002,3,2,39.8,19.9
135475055,1,1,31.0,31.0
135485250,1,1,1.3,1.3
135503830,5,4,1040.5,260.125
135505928,1,1,0.9,0.9
135508941,3,1,0.6,0.6
135522355,2,2,2.8,1.4
135540095,1,1,7.3,7.3
135545063,1,1,39.0,39.0
135554311,13,9,663.8,73.7555555555555
135599605,1,1,0.5,0.5
135680230,1,0,0,0
135690828,1,1,14.6,14.6
135698781,3,3,427.0,142.333333333333
135812174,1,1,3.0,3.0
135825356,1,1,5.1,5.1
135865220,39,23,659.6,28.6782608695652
135872798,1,1,7.0,7.0
135879753,33,18,4810.0,267.222222222222
135911271,1,1,39.0,39.0
135929781,1,1,2.5,2.5
135949593,2,1,3.1,3.1
135951168,1,1,2.5,2.5
135957644,1,1,1.0,1.0
135966512,1,1,1.2,1.2
135967185,1,1,0.2,0.2
136021775,20,16,660.4,41.275
136029113,1,1,2.6,2.6
136037775,1,1,0.7,0.7
136053642,1,1,560.0,560.0
136092449,1,1,87.0,87.0
136135322,110,88,989.0,11.2386363636364
136137921,17,14,784.3,56.0214285714286
136139505,16,16,50.1,3.13125
136190090,1,1,1786.0,1786.0
136219907,3,3,999.4,333.133333333333
136222532,1,1,6.5,6.5
136246724,1,1,0.2,0.2
136253839,1,1,0.3,0.3
136258332,1,1,96.0,96.0
136271892,1,1,0.7,0.7
136291039,1,1,0.6,0.6
136301597,1,1,1.7,1.7
136341868,1,1,0.5,0.5
136345897,1,1,0.9,0.9
136357840,1,1,1.4,1.4
136397050,3,3,815.0,271.666666666667
136403318,1,1,4.9,4.9
136493411,2,2,53.2,26.6
136495026,54,18,333.8,18.5444444444444
136520135,1,1,7.1,7.1
136554467,2,2,164.0,82.0
136557761,1,1,0.4,0.4
136561410,1,1,22.0,22.0
136563996,2,2,59.0,29.5
136640372,1,1,47.0,47.0
136668535,8,8,258.5,32.3125
136695520,1,1,7.3,7.3
136705294,1,1,61.0,61.0
136752099,1,1,1.2,1.2
136778642,1,1,272.0,272.0
136783755,5,2,2683.8,1341.9
136788043,1,1,17.5,17.5
136789010,2,2,11.4,5.7
136791084,26,20,264.3,13.215
136804252,1,1,664.0,664.0
136836233,1,1,0.2,0.2
136850924,1,1,1.9,1.9
136866564,16,11,178.2,16.2
136891549,5,4,85.5,21.375
136913396,2,2,173.5,86.75
136953993,1,1,0.3,0.3
136961289,1,1,6.1,6.1
136998614,7,6,42.0,7.0
137022689,7,4,24.8,6.2
137075650,1,1,7.6,7.6
137079357,1,1,41.0,41.0
137079876,3,3,114.4,38.1333333333333
137158399,15,9,2971.5,330.166666666667
137222368,12,9,4246.8,471.866666666667
137334839,35,30,1575.1,52.5033333333333
137335407,1,1,34.0,34.0
137341828,3,1,422.0,422.0
137398114,1,1,0.8,0.8
137409673,1,1,0.9,0.9
137451490,13,11,412.7,37.5181818181818
137455836,3,2,10.3,5.15
137460095,57,7,339.0,48.4285714285714
137475392,1,1,1.0,1.0
137483421,3,2,0.6,0.3
137508279,14,13,397.7,30.5923076923077
137514463,1,1,1.2,1.2
137531238,12,3,0.9,0.3
137588230,8,5,6.1,1.22
137588719,1,1,0.2,0.2
137603581,1,1,5.5,5.5
137610845,33,23,637.5,27.7173913043478
137623071,1,1,63.0,63.0
137651115,7,6,386.1,64.35
137732181,1,1,1.2,1.2
137747562,1,1,0.2,0.2
137755956,2,1,142.0,142.0
137797636,1,1,2.1,2.1
137837203,18,13,67.1,5.16153846153846
137846274,12,8,53.5,6.6875
137939290,1,1,50.0,50.0
137949393,3,2,3.8,1.9
137951076,2,2,10.6,5.3
137977132,1,1,10.6,10.6
138010203,1,1,14.6,14.6
138044624,6,6,187.0,31.1666666666667
138080934,1,1,2.3,2.3
138110654,1,1,68.0,68.0
138115430,11,4,1513.7,378.425
138129129,1,1,1335.0,1335.0
138135171,3,2,26.7,13.35
138168089,1,1,16.5,16.5
138200512,1,1,2152.0,2152.0
138202190,1,1,88.0,88.0
138228336,1,1,2.4,2.4
138242360,1,1,152.0,152.0
138259286,3,2,777.9,388.95
138279635,9,4,85.7,21.425
138294341,1,1,10.1,10.1
138329382,1,1,8.1,8.1
138349389,1,1,4.6,4.6
138369566,1,1,0.6,0.6
138375115,1,1,319.0,319.0
138406331,1,1,0.1,0.1
138412880,1,1,4.5,4.5
138429058,1,1,20.0,20.0
138453978,1,1,19.5,19.5
138455695,1,1,112.0,112.0
138460230,1,1,496.0,496.0
138482130,55,36,503.8,13.9944444444444
138483324,1,1,24.0,24.0
138542725,2,1,972.0,972.0
138558097,1,1,3.1,3.1
138561124,1,1,1702.0,1702.0
138570935,10,9,59.2,6.57777777777778
138578560,1,1,0.1,0.1
138581545,20,13,140.9,10.8384615384615
138587718,1,1,1467.0,1467.0
138590829,1,1,1026.0,1026.0
138618447,1,1,1.4,1.4
138655214,1,1,1.7,1.7
138656604,1,1,1750.0,1750.0
138670893,1,1,3.9,3.9
138674360,1,1,213.0,213.0
138681278,1,1,7.0,7.0
138690776,1,1,124.0,124.0
138691112,1,1,3.9,3.9
138695230,1,1,458.0,458.0
138695243,2,2,17.5,8.75
138725344,19,14,284.6,20.3285714285714
138818276,1,1,6.9,6.9
138847348,1,1,1.5,1.5
138906315,1,1,73.0,73.0
138918389,1,1,153.0,153.0
138919253,1,1,760.0,760.0
138929901,1,1,2.0,2.0
138938057,2,1,222.0,222.0
138939472,1,1,457.0,457.0
138941587,444,299,3011.2,10.0709030100334
138958592,3,3,244.5,81.5
138960345,1,1,6.9,6.9
138963130,1,1,7.8,7.8
139013624,2,2,215.0,107.5
139015518,3,2,28.8,14.4
139016142,34,21,781.4,37.2095238095238
139049885,1,1,1.3,1.3
139074732,1,1,2228.0,2228.0
139110840,1,1,4.9,4.9
139115643,1,1,0.2,0.2
139122042,1,1,54.0,54.0
139149185,5,2,75.0,37.5
139166190,1,1,143.0,143.0
139171297,3,2,1029.0,514.5
139181289,1,1,3.7,3.7
139187216,2,2,170.6,85.3
139236825,1,1,316.0,316.0
139240080,1,1,38.0,38.0
139272740,3,2,193.2,96.6
139343012,7,1,1.1,1.1
139352395,1,1,13.2,13.2
139388319,1,1,1499.0,1499.0
139389564,1,1,1.1,1.1
139393793,1,1,15.9,15.9
139396034,1,1,10.8,10.8
139404987,1,1,3.0,3.0
139433517,1,1,0.3,0.3
139456215,1,1,5.5,5.5
139457410,6,2,2009.0,1004.5
139480472,1,1,0.2,0.2
139481298,1,1,1.1,1.1
139494513,1,1,1.0,1.0
139527776,1,1,3.0,3.0
139573198,1,1,1.4,1.4
139574442,1,1,23.0,23.0
139574808,1,1,0.8,0.8
139673932,8,7,3487.6,498.228571428571
139695479,9,7,1201.3,171.614285714286
139706897,1,1,3.2,3.2
139746888,1,1,39.0,39.0
139763487,1,1,5.0,5.0
139769742,1,1,0.2,0.2
139773400,1,1,0.4,0.4
139774658,2,2,1.4,0.7
139804310,1,1,62.0,62.0
139806634,4,1,489.0,489.0
139832829,1,1,882.0,882.0
139841475,1,1,38.0,38.0
139854220,1,1,222.0,222.0
139873696,3,2,49.1,24.55
139901528,1,1,3.0,3.0
139909136,2,1,25.0,25.0
139955299,1,1,91.0,91.0
139986442,1,1,1.3,1.3
140050187,6,4,19.6,4.9
140065934,1,1,359.0,359.0
140086587,8,1,198.0,198.0
140149061,1,1,136.0,136.0
140178954,1,1,3.4,3.4
140207602,1,1,4.5,4.5
140223606,1,1,89.0,89.0
140225817,1,1,7.7,7.7
140236312,1,1,1.6,1.6
140256783,1,1,4.3,4.3
140282974,1,1,0.2,0.2
140293612,1,1,278.0,278.0
140337149,1,1,236.0,236.0
140372243,1,1,33.0,33.0
140385853,1,1,0.6,0.6
140408017,36,27,1748.9,64.7740740740741
140435453,1,1,6.3,6.3
140440551,1,1,0.5,0.5
140488802,1,1,2320.0,2320.0
140492549,1,1,147.0,147.0
140493636,1,1,0.5,0.5
140499826,5,4,123.2,30.8
140527332,1,1,11.3,11.3
140580839,2,2,585.0,292.5
140596673,1,1,0.2,0.2
140672677,1,1,0.1,0.1
140700995,2,2,134.2,67.1
140708070,2,1,271.0,271.0
140725417,1,1,73.0,73.0
140757969,1,1,3.7,3.7
140800500,1,1,0.6,0.6
140809304,1,1,0.5,0.5
140820563,19,15,236.6,15.7733333333333
140825164,40,35,137.2,3.92
140854798,16,5,17.1,3.42
140911953,8,3,22.1,7.36666666666667
140931602,1,1,4.8,4.8
140943875,1,1,3.0,3.0
140954425,1,1,13.0,13.0
140971088,1,1,6.1,6.1
141003701,1,1,5.4,5.4
141012357,1,1,1.0,1.0
141023389,7,1,787.0,787.0
141027992,1,1,0.8,0.8
141034426,1,1,104.0,104.0
141037251,1,1,3.3,3.3
141097888,1,1,328.0,328.0
141103096,1,1,1.4,1.4
141108138,1,1,8.8,8.8
141118871,7,5,1228.2,245.64
141124987,1,1,264.0,264.0
141141039,1,1,99.0,99.0
141156585,1,1,0.1,0.1
141160698,27,22,1961.5,89.1590909090909
141161011,5,4,8.6,2.15
141162118,1,1,0.5,0.5
141197436,2,1,29.0,29.0
141246626,1,1,1.8,1.8
141288012,1,1,0.9,0.9
141315459,1,1,10.8,10.8
141402600,29,23,1011.8,43.9913043478261
141408990,2,2,55.1,27.55
141414004,1,1,8.2,8.2
141493630,1,1,0.2,0.2
141497944,3,2,27.9,13.95
141513178,1,1,5.0,5.0
141566597,1,1,0.2,0.2
141566602,1,1,35.0,35.0
141569027,2,2,12.2,6.1
141571751,1,1,3.4,3.4
141586040,1,1,3.8,3.8
141593830,1,1,2.1,2.1
141593973,1,1,423.0,423.0
141640819,1,1,2.3,2.3
141677474,1,1,31.0,31.0
141680691,1,1,5.2,5.2
141682250,2,2,18.1,9.05
141693292,1,1,2.8,2.8
141701102,1,1,55.0,55.0
141706846,1,1,4067.0,4067.0
141707530,1,1,154.0,154.0
141721383,43,36,852.1,23.6694444444444
141721441,2,2,35.8,17.9
141737874,1,1,3.4,3.4
141749157,3,2,12.0,6.0
141773234,9,6,1973.1,328.85
141774640,2,2,39.0,19.5
141794556,2,1,3.9,3.9
141873792,28,23,365.0,15.8695652173913
141892155,1,1,3.3,3.3
141918091,2,1,411.0,411.0
141918894,1,1,3.9,3.9
141950398,7,2,1320.8,660.4
142001340,39,15,933.7,62.2466666666667
142001485,1,1,16.1,16.1
142004534,1,1,94.0,94.0
142011717,3,2,8.1,4.05
142040835,1,1,0.3,0.3
142044216,1,1,699.0,699.0
142060022,1,1,1.2,1.2
142065874,1,1,6.6,6.6
142151125,1,1,4.3,4.3
142183287,2,2,7.7,3.85
142215487,1,1,15.4,15.4
142215921,1,1,0.7,0.7
142256500,1,1,0.4,0.4
142279088,1,1,0.3,0.3
142284353,1,1,1.1,1.1
142388676,6,4,7.7,1.925
142408262,11,3,650.7,216.9
142409681,4,2,259.1,129.55
142414329,1,1,1.3,1.3
142433607,2,2,1218.6,609.3
142475478,7,5,27.4,5.48
142489812,2,1,2836.0,2836.0
142494421,1,1,41.0,41.0
142552066,1,1,19.5,19.5
142591675,3,3,21.8,7.26666666666667
142602286,1,1,22.0,22.0
142650116,13,10,77.9,7.79
142696524,1,1,258.0,258.0
142706526,17,8,161.4,20.175
142721011,1,1,69.0,69.0
142750305,31,22,1115.8,50.7181818181818
142754561,3,3,259.0,86.3333333333333
142775542,52,25,484.2,19.368
142790708,7,6,2418.1,403.016666666667
142793906,47,33,874.1,26.4878787878788
142794497,1,1,1.8,1.8
142799594,25,22,740.4,33.6545454545455
142801176,3,2,119.0,59.5
142803056,1,1,1.5,1.5
142844201,18,9,143.6,15.9555555555556
142955654,1,1,11.8,11.8
142967660,2,1,4.0,4.0
142971534,7,4,51.4,12.85
142999522,23,2,669.2,334.6
143006890,1,1,0.5,0.5
143062096,4,4,7.6,1.9
143124637,9,8,44.1,5.5125
143127924,1,1,2.4,2.4
143137329,1,1,2566.0,2566.0
143153541,6,1,0.3,0.3
143156437,1,1,6.7,6.7
143157943,11,4,305.2,76.3
143158466,1,1,12.2,12.2
143177422,1,1,2.3,2.3
143198617,6,1,14.7,14.7
143198999,1,0,0,0
143222174,3,2,24.7,12.35
143223745,1,1,4.3,4.3
143235127,23,14,203.2,14.5142857142857
143275153,1,1,0.7,0.7
143289534,1,1,3.1,3.1
143339438,3,2,1.8,0.9
143343409,4,3,129.9,43.3
143366704,1,1,2.9,2.9
143381893,1,1,8.4,8.4
143446735,1,1,11.2,11.2
143449478,1,1,265.0,265.0
143459727,10,7,492.6,70.3714285714286
143560279,1,1,1155.0,1155.0
143588434,1,1,3.3,3.3
143590545,1,1,276.0,276.0
143629070,5,3,177.6,59.2
143643478,73,23,445.8,19.3826086956522
143669519,1,1,0.4,0.4
143669656,1,1,1.1,1.1
143671754,1,1,21.0,21.0
143693450,1,1,2.9,2.9
143734410,1,1,2.0,2.0
143770130,9,6,39.5,6.58333333333333
143788323,1,1,25.0,25.0
143824748,3,2,3.3,1.65
143859315,1,1,1.4,1.4
143877335,130,50,846.9,16.938
143917036,1,1,1129.0,1129.0
143987972,1,1,0.7,0.7
144004384,1,1,22.0,22.0
144004666,1,1,4.6,4.6
144021086,1,1,492.0,492.0
144024725,6,1,206.0,206.0
144059425,1,1,7.0,7.0
144071257,108,40,1565.9,39.1475
144103384,1,1,447.0,447.0
144114673,1,1,0.7,0.7
144132703,1,1,7.5,7.5
144138643,1,1,5.2,5.2
144144570,1,1,366.0,366.0
144153802,9,1,801.0,801.0
144188136,3,3,33.3,11.1
144197012,1,1,0.8,0.8
144202828,1,1,3.2,3.2
144229102,1,1,46.0,46.0
144276946,1,1,1.0,1.0
144307381,1,1,0.1,0.1
144319593,1,1,0.4,0.4
144347801,16,12,527.4,43.95
144381643,1,1,143.0,143.0
144387163,2,2,378.0,189.0
144412676,11,11,646.4,58.7636363636364
144455775,5,3,3065.4,1021.8
144463267,1,1,1.7,1.7
144463433,2,2,49.1,24.55
144505477,1,1,1.5,1.5
144508237,1,1,1.7,1.7
144515751,1,1,0.3,0.3
144516443,1,1,39.0,39.0
144532046,22,5,2766.2,553.24
144546440,1,1,4.4,4.4
144565105,1,1,8.5,8.5
144578181,7,5,30.4,6.08
144580725,46,25,1826.3,73.052
144626100,5,1,328.0,328.0
144652370,1,1,3.6,3.6
144665493,2,1,280.0,280.0
144679568,9,5,12.4,2.48
144681252,1,1,3.9,3.9
144715893,1,1,15.0,15.0
144716176,1,1,0.9,0.9
144731554,1,1,1151.0,1151.0
144736559,1,1,370.0,370.0
144736928,2,2,88.8,44.4
144737094,2,2,1000.1,500.05
144737312,1,1,392.0,392.0
144762614,9,6,2617.9,436.316666666667
144813543,6,2,1078.0,539.0
144824885,20,11,66.0,6.0
144835995,1,1,2086.0,2086.0
144845684,13,11,88.3,8.02727272727273
144854157,5,2,46.8,23.4
144880494,2,1,2.4,2.4
144900175,1,1,1323.0,1323.0
144911326,2,1,1445.0,1445.0
144968130,1,1,1.4,1.4
144977276,1,1,812.0,812.0
145027235,1,1,13.8,13.8
145041407,3,1,1177.0,1177.0
145050295,1,1,71.0,71.0
145052189,1,1,0.5,0.5
145060724,1,1,0.4,0.4
145078067,1,1,14.8,14.8
145117004,15,13,393.0,30.2307692307692
145132643,1,1,1.0,1.0
145137322,1,1,1409.0,1409.0
145202608,6,1,1207.0,1207.0
145243748,39,28,591.0,21.1071428571429
145247573,2,1,9.8,9.8
145260456,2,1,153.0,153.0
145275657,6,4,418.5,104.625
145299659,3,0,0,0
145320311,12,7,783.6,111.942857142857
145368259,3,1,25.0,25.0
145507090,1,1,1.4,1.4
145508370,1,1,2.3,2.3
145512685,27,24,1875.8,78.1583333333333
145534973,4,2,250.0,125.0
145606876,7,6,4916.2,819.366666666667
145620149,1,1,12.4,12.4
145633458,1,1,13.0,13.0
145646661,2,2,353.6,176.8
145658798,1,1,1.7,1.7
145670348,8,1,126.0,126.0
145672760,1,1,4.4,4.4
145710414,1,1,2.9,2.9
145722517,1,1,176.0,176.0
145754702,1,1,101.0,101.0
145825155,15,13,155.8,11.9846153846154
145834524,1,1,972.0,972.0
145839555,1,1,0.6,0.6
145840451,1,1,113.0,113.0
145844862,1,1,4.0,4.0
145867654,3,2,300.5,150.25
145869570,1,1,2.5,2.5
145872177,1,1,44.0,44.0
145890520,1,1,5.1,5.1
145904806,1,1,1.4,1.4
145908178,8,6,1278.3,213.05
145927933,14,12,946.8,78.9
145929178,1,1,38.0,38.0
145980974,1,1,123.0,123.0
146003284,1,1,51.0,51.0
146007471,42,31,1176.7,37.958064516129
146016192,8,4,7.9,1.975
146022542,16,10,74.0,7.4
146055391,1,1,2.1,2.1
146067806,1,1,1.6,1.6
146092736,1,1,48.0,48.0
146108388,2,1,0.2,0.2
146116064,1,1,2.5,2.5
146145063,12,8,539.5,67.4375
146152475,1,1,13.8,13.8
146168069,1,1,462.0,462.0
146180405,1,1,85.0,85.0
146230543,1,1,0.8,0.8
146257187,1,1,284.0,284.0
146326949,1,1,32.0,32.0
146355606,1,1,16.6,16.6
146427029,9,9,1085.5,120.611111111111
146449077,1,1,1233.0,1233.0
146463817,1,1,12.2,12.2
146517796,5,5,296.6,59.32
146567789,1,1,498.0,498.0
146584740,1,1,4.7,4.7
146585181,1,1,4.3,4.3
146594813,3,3,252.1,84.0333333333333
146607430,1,1,78.0,78.0
146611097,8,1,119.0,119.0
146678136,1,1,1.9,1.9
146682210,1,1,0.3,0.3
146693761,1,1,7.4,7.4
146704328,1,1,266.0,266.0
146711832,1,1,4.4,4.4
146762928,6,4,198.4,49.6
146785235,1,1,0.8,0.8
146796532,1,1,74.0,74.0
146809006,9,3,387.3,129.1
146813551,1,1,0.6,0.6
146834586,1,1,1.0,1.0
146841726,2,1,1386.0,1386.0
146900719,5,3,57.7,19.2333333333333
146979551,2,2,5.0,2.5
146994562,2,1,0.8,0.8
146999982,7,6,46.0,7.66666666666667
147029458,1,1,0.6,0.6
147064019,1,1,1.3,1.3
147066117,2,0,0,0
147079200,6,4,6.1,1.525
147114426,1,1,1.8,1.8
147120267,8,1,0.6,0.6
147131147,1,1,44.0,44.0
147140659,2,2,307.5,153.75
147143958,3,3,30.8,10.2666666666667
147147106,1,1,1.0,1.0
147149544,1,1,0.4,0.4
147154527,1,1,542.0,542.0
147159299,1,1,3.3,3.3
147228931,1,1,3.4,3.4
147251779,3,1,0.2,0.2
147279161,1,1,398.0,398.0
147283870,1,1,19.6,19.6
147340721,1,1,15.6,15.6
147361523,1,1,1.7,1.7
147381026,1,1,4.3,4.3
147395962,5,3,208.3,69.4333333333333
147402762,2,2,10.2,5.1
147408505,1,1,71.0,71.0
147440059,1,1,0.6,0.6
147444403,1,1,0.7,0.7
147456299,1,1,9.3,9.3
147498227,1,1,7.6,7.6
147499580,1,1,1.2,1.2
147551308,2,1,302.0,302.0
147563118,20,1,879.0,879.0
147600704,1,1,1.4,1.4
147602451,9,1,102.0,102.0
147602462,97,71,683.1,9.62112676056338
147619675,1,1,0.5,0.5
147619919,1,1,5.3,5.3
147654879,1,1,0.5,0.5
147750440,1,1,4.5,4.5
147764275,1,1,766.0,766.0
147795278,1,1,0.3,0.3
147810275,4,1,1.4,1.4
147859903,50,29,168.4,5.80689655172414
147876770,2,1,0.5,0.5
147879598,10,7,196.3,28.0428571428571
147910240,6,6,52.9,8.81666666666667
148073435,1,1,2.9,2.9
148118934,1,1,1.2,1.2
148162764,3,2,87.6,43.8
148246305,20,9,327.4,36.3777777777778
148264060,14,13,1238.5,95.2692307692308
148288759,1,1,363.0,363.0
148322156,17,9,3.8,0.422222222222222
148327615,1,1,816.0,816.0
148346652,11,2,55.2,27.6
148362155,226,98,3568.8,36.4163265306122
148400139,1,1,1.9,1.9
148413660,1,1,0.4,0.4
148424406,1,1,2.1,2.1
148467772,16,9,193.2,21.4666666666667
148476467,3,3,21.2,7.06666666666667
148499580,1,1,2.7,2.7
148510973,66,18,1790.7,99.4833333333333
148528469,1,1,0.3,0.3
148546383,1,1,116.0,116.0
148576413,1,1,146.0,146.0
148619573,1,1,807.0,807.0
148631188,7,3,271.2,90.4
148663325,1,1,7.0,7.0
148674157,58,38,379.4,9.98421052631579
148761419,2,2,240.0,120.0
148773331,5,5,188.2,37.64
148831715,23,19,128.6,6.76842105263158
148833344,1,1,1989.0,1989.0
148847158,1,1,25.0,25.0
148860618,1,1,14.8,14.8
148893116,1,1,6.1,6.1
148894894,1,1,1.5,1.5
148928721,14,12,2721.1,226.758333333333
148932080,1,1,10.0,10.0
148939255,1,1,77.0,77.0
148959028,1,1,22.0,22.0
148976064,1,1,1.2,1.2
149009099,1,1,2.7,2.7
149032069,1,1,1.1,1.1
149053502,1,1,1.4,1.4
149081421,1,1,1.0,1.0
149122593,1,1,4.1,4.1
149143479,13,9,1011.0,112.333333333333
149144202,1,1,0.5,0.5
149150848,1,1,43.0,43.0
149194171,1,1,79.0,79.0
149233338,1,1,5.5,5.5
149291366,4,3,24.2,8.06666666666667
149310293,1,1,0.6,0.6
149318464,1,1,66.0,66.0
149331941,9,7,185.5,26.5
149350556,1,1,0.4,0.4
149365029,1,1,0.4,0.4
149368095,1,1,149.0,149.0
149384813,1,1,6.9,6.9
149386510,1,1,30.0,30.0
149424772,11,10,656.5,65.65
149434889,1,1,19.4,19.4
149438233,3,2,2.9,1.45
149449755,2,2,61.0,30.5
149451413,1,1,2.5,2.5
149455125,1,1,0.6,0.6
149501464,1,1,48.0,48.0
149505485,8,6,358.1,59.6833333333333
149529833,1,1,0.5,0.5
149541004,1,1,0.9,0.9
149556407,1,1,0.5,0.5
149579610,5,1,881.0,881.0
149689548,2,2,7.8,3.9
149699301,1,1,8.6,8.6
149710944,1,1,2.0,2.0
149711127,1,1,6.3,6.3
149741997,5,4,205.7,51.425
149790632,1,1,40.0,40.0
149795092,7,5,4.4,0.88
149810726,16,11,510.7,46.4272727272727
149820947,9,1,274.0,274.0
149825972,1,1,150.0,150.0
149832495,1,1,9.5,9.5
149840320,2,2,230.2,115.1
149850626,4,0,0,0
149860301,1,1,0.7,0.7
149873773,1,1,105.0,105.0
149911598,1,1,2.2,2.2
149920224,52,30,1531.1,51.0366666666667
149931915,1,1,10.6,10.6
150033540,101,72,752.6,10.4527777777778
150039339,1,1,17.8,17.8
150100130,1,1,202.0,202.0
150102806,1,1,0.3,0.3
150103338,1,1,1.9,1.9
150128162,1,1,42.0,42.0
150135487,30,11,76.2,6.92727272727273
150137344,18,17,1832.1,107.770588235294
150140786,1,1,1.4,1.4
150144638,1,1,0.9,0.9
150182632,9,7,207.5,29.6428571428571
150225672,1,1,31.0,31.0
150282867,9,5,157.7,31.54
150305902,24,16,68.2,4.2625
150326378,9,9,97.9,10.8777777777778
150362399,1,1,33.0,33.0
150370754,1,1,5.5,5.5
150382608,1,1,717.0,717.0
150386429,1,1,57.0,57.0
150395329,1,1,607.0,607.0
150396347,1,1,3.7,3.7
150397316,15,14,221.1,15.7928571428571
150405762,2,1,16.7,16.7
150408079,1,1,76.0,76.0
150424384,1,1,0.3,0.3
150457019,1,1,75.0,75.0
150472108,8,6,266.3,44.3833333333333
150538933,1,1,462.0,462.0
150623264,4,2,20.2,10.1
150632096,1,1,3.0,3.0
150644179,1,1,0.5,0.5
150652861,2,1,4.6,4.6
150697950,1,1,0.6,0.6
150720815,1,1,417.0,417.0
150731350,1,1,9.7,9.7
150746659,1,1,1.3,1.3
150751526,79,49,885.8,18.0775510204082
150762951,1,1,0.3,0.3
150789931,55,32,1288.9,40.278125
150793375,1,1,7.7,7.7
150794152,1,1,742.0,742.0
150820937,1,1,16.1,16.1
150828477,1,1,2.9,2.9
150871288,1,1,17.6,17.6
150882304,50,10,762.6,76.26
150903970,1,1,0.9,0.9
150909485,12,7,119.6,17.0857142857143
150910680,1,1,1.7,1.7
150965343,1,1,5.3,5.3
150968058,2,1,1126.0,1126.0
150974633,2,2,9.9,4.95
150991587,3,3,589.6,196.533333333333
150995572,23,17,1304.8,76.7529411764706
151015947,56,30,103.8,3.46
151038065,1,1,225.0,225.0
151042957,1,1,0.3,0.3
151058601,1,1,12.9,12.9
151080401,1,1,1.2,1.2
151129695,2,1,0.2,0.2
151133200,1,1,5.5,5.5
151213607,1,1,0.4,0.4
151229648,33,23,1244.3,54.1
151234988,5,5,1660.7,332.14
151256632,21,19,223.1,11.7421052631579
151257543,1,1,1168.0,1168.0
151264009,1,1,0.8,0.8
151330875,1,1,10.7,10.7
151331732,8,6,83.5,13.9166666666667
151353081,1,1,1.9,1.9
151381644,1,1,6.2,6.2
151397156,3,2,46.0,23.0
151465345,2,1,22.0,22.0
151470260,2,2,17.8,8.9
151481334,1,1,56.0,56.0
151515141,1,1,0.1,0.1
151600301,34,29,2885.2,99.4896551724138
151601979,1,1,41.0,41.0
151603712,40,26,439.9,16.9192307692308
151662395,18,12,622.4,51.8666666666667
151724188,1,1,20.0,20.0
151727207,3,2,157.7,78.85
151817681,1,1,5.0,5.0
151938509,4,4,33.8,8.45
151943497,7,4,4.0,1.0
151960085,1,1,30.0,30.0
151998898,1,1,28.0,28.0
152019326,1,1,5.8,5.8
152078939,66,40,637.7,15.9425
152082114,1,1,2.8,2.8
152133307,1,1,0.2,0.2
152133579,1,1,76.0,76.0
152137140,1,1,1.4,1.4
152175390,4,3,25.7,8.56666666666667
152291766,3,2,510.1,255.05
152302676,1,1,0.3,0.3
152309184,1,1,14.1,14.1
152310454,1,1,811.0,811.0
152328066,2,1,40.0,40.0
152367732,1,1,554.0,554.0
152375240,1,1,106.0,106.0
152419713,75,53,1286.0,24.2641509433962
152476201,2,1,372.0,372.0
152476584,2,2,5.3,2.65
152485214,1,1,0.1,0.1
152497084,35,21,1065.2,50.7238095238095
152542298,6,3,37.9,12.6333333333333
152552195,1,1,8.9,8.9
152567497,1,1,1.2,1.2
152581137,1,1,0.3,0.3
152585209,57,35,1029.5,29.4142857142857
152597701,1,1,0.5,0.5
152621181,1,1,2.2,2.2
152639272,2,1,1.2,1.2
152694671,1,1,0.8,0.8
152701541,1,1,0.7,0.7
152741550,2,2,30.7,15.35
152793135,1,1,7.8,7.8
152812792,1,1,65.0,65.0
152821827,2,1,484.0,484.0
152850905,11,3,1714.6,571.533333333333
152851917,1,1,7.2,7.2
152861732,22,12,871.8,72.65
152867378,1,1,39.0,39.0
152889443,1,1,342.0,342.0
152929009,1,1,21.0,21.0
152934929,1,1,18.7,18.7
152945749,6,1,825.0,825.0
152948396,1,1,16.3,16.3
152956403,34,22,208.9,9.49545454545455
152959594,115,90,1738.3,19.3144444444444
152983035,1,1,0.6,0.6
153017703,12,10,1009.8,100.98
153026960,1,1,18.3,18.3
153028703,3,1,387.0,387.0
153046757,1,1,119.0,119.0
153076975,42,27,412.8,15.2888888888889
153097805,5,5,92.2,18.44
153144971,6,5,1029.1,205.82
153148942,37,21,169.0,8.04761904761905
153156310,6,4,3490.3,872.575
153164320,1,1,9.7,9.7
153166211,5,1,0.6,0.6
153197178,1,1,0.5,0.5
153281729,1,1,0.4,0.4
153290864,1,1,0.8,0.8
153361267,2,1,4.8,4.8
153382649,2,1,9640.0,9640.0
153390095,1,1,1.6,1.6
153399994,4,0,0,0
153415214,1,1,0.2,0.2
153428440,1,1,110.0,110.0
153431729,2,2,8.0,4.0
153434378,1,1,21.0,21.0
153475364,1,1,2.4,2.4
153495323,1,1,6.1,6.1
153541594,1,1,14.9,14.9
153543959,3,3,11.4,3.8
153545980,1,1,0.5,0.5
153556435,1,1,0.6,0.6
153593157,2,1,764.0,764.0
153633636,10,2,153.8,76.9
153643202,1,1,25.0,25.0
153747813,1,1,0.4,0.4
153772705,1,1,0.9,0.9
153774422,1,1,491.0,491.0
153819101,2,1,35.0,35.0
153819708,1,1,1.1,1.1
153821154,53,7,86.7,12.3857142857143
153823616,5,5,180.3,36.06
153828204,1,1,1762.0,1762.0
153835752,1,1,0.4,0.4
153841049,1,1,10.5,10.5
153872830,1,1,47.0,47.0
153945772,16,11,1781.6,161.963636363636
153956921,64,33,555.6,16.8363636363636
153991478,12,10,111.7,11.17
154014392,39,29,946.9,32.651724137931
154017479,1,1,1.0,1.0
154083425,3,2,5.6,2.8
154099092,3,1,226.0,226.0
154105212,1,1,89.0,89.0
154123088,8,6,158.2,26.3666666666667
154137401,1,1,1.3,1.3
154145611,20,14,2280.3,162.878571428571
154174570,1,1,0.7,0.7
154208464,3,3,1055.0,351.666666666667
154210162,1,1,780.0,780.0
154220574,1,1,1.9,1.9
154230723,413,87,1970.9,22.6540229885057
154230933,221,22,215.2,9.78181818181818
154245235,1,1,0.1,0.1
154274745,1,1,0.3,0.3
154275055,1,1,955.0,955.0
154276203,1,1,2.5,2.5
154281477,1,1,418.0,418.0
154296520,30,28,2094.2,74.7928571428571
154316707,3,1,1534.0,1534.0
154330480,1,1,36.0,36.0
154374262,6,1,1010.0,1010.0
154393235,1,1,107.0,107.0
154406815,1,1,8.9,8.9
154425908,2,2,28.3,14.15
154458931,21,15,166.7,11.1133333333333
154485753,8,8,634.0,79.25
154527422,1,1,1.7,1.7
154531790,1,1,0.1,0.1
154533830,30,16,925.3,57.83125
154555730,1,1,2.1,2.1
154560653,1,1,41.0,41.0
154611788,1,1,1.6,1.6
154617624,1,1,0.1,0.1
154624403,1,1,10.5,10.5
154671192,1,1,2.0,2.0
154683982,1,1,7.5,7.5
154687199,21,8,761.4,95.175
154691996,1,1,0.1,0.1
154730370,61,41,1698.9,41.4365853658537
154745722,1,1,0.2,0.2
154787874,1,1,26.0,26.0
154817899,10,6,707.5,117.916666666667
154868247,4,1,0.6,0.6
154882228,1,1,432.0,432.0
154895569,1,1,8.8,8.8
154940708,4,1,0.9,0.9
154940949,28,22,472.4,21.4727272727273
154956362,6,1,0.3,0.3
155003926,15,12,514.8,42.9
155032068,5,4,18.7,4.675
155036762,2,2,7.4,3.7
155042139,38,28,1371.9,48.9964285714286
155052784,1,1,2.8,2.8
155061850,1,1,1079.0,1079.0
155069128,1,1,3010.0,3010.0
155071993,10,7,33.9,4.84285714285714
155082814,2,2,2.8,1.4
155092386,1,1,0.8,0.8
155114757,1,1,3.8,3.8
155118453,1,1,2.6,2.6
155119411,1,1,367.0,367.0
155131347,1,1,3.6,3.6
155153886,1,1,0.7,0.7
155155363,3,3,8.6,2.86666666666667
155182551,1,1,4228.0,4228.0
155183068,6,4,11.5,2.875
155190853,1,1,13.2,13.2
155210304,1,1,0.6,0.6
155242980,1,1,0.5,0.5
155249913,1,1,3.0,3.0
155277811,3,1,33.0,33.0
155283245,1,1,0.5,0.5
155342268,8,4,333.9,83.475
155420511,21,10,1269.1,126.91
155464938,1,1,61.0,61.0
155471453,1,1,1.5,1.5
155528118,1,1,1.0,1.0
155613860,5,1,2.2,2.2
155624237,7,2,21.1,10.55
155669429,2,2,0.7,0.35
155673786,173,55,3061.7,55.6672727272727
155706294,1,1,25.0,25.0
155718820,30,25,543.6,21.744
155752052,1,1,0.6,0.6
155772849,16,7,7.7,1.1
155781142,1,1,0.4,0.4
155793870,1,1,2.0,2.0
155794117,1,1,2.6,2.6
155818761,1,1,12.6,12.6
155838344,1,1,1.3,1.3
155844529,1,1,0.6,0.6
155858528,1,1,148.0,148.0
155881626,49,2,895.0,447.5
155909277,1,1,1.3,1.3
155919035,213,155,1233.7,7.95935483870968
155945477,2,2,2.1,1.05
155963474,10,6,1332.4,222.066666666667
155964819,2,2,4.5,2.25
155993090,1,1,3.5,3.5
155997063,1,1,3.0,3.0
156002832,2,2,26.7,13.35
156021358,2,2,7.5,3.75
156039980,1,1,8.3,8.3
156071982,59,49,729.0,14.8775510204082
156079601,1,1,6.7,6.7
156090224,1,1,16.6,16.6
156145362,1,1,0.2,0.2
156150706,1,1,546.0,546.0
156156544,1,1,5.3,5.3
156202123,2,2,1.0,0.5
156270296,1,1,0.8,0.8
156271246,9,8,63.4,7.925
156274884,1,1,3.0,3.0
156286815,1,1,14.0,14.0
156297441,16,7,324.4,46.3428571428571
156303898,3,2,39.8,19.9
156312176,1,1,1.7,1.7
156321775,1,1,2.5,2.5
156343742,3,2,1061.2,530.6
156373246,1,1,0.7,0.7
156379077,30,25,459.8,18.392
156382881,1,1,0.4,0.4
156407138,3,3,122.1,40.7
156407373,34,26,709.5,27.2884615384615
156423928,1,1,5.6,5.6
156426681,18,13,271.0,20.8461538461538
156440750,5,4,29.4,7.35
156458299,1,1,0.8,0.8
156460514,3,2,68.6,34.3
156493428,1,1,3.5,3.5
156494774,2,1,2.5,2.5
156506614,1,1,3.7,3.7
156565178,132,61,458.0,7.50819672131148
156578722,1,1,45.0,45.0
156615447,51,35,1166.4,33.3257142857143
156617310,1,1,0.6,0.6
156619742,6,6,30.2,5.03333333333333
156639838,3,2,10.1,5.05
156669447,2,1,15.5,15.5
156675178,97,61,252.3,4.13606557377049
156689404,1,1,0.4,0.4
156733822,5,5,124.8,24.96
156742049,1,1,12.1,12.1
156748261,6,5,39.0,7.8
156763142,1,1,5.9,5.9
156778965,1,1,10.2,10.2
156787969,6,1,0.2,0.2
156799348,4,1,22.0,22.0
156818121,78,43,1163.2,27.0511627906977
156821142,7,0,0,0
156831526,4,2,36.5,18.25
156859477,1,1,87.0,87.0
156877824,1,0,0,0
156879739,30,24,2181.1,90.8791666666667
156896203,1,1,0.2,0.2
156904436,1,1,0.2,0.2
156941467,11,7,433.5,61.9285714285714
156946266,6,6,3485.4,580.9
156965566,9,5,510.3,102.06
157003504,1,1,1.0,1.0
157047851,1,1,9.9,9.9
157058673,21,6,176.5,29.4166666666667
157070205,1,1,6.2,6.2
157070584,1,1,0.5,0.5
157080495,32,22,272.6,12.3909090909091
157095466,12,3,660.6,220.2
157104680,1,1,1559.0,1559.0
157109900,1,1,150.0,150.0
157138238,1,1,33.0,33.0
157141574,1,1,136.0,136.0
157193017,14,3,99.7,33.2333333333333
157235483,32,11,733.5,66.6818181818182
157275758,22,20,541.1,27.055
157314597,6,4,2700.4,675.1
157333988,2,2,2290.3,1145.15
157338877,6,3,51.1,17.0333333333333
157341587,51,35,1136.7,32.4771428571429
157362930,1,1,2.0,2.0
157391838,19,12,825.8,68.8166666666667
157397663,1,1,0.9,0.9
157414627,1,1,14.1,14.1
157467012,1,1,28.0,28.0
157469247,21,13,144.1,11.0846153846154
157530604,7,6,130.2,21.7
157569705,6,1,141.0,141.0
157578481,1,0,0,0
157598403,1,1,1.3,1.3
157628719,1,1,1.5,1.5
157636450,157,6,2663.6,443.933333333333
157692363,5,2,622.3,311.15
157694162,1,1,2.0,2.0
157741885,1,1,1.0,1.0
157766388,16,1,505.0,505.0
157811997,9,7,389.7,55.6714285714286
157860100,1,1,7.6,7.6
157885152,1,1,725.0,725.0
157887709,1,1,13.4,13.4
157899431,12,9,242.6,26.9555555555556
157899889,1,1,0.2,0.2
157906181,1,1,0.1,0.1
157939385,1,1,0.2,0.2
158000494,1,0,0,0
158005818,1,1,1106.0,1106.0
158121917,3,3,1246.8,415.6
158136134,2,2,1463.0,731.5
158136791,40,8,1531.3,191.4125
158159336,13,11,22.2,2.01818181818182
158173228,16,10,726.9,72.69
158195187,1,1,0.3,0.3
158211774,1,1,120.0,120.0
158237531,1,1,6.7,6.7
158260880,1,1,15.8,15.8
158265363,1,1,0.6,0.6
158267574,1,1,5.8,5.8
158277459,18,8,617.2,77.15
158324196,7,4,1522.0,380.5
158333599,1,1,3.2,3.2
158363887,4,2,76.0,38.0
158383365,1,1,2.7,2.7
158429732,9,9,134.4,14.9333333333333
158447093,1,1,6.3,6.3
158469748,2,2,63.8,31.9
158476996,17,15,420.5,28.0333333333333
158481258,22,2,2312.0,1156.0
158481852,1,1,1.5,1.5
158495272,13,8,1410.1,176.2625
158496230,1,1,12.3,12.3
158510672,2,2,19.7,9.85
158561350,8,2,27.4,13.7
158576100,6,5,1266.1,253.22
158601180,3,2,205.1,102.55
158608850,37,28,380.3,13.5821428571429
158620881,6,6,119.4,19.9
158655503,8,6,58.8,9.8
158655873,1,1,6.9,6.9
158693714,1,1,2741.0,2741.0
158712831,1,1,1.9,1.9
158762452,1,1,1.5,1.5
158799099,1,1,37.0,37.0
158813353,1,1,0.6,0.6
158828239,4,2,241.5,120.75
158866144,1,1,10.9,10.9
158876958,1,1,0.2,0.2
158877899,9,6,1175.8,195.966666666667
158891314,6,5,70.0,14.0
158899877,1,1,8.2,8.2
158923194,1,1,6.2,6.2
158944454,10,7,97.4,13.9142857142857
158952821,2,0,0,0
158959728,1,1,3.7,3.7
158974308,20,17,742.1,43.6529411764706
159000186,1,1,11.1,11.1
159012617,1,1,1.2,1.2
159034250,1,1,61.0,61.0
159077305,33,16,1292.4,80.775
159086542,1,0,0,0
159114904,41,5,390.0,78.0
159129006,4,1,16.2,16.2
159139948,1,1,1.5,1.5
159149512,1,1,10.6,10.6
159150588,1,1,5.3,5.3
159152280,3,3,23.1,7.7
159158411,2,2,52.9,26.45
159190291,2,2,70.2,35.1
159211669,2,2,8.7,4.35
159248043,5,3,9.6,3.2
159277759,13,9,73.3,8.14444444444444
159279906,1,1,1.7,1.7
159283849,1,1,1.0,1.0
159364080,1,1,1.2,1.2
159365538,11,9,352.4,39.1555555555556
159371621,77,41,273.9,6.68048780487805
159374866,1,1,10.5,10.5
159377740,1,1,46.0,46.0
159386087,1,1,4.5,4.5
159389512,1,1,1.1,1.1
159398853,1,1,15.0,15.0
159411437,22,15,111.4,7.42666666666667
159416133,1,0,0,0
159424645,8,8,202.2,25.275
159428605,55,24,1411.8,58.825
159458198,4,2,143.6,71.8
159474046,1,1,3.7,3.7
159484357,27,22,413.9,18.8136363636364
159512099,1,0,0,0
159515274,1,0,0,0
159524722,10,6,58.5,9.75
159531216,2,2,18.0,9.0
159535257,5,3,64.2,21.4
159538705,1,0,0,0
159549486,1,0,0,0
159570497,2,0,0,0
159582514,1,0,0,0
159595237,3,3,156.8,52.2666666666667
159647844,1,0,0,0
159651274,1,0,0,0
159654421,2,0,0,0
159677499,18,15,223.9,14.9266666666667
159683231,1,1,1.4,1.4
159688146,8,3,7.0,2.33333333333333
159694986,1,0,0,0
159724167,1,1,2.5,2.5
159726428,6,4,75.7,18.925
159734412,5,4,47.3,11.825
159741914,1,0,0,0
159768153,1,0,0,0
159777976,1,1,9.3,9.3
159780220,1,0,0,0
159795622,1,0,0,0
159800136,170,118,1868.2,15.8322033898305
159812802,5,4,40.1,10.025
159814545,1,1,2.2,2.2
159835268,1,1,200.0,200.0
159835968,1,1,10.5,10.5
159841516,1,1,18.4,18.4
159842342,1,1,5.8,5.8
159844178,1,0,0,0
159850817,5,4,99.5,24.875
159852613,7,7,223.2,31.8857142857143
159853048,2,2,0.5,0.25
159865370,2,2,18.7,9.35
159867966,1,0,0,0
159888236,2,2,1.5,0.75
159922493,5,5,33.5,6.7
159936874,1,1,56.0,56.0
159946174,8,7,435.8,62.2571428571429
159956364,1,0,0,0
159960477,1,0,0,0
159966899,1,0,0,0
159983691,1,0,0,0
159994178,19,17,873.6,51.3882352941176
159995376,1,0,0,0
160029841,1,1,3.5,3.5
160036273,1,1,14.2,14.2
160042745,7,6,1044.0,174.0
160055758,2,2,10.9,5.45
160058529,1,1,7.2,7.2
160065494,1,1,114.0,114.0
160139917,1,1,1.4,1.4
160162882,8,3,1443.6,481.2
160264413,1,1,286.0,286.0
160288335,28,12,294.6,24.55
160288543,4,4,1583.0,395.75
160299889,23,16,427.8,26.7375
160310816,1,1,32.0,32.0
160364257,1,1,8.3,8.3
160373639,3,2,65.6,32.8
160427210,25,23,2826.2,122.878260869565
160430559,1,1,2.6,2.6
160433170,3,1,1.5,1.5
160453177,1,1,678.0,678.0
160461131,7,6,9.8,1.63333333333333
160469883,7,7,41.7,5.95714285714286
160550083,1,1,0.5,0.5
160598077,3,2,9.2,4.6
160601937,1,1,7.0,7.0
160620803,2,2,27.1,13.55
160640171,11,9,31.9,3.54444444444444
160649706,1,1,2.0,2.0
160653177,1,1,0.3,0.3
160673726,6,3,361.6,120.533333333333
160725611,2,2,9.3,4.65
160732832,4,0,0,0
160749747,5,2,3.0,1.5
160767652,12,6,353.9,58.9833333333333
160776422,1,1,0.6,0.6
160791508,6,4,64.2,16.05
160806303,1,1,0.2,0.2
160819372,1,1,8.4,8.4
160831523,1,1,1.2,1.2
160844169,1,1,274.0,274.0
160883669,37,28,1372.8,49.0285714285714
160887309,17,11,98.3,8.93636363636364
160922242,12,9,126.2,14.0222222222222
160928826,3,2,9.5,4.75
160937329,1,1,2.4,2.4
160965612,9,8,29.4,3.675
160993265,1,1,0.4,0.4
161007736,6,1,117.0,117.0
161013852,43,2,722.0,361.0
161046658,1,1,4.2,4.2
161062314,11,1,224.0,224.0
161063960,2,2,436.0,218.0
161076041,1,1,420.0,420.0
161084061,1,1,379.0,379.0
161084485,2,2,11.6,5.8
161085459,2,1,0.1,0.1
161085944,1,1,0.2,0.2
161103820,3,3,167.0,55.6666666666667
161117453,5,4,280.5,70.125
161118595,1,0,0,0
161139120,11,10,443.9,44.39
161140815,6,5,80.7,16.14
161186800,1,1,2.1,2.1
161211955,7,5,177.7,35.54
161220142,1,1,21.0,21.0
161234634,1,1,18.9,18.9
161240367,9,7,1181.9,168.842857142857
161241228,1,1,1691.0,1691.0
161248480,12,3,145.0,48.3333333333333
161275092,6,0,0,0
161309693,6,4,6.5,1.625
161338471,13,6,55.4,9.23333333333333
161339015,1,1,2.5,2.5
161361254,4,3,9.5,3.16666666666667
161366228,50,27,1263.8,46.8074074074074
161383225,5,4,33.2,8.3
161384593,30,26,434.2,16.7
161405419,5,2,8.6,4.3
161408431,1,1,4.6,4.6
161411713,1,1,60.0,60.0
161420779,1,1,2.1,2.1
161428298,1,1,0.2,0.2
161444156,4,3,2891.9,963.966666666667
161504500,1,1,0.3,0.3
161535358,1,1,0.7,0.7
161540905,1,0,0,0
161601485,1,1,0.4,0.4
161615012,1,1,2.8,2.8
161623464,38,24,620.6,25.8583333333333
161632348,1,1,1.4,1.4
161632739,4,4,130.5,32.625
161633525,1,1,0.8,0.8
161634552,1,1,2.4,2.4
161637382,1,1,14.0,14.0
161641723,1,1,369.0,369.0
161654643,1,1,4.8,4.8
161657866,3,3,475.5,158.5
161659407,29,24,398.4,16.6
161663718,8,8,1085.9,135.7375
161666011,1,1,0.4,0.4
161671285,1,1,1.3,1.3
161672514,1,1,14.1,14.1
161759944,15,13,46.6,3.58461538461538
161772384,39,5,1065.6,213.12
161777161,1,1,30.0,30.0
161811523,6,4,503.7,125.925
161816812,69,37,1766.1,47.7324324324324
161816929,1,1,3.6,3.6
161896440,44,24,587.6,24.4833333333333
161919513,2,2,26.6,13.3
161936923,2,0,0,0
161964288,1,1,4.0,4.0
161974027,2,2,14.1,7.05
161978121,1,0,0,0
161991221,68,43,533.6,12.4093023255814
162024985,1,1,2.7,2.7
162068651,6,6,100.0,16.6666666666667
162076421,16,13,1951.1,150.084615384615
162081645,34,28,886.8,31.6714285714286
162086115,1,1,1.1,1.1
162179350,1,1,0.2,0.2
162179898,1,1,0.7,0.7
162214363,31,15,1679.8,111.986666666667
162258000,1,1,0.8,0.8
162262069,1,1,0.3,0.3
162288536,99,62,2973.1,47.9532258064516
162298430,1,1,3.9,3.9
162319568,15,4,1308.0,327.0
162319690,8,2,2436.1,1218.05
162321309,2,2,32.6,16.3
162370266,6,5,20.4,4.08
162396225,1,1,1.2,1.2
162421622,35,25,985.7,39.428
162446312,1,0,0,0
162453723,29,19,601.4,31.6526315789474
162478997,1,1,4.2,4.2
162479816,1,1,35.0,35.0
162512492,2,2,54.8,27.4
162543176,9,6,55.3,9.21666666666667
162580876,3,1,11.0,11.0
162582760,1,1,0.4,0.4
162631416,1,1,1.2,1.2
162649407,8,5,427.6,85.52
162652854,1,1,87.0,87.0
162653477,1,1,3.4,3.4
162654590,1,1,13.2,13.2
162661783,1,1,1.2,1.2
162663266,1,1,3.7,3.7
162692942,1,1,0.9,0.9
162735255,1,1,16.8,16.8
162740609,15,10,10.1,1.01
162747179,4,2,1.4,0.7
162748673,4,3,160.2,53.4
162763644,1,1,88.0,88.0
162787304,1,1,36.0,36.0
162797154,1,1,2.1,2.1
162809784,7,4,348.8,87.2
162844395,1,1,0.5,0.5
162894140,4,4,1213.1,303.275
162894458,1,1,16.9,16.9
162894582,1,1,3.2,3.2
162962869,1,1,17.9,17.9
162985705,2,1,21.0,21.0
162999869,1,1,39.0,39.0
163001223,7,2,584.9,292.45
163027169,1,1,3.5,3.5
163043651,1,1,0.3,0.3
163073929,1,1,15.8,15.8
163086238,1,1,1.5,1.5
163114751,5,2,80.0,40.0
163137081,1,1,47.0,47.0
163140792,17,13,568.3,43.7153846153846
163158659,1,1,0.4,0.4
163160256,1,1,138.0,138.0
163162333,48,34,1540.8,45.3176470588235
163235405,2,1,469.0,469.0
163237086,2,2,65.0,32.5
163275488,1,1,33.0,33.0
163281091,18,14,186.5,13.3214285714286
163293998,1,1,0.7,0.7
163294758,2,2,34.4,17.2
163296745,1,1,0.2,0.2
163308692,12,1,1456.0,1456.0
163349712,1,1,0.9,0.9
163360656,1,1,0.3,0.3
163361275,5,4,204.2,51.05
163386409,1,1,0.3,0.3
163393202,4,2,25.4,12.7
163415496,6,5,79.8,15.96
163432200,67,58,2633.9,45.4120689655172
163495807,1,1,6.1,6.1
163533808,1,1,23.0,23.0
163558271,1,1,2.1,2.1
163577217,1,1,17.4,17.4
163617342,22,9,1754.3,194.922222222222
163662283,1,1,16.4,16.4
163669475,27,18,276.1,15.3388888888889
163671750,1,1,1.7,1.7
163681731,1,1,1.5,1.5
163681838,1,1,0.1,0.1
163690628,1,1,22.0,22.0
163712958,46,30,695.7,23.19
163754392,1,1,14.6,14.6
163769277,2,1,2.2,2.2
163783296,1,1,40.0,40.0
163789845,1,1,0.2,0.2
163801892,1,1,103.0,103.0
163813292,1,1,1.6,1.6
163815861,1,1,0.2,0.2
163861892,1,1,410.0,410.0
163867033,1,1,18.3,18.3
163874774,1,1,52.0,52.0
163896673,8,6,201.9,33.65
163922403,1,1,0.6,0.6
163924362,1,1,10.0,10.0
163930591,59,41,691.5,16.8658536585366
163961414,1,1,2.0,2.0
163968268,8,6,119.2,19.8666666666667
163972488,34,7,668.4,95.4857142857143
163988065,1,1,1.0,1.0
163995791,1,0,0,0
164010859,1,1,1.7,1.7
164035963,1,1,1.6,1.6
164047422,1,1,0.6,0.6
164059206,1,1,0.4,0.4
164097534,14,13,267.0,20.5384615384615
164107877,1,1,0.2,0.2
164183599,1,1,0.2,0.2
164196144,3,1,289.0,289.0
164259079,1,1,0.3,0.3
164271888,1,1,1266.0,1266.0
164275046,1,1,0.6,0.6
164296368,12,5,79.5,15.9
164313137,3,2,657.2,328.6
164318687,49,24,1215.2,50.6333333333333
164319839,1,1,1.4,1.4
164348218,1,1,1.7,1.7
164370352,2,1,11.3,11.3
164399809,1,1,201.0,201.0
164454723,2,2,4.2,2.1
164473026,1,1,1.4,1.4
164475918,51,32,536.8,16.775
164478205,1,1,2046.0,2046.0
164511211,60,44,1112.9,25.2931818181818
164543231,11,11,212.0,19.2727272727273
164561444,13,2,63.4,31.7
164583377,1,1,1076.0,1076.0
164591420,1,1,2.6,2.6
164608800,3,3,11.2,3.73333333333333
164611728,1,1,40.0,40.0
164629829,1,1,0.2,0.2
164633248,3,0,0,0
164643993,2,2,4468.9,2234.45
164662285,3,3,95.0,31.6666666666667
164663996,3,3,1010.6,336.866666666667
164695293,8,8,121.1,15.1375
164699741,1,1,9.2,9.2
164711200,1,1,0.8,0.8
164722578,1,1,7.1,7.1
164733781,1,1,35.0,35.0
164761364,21,14,354.6,25.3285714285714
164772402,1,1,0.7,0.7
164796966,1,1,15.0,15.0
164805863,11,9,21.2,2.35555555555556
164817484,1,0,0,0
164820245,48,16,160.8,10.05
164865114,1,1,17.0,17.0
164873736,2,2,23.0,11.5
164884340,1,1,75.0,75.0
164927653,1,1,0.2,0.2
164939568,1,1,4.1,4.1
164948794,1,1,546.0,546.0
164961511,5,1,154.0,154.0
165020079,1,1,9.4,9.4
165025638,1,1,0.5,0.5
165031107,1,1,9.2,9.2
165034415,1,1,3.6,3.6
165043954,1,1,6.9,6.9
165065938,8,6,31.8,5.3
165071607,1,1,1.7,1.7
165073598,37,19,332.8,17.5157894736842
165081137,2,1,13.6,13.6
165096054,1,1,0.7,0.7
165101762,62,42,1708.7,40.6833333333333
165104721,1,0,0,0
165130273,1,1,0.2,0.2
165130491,1,1,3.9,3.9
165188589,1,1,17.8,17.8
165192959,1,1,1.0,1.0
165210999,2,1,1.0,1.0
165216297,1,1,3.6,3.6
165216496,63,55,1140.9,20.7436363636364
165239864,15,10,293.6,29.36
165240612,5,5,922.3,184.46
165264315,1,1,8.3,8.3
165269326,1,1,26.0,26.0
165353535,26,1,865.0,865.0
165356998,5,4,38.9,9.725
165382705,1,1,0.2,0.2
165387305,3,3,4.6,1.53333333333333
165480423,1,1,108.0,108.0
165510738,1,1,35.0,35.0
165523661,1,1,5.3,5.3
165526290,1,1,0.2,0.2
165565786,3,2,15.4,7.7
165580763,5,1,213.0,213.0
165584237,1,1,1.6,1.6
165608075,8,5,10.6,2.12
165609158,1,1,1.2,1.2
165644384,1,1,0.4,0.4
165645559,4,0,0,0
165683591,1,1,381.0,381.0
165691348,7,1,8.8,8.8
165695811,1,1,16.0,16.0
165742641,2,2,1773.2,886.6
165750725,1,1,78.0,78.0
165755355,78,54,900.0,16.6666666666667
165760407,1,1,2.0,2.0
165779930,39,30,2837.0,94.5666666666667
165793116,1,1,0.7,0.7
165831570,1,1,361.0,361.0
165842250,1,1,6.3,6.3
165851692,1,1,3.5,3.5
165851788,12,9,83.4,9.26666666666667
165877735,3,2,13.6,6.8
165906966,1,1,0.1,0.1
165907900,1,1,1.2,1.2
165945338,1,1,0.7,0.7
165951090,1,1,69.0,69.0
165994303,1,1,11.1,11.1
166008897,1,1,0.7,0.7
166048025,6,3,6.0,2.0
166051525,1,1,1.0,1.0
166081897,7,6,775.6,129.266666666667
166084307,4,3,35.7,11.9
166119884,1,1,8.1,8.1
166124426,1,1,0.9,0.9
166125977,4,3,15.9,5.3
166136937,2,2,38.2,19.1
166149095,9,3,44.6,14.8666666666667
166224568,15,15,338.9,22.5933333333333
166228529,13,11,365.0,33.1818181818182
166234554,1,1,0.2,0.2
166234928,1,1,856.0,856.0
166237064,1,1,78.0,78.0
166242802,1,1,1.9,1.9
166243691,1,1,20.0,20.0
166267643,1,1,1.6,1.6
166271195,1,1,0.5,0.5
166288511,1,1,1.3,1.3
166295260,1,1,0.7,0.7
166305056,1,1,0.6,0.6
166318971,1,1,2.7,2.7
166374827,14,2,1472.3,736.15
166385573,15,1,1121.0,1121.0
166391678,1,1,0.4,0.4
166405828,1,1,0.7,0.7
166413380,1,1,0.2,0.2
166439004,4,1,451.0,451.0
166478332,1,1,0.3,0.3
166539261,5,3,133.5,44.5
166545912,8,4,2.1,0.525
166547657,1,1,1.3,1.3
166554789,1,1,539.0,539.0
166564620,1,1,0.3,0.3
166590150,1,1,4.1,4.1
166598655,1,1,1.6,1.6
166604341,13,12,241.2,20.1
166639984,16,2,439.1,219.55
166654761,3,3,153.1,51.0333333333333
166656680,4,4,19.7,4.925
166669789,108,59,1723.2,29.2067796610169
166689541,2,1,347.0,347.0
166705920,10,1,697.0,697.0
166747492,1,1,2.6,2.6
166753156,17,14,1270.1,90.7214285714286
166811621,1,1,3.7,3.7
166823535,1,1,202.0,202.0
166841848,1,1,0.2,0.2
166858869,3,3,287.4,95.8
166863117,161,38,314.6,8.27894736842105
166880158,26,16,805.1,50.31875
166899607,1,1,3.8,3.8
166907146,2,2,33.6,16.8
166926880,1,1,1.5,1.5
166927601,25,13,534.5,41.1153846153846
167002074,1,1,0.4,0.4
167013261,42,10,29.2,2.92
167013460,1,1,6.0,6.0
167017825,15,8,807.8,100.975
167093760,4,1,3.7,3.7
167106826,4,3,17.6,5.86666666666667
167108328,2,2,62.4,31.2
167118460,39,24,393.7,16.4041666666667
167129487,1,1,0.5,0.5
167153680,3,1,195.0,195.0
167167647,58,32,903.0,28.21875
167184744,1,0,0,0
167193350,1,1,0.7,0.7
167194020,31,20,5930.0,296.5
167202599,27,13,880.4,67.7230769230769
167206594,1,1,1.6,1.6
167233270,1,1,1.3,1.3
167277296,10,1,10.8,10.8
167291533,1,1,21.0,21.0
167302978,3,3,37.6,12.5333333333333
167311640,1,1,828.0,828.0
167333229,4,4,9.4,2.35
167343650,1,1,99.0,99.0
167360036,2,2,828.1,414.05
167362888,1,1,135.0,135.0
167364183,1,1,2.5,2.5
167374754,1,1,0.2,0.2
167385563,1,1,4.1,4.1
167417654,6,3,63.5,21.1666666666667
167418202,3,1,1635.0,1635.0
167418588,1,1,7.9,7.9
167439688,1,1,22.0,22.0
167441059,1,1,99.0,99.0
167443514,1,1,0.2,0.2
167460926,1,1,98.0,98.0
167511712,3,3,13.4,4.46666666666667
167524538,1,1,8.7,8.7
167564834,1,1,128.0,128.0
167575590,1,1,0.5,0.5
167587171,1,1,67.0,67.0
167608965,1,1,16.1,16.1
167632411,1,1,0.6,0.6
167642460,1,1,8.3,8.3
167680474,1,1,1.1,1.1
167738438,1,1,0.9,0.9
167741133,1,1,1.4,1.4
167749301,2,2,3.9,1.95
167752146,3,2,361.4,180.7
167759366,1,1,0.5,0.5
167785065,7,5,505.2,101.04
167806571,1,1,0.3,0.3
167815968,44,31,1433.9,46.2548387096774
167874227,2,1,0.4,0.4
167879489,1,1,18.0,18.0
167901416,31,8,135.8,16.975
167903990,1,1,2.8,2.8
167919935,1,1,0.3,0.3
167935300,1,1,1.7,1.7
167943113,1,1,28.0,28.0
167952671,1,1,0.3,0.3
167957216,1,1,1.5,1.5
167985276,16,14,202.0,14.4285714285714
168011250,1,1,35.0,35.0
168031436,31,16,117.6,7.35
168035720,1,1,677.0,677.0
168041218,3,2,213.2,106.6
168053527,37,21,1141.4,54.352380952381
168057618,1,1,3.1,3.1
168069262,2,1,514.0,514.0
168082750,4,3,119.3,39.7666666666667
168087108,3,1,1368.0,1368.0
168094655,11,3,118.2,39.4
168135178,1,1,7.0,7.0
168152540,3,2,1002.0,501.0
168163793,110,5,203.7,40.74
168201193,1,1,0.2,0.2
168244631,56,44,413.1,9.38863636363636
168278593,1,1,190.0,190.0
168324795,49,29,842.8,29.0620689655172
168349102,7,1,388.0,388.0
168355787,1,1,1.0,1.0
168365851,1,1,1.6,1.6
168375605,3,1,353.0,353.0
168377116,2,1,17.2,17.2
168401940,1,1,1.0,1.0
168451877,1,1,0.7,0.7
168473500,1,1,2.2,2.2
168517892,1,1,0.3,0.3
168539881,31,22,658.3,29.9227272727273
168546873,3,1,14.2,14.2
168571967,5,2,8.9,4.45
168574527,1,1,2.3,2.3
168576745,1,1,4.2,4.2
168598497,2,2,76.1,38.05
168641975,20,12,261.7,21.8083333333333
168667709,1,1,4.2,4.2
168686827,1,1,747.0,747.0
168688983,1,1,140.0,140.0
168703116,2,2,8.5,4.25
168726386,9,7,313.4,44.7714285714286
168732483,15,10,198.9,19.89
168733900,1,1,6.8,6.8
168753571,1,1,12.0,12.0
168754318,3,2,7.7,3.85
168771588,12,8,276.8,34.6
168786245,2,2,12.1,6.05
168791218,1,1,0.4,0.4
168802795,4,1,81.0,81.0
168828396,1,1,503.0,503.0
168839130,1,1,2.5,2.5
168845004,1,1,5.1,5.1
168881981,18,9,2209.4,245.488888888889
168882105,4,2,90.4,45.2
168900284,1,1,22.0,22.0
168925642,1,1,2.1,2.1
168985094,1,1,40.0,40.0
169006311,1,1,0.4,0.4
169006380,4,3,141.1,47.0333333333333
169054646,13,11,24.1,2.19090909090909
169061944,1,1,17.8,17.8
169066259,2,0,0,0
169159974,1,1,120.0,120.0
169183481,1,1,0.1,0.1
169218314,1,1,61.0,61.0
169223140,1,0,0,0
169225463,1,1,164.0,164.0
169244260,1,1,0.8,0.8
169250855,1,1,0.5,0.5
169254022,4,4,5.1,1.275
169258848,1,1,752.0,752.0
169277417,3,3,262.4,87.4666666666667
169308850,1,1,1.4,1.4
169337011,1,1,0.4,0.4
169344872,1,1,191.0,191.0
169353938,1,1,1.0,1.0
169358223,1,1,407.0,407.0
169414467,1,1,0.8,0.8
169427688,1,1,10.5,10.5
169469049,1,1,7.4,7.4
169506270,1,1,3.7,3.7
169517382,1,1,3.8,3.8
169529166,1,1,0.7,0.7
169560266,1,1,2700.0,2700.0
169576959,1,1,0.3,0.3
169577811,1,1,1.3,1.3
169653526,8,8,53.6,6.7
169684620,6,2,1198.2,599.1
169688576,4,1,0.1,0.1
169771622,14,3,714.0,238.0
169798907,2,2,0.8,0.4
169808233,2,2,226.6,113.3
169815221,1,1,1.1,1.1
169845810,1,1,0.7,0.7
169851136,2,2,54.4,27.2
169890700,2,1,0.4,0.4
169902951,7,6,12.4,2.06666666666667
169919297,1,1,4.8,4.8
169929928,13,10,32.7,3.27
169937489,12,7,10.1,1.44285714285714
169953184,1,1,18.0,18.0
169958335,1,1,5.8,5.8
169964396,8,5,620.6,124.12
170023764,1,1,0.2,0.2
170048045,1,1,5.5,5.5
170057163,1,1,21.0,21.0
170068207,55,34,126.6,3.72352941176471
170095814,17,15,225.4,15.0266666666667
170130950,1,1,142.0,142.0
170141925,1,1,9.2,9.2
170150668,1,1,14.7,14.7
170172944,27,18,107.0,5.94444444444444
170174457,2,2,1.7,0.85
170176187,1,1,0.4,0.4
170177311,1,1,17.8,17.8
170178539,1,1,0.7,0.7
170181678,3,2,9.6,4.8
170188540,1,1,1.6,1.6
170198088,12,10,155.4,15.54
170201716,47,36,968.6,26.9055555555556
170215786,19,13,418.7,32.2076923076923
170253449,1,1,1.5,1.5
170264961,2,1,5.4,5.4
170267441,2,1,1.7,1.7
170275839,2,2,22.4,11.2
170280436,1,1,479.0,479.0
170287829,1,1,2.6,2.6
170313294,1,1,15.4,15.4
170329549,6,3,2.8,0.933333333333333
170354414,1,1,0.8,0.8
170375966,1,1,40.0,40.0
170377069,7,6,151.0,25.1666666666667
170382539,18,13,389.3,29.9461538461538
170384573,1,1,1.6,1.6
170388829,1,1,0.9,0.9
170419820,1,1,42.0,42.0
170460109,63,38,895.4,23.5631578947368
170472320,1,1,1.2,1.2
170473291,1,1,75.0,75.0
170474212,9,8,546.4,68.3
170485590,71,49,1093.2,22.3102040816327
170489182,1,1,0.2,0.2
170491009,22,18,776.3,43.1277777777778
170527593,1,1,0.6,0.6
170528231,1,1,7.7,7.7
170534098,1,1,1.7,1.7
170535102,1,1,9.4,9.4
170557064,1,1,20.0,20.0
170568173,1,1,570.0,570.0
170570863,6,6,15.0,2.5
170591712,23,1,47.0,47.0
170625356,1,1,7.4,7.4
170650631,1,1,17.0,17.0
170693945,1,1,0.5,0.5
170711828,4,2,12.9,6.45
170718943,1,1,1.3,1.3
170760116,1,1,0.4,0.4
170775754,1,1,0.8,0.8
170845790,1,1,1.4,1.4
170848836,3,1,209.0,209.0
170853969,9,6,44.2,7.36666666666667
170904528,10,5,16.9,3.38
170911456,6,5,544.3,108.86
170912768,1,1,7.2,7.2
170932173,1,1,0.8,0.8
170944796,1,1,0.5,0.5
170947678,7,5,161.3,32.26
170975218,1,0,0,0
170989668,1,1,39.0,39.0
171015775,12,2,25.0,12.5
171049445,1,1,0.5,0.5
171057893,1,1,381.0,381.0
171066425,1,1,1.8,1.8
171067153,92,60,1951.4,32.5233333333333
171087166,1,1,120.0,120.0
171107070,1,1,0.5,0.5
171160183,7,4,13.2,3.3
171216006,1,1,0.6,0.6
171252939,8,8,77.9,9.7375
171265504,3,1,39.0,39.0
171266433,4,2,321.0,160.5
171280641,1,1,2.2,2.2
171308992,2,0,0,0
171315014,5,5,367.0,73.4
171375833,1,1,0.6,0.6
171383863,27,20,2503.6,125.18
171400391,2,1,0.8,0.8
171418611,5,1,234.0,234.0
171427260,1,1,0.3,0.3
171452409,1,1,0.2,0.2
171462811,1,1,12.5,12.5
171509285,1,1,110.0,110.0
171512034,7,1,55.0,55.0
171527460,1,0,0,0
171541210,2,1,5.9,5.9
171580979,8,4,24.6,6.15
171594027,1,1,65.0,65.0
171611544,12,7,91.4,13.0571428571429
171626186,1,1,3.2,3.2
171665006,1,1,1.2,1.2
171681316,1,1,6.2,6.2
171691017,12,10,265.3,26.53
171696993,1,1,3.3,3.3
171726897,9,7,17.3,2.47142857142857
171759125,2,1,1.2,1.2
171765197,4,1,4.0,4.0
171773017,3,2,0.6,0.3
171795280,1,1,23.0,23.0
171830903,1,1,0.4,0.4
171846037,1,1,2.3,2.3
171847029,27,21,1380.5,65.7380952380952
171847702,1,1,1.7,1.7
171874166,1,1,0.9,0.9
171879643,2,2,3.4,1.7
171893056,1,1,92.0,92.0
171900219,1,1,19.5,19.5
171911285,1,1,32.0,32.0
171916530,1,1,21.0,21.0
171918937,1,1,1.4,1.4
171932001,1,1,141.0,141.0
171965445,6,5,13.4,2.68
171982044,1,1,1.6,1.6
171986932,1,1,0.7,0.7
172006888,6,5,46.8,9.36
172009351,1,1,2.8,2.8
172086978,1,1,1.1,1.1
172105480,7,3,3212.4,1070.8
172111265,4,4,254.6,63.65
172116118,1,1,42.0,42.0
172135798,9,7,114.5,16.3571428571429
172145195,7,3,93.8,31.2666666666667
172163675,2,2,23.0,11.5
172195770,1,1,5.4,5.4
172203679,3,3,3.5,1.16666666666667
172237313,1,1,2.6,2.6
172263364,1,1,2.3,2.3
172318605,1,1,4.7,4.7
172348107,1,1,1.9,1.9
172364852,1,1,0.2,0.2
172381385,17,15,812.1,54.14
172386260,5,2,0.7,0.35
172386568,1,1,21.0,21.0
172396268,1,1,10.7,10.7
172417199,1,1,10.9,10.9
172434236,32,13,1888.9,145.3
172437595,1,1,0.8,0.8
172452539,1,1,1.3,1.3
172470005,23,9,136.0,15.1111111111111
172485624,1,1,0.5,0.5
172518437,120,79,524.5,6.63924050632911
172585885,1,1,0.3,0.3
172623126,1,1,0.5,0.5
172666220,16,14,462.2,33.0142857142857
172699566,1,1,5.5,5.5
172752250,1,1,1.1,1.1
172766915,1,1,5.9,5.9
172771532,35,18,159.2,8.84444444444444
172795625,14,5,73.4,14.68
172842461,10,9,175.9,19.5444444444444
172854515,10,4,89.2,22.3
172860957,1,1,11.7,11.7
172871465,1,0,0,0
172877288,2,2,0.7,0.35
172901122,4,2,73.7,36.85
172941662,3,2,276.0,138.0
172976494,7,2,15.0,7.5
173002032,1,1,232.0,232.0
173003298,1,1,39.0,39.0
173026047,1,1,1.0,1.0
173046677,2,2,77.2,38.6
173051184,1,1,0.3,0.3
173102243,4,4,262.0,65.5
173114158,1,1,881.0,881.0
173133960,1,1,1.4,1.4
173168090,3,1,44.0,44.0
173179969,1,1,0.2,0.2
173194267,1,1,27.0,27.0
173234140,1,1,0.4,0.4
173249224,7,3,69.7,23.2333333333333
173256445,1,1,19.9,19.9
173266809,2,1,393.0,393.0
173273313,3,1,2.5,2.5
173299790,1,1,2.7,2.7
173344308,5,4,255.3,63.825
173382820,7,5,848.8,169.76
173394554,2,2,5.2,2.6
173433898,1,1,1.2,1.2
173434036,23,12,58.1,4.84166666666667
173447731,1,1,0.6,0.6
173453295,9,6,124.1,20.6833333333333
173457000,1,1,0.6,0.6
173469318,1,1,116.0,116.0
173507150,1,1,0.5,0.5
173531795,1,1,0.7,0.7
173558102,1,1,27.0,27.0
173606939,1,1,1.1,1.1
173616173,1,1,0.8,0.8
173644000,2,1,0.7,0.7
173649791,12,6,28.3,4.71666666666667
173658892,1,1,0.8,0.8
173692133,1,1,8.5,8.5
173713735,1,1,150.0,150.0
173717751,1,1,248.0,248.0
173739924,2,1,52.0,52.0
173749431,1,1,107.0,107.0
173766396,1,1,241.0,241.0
173774528,3,2,35.6,17.8
173791228,1,1,45.0,45.0
173799068,9,4,115.3,28.825
173841416,1,1,26.0,26.0
173846745,5,4,2691.4,672.85
173857208,1,1,0.6,0.6
173859218,28,6,45.3,7.55
173899197,2,2,3.3,1.65
173909336,5,3,1141.1,380.366666666667
173923903,1,1,39.0,39.0
173925846,4,1,14.6,14.6
173931686,5,4,82.6,20.65
173940259,14,12,3214.0,267.833333333333
173961100,1,1,6.1,6.1
173967126,1,1,1.6,1.6
174002551,38,25,638.8,25.552
174021956,1,1,1.4,1.4
174033209,4,2,90.0,45.0
174055973,1,1,2.8,2.8
174059182,3,0,0,0
174061897,2,0,0,0
174103314,2,2,2.8,1.4
174121221,1,1,977.0,977.0
174137629,28,2,909.8,454.9
174138275,2,2,3.6,1.8
174170835,5,2,6.9,3.45
174204642,3,3,536.0,178.666666666667
174226719,30,23,814.8,35.4260869565217
174266284,1,1,4.5,4.5
174276289,8,5,15.4,3.08
174287424,29,24,1107.1,46.1291666666667
174341713,2,2,25.7,12.85
174342589,2,1,691.0,691.0
174357608,1,1,1.4,1.4
174386411,9,3,17.0,5.66666666666667
174415183,7,3,25.6,8.53333333333333
174445146,1,1,12.9,12.9
174459790,12,9,89.7,9.96666666666667
174479803,2,1,288.0,288.0
174507916,13,11,644.0,58.5454545454545
174522735,3,3,10.6,3.53333333333333
174585005,5,4,22.6,5.65
174607800,1,1,86.0,86.0
174624794,1,1,4.2,4.2
174633348,26,20,552.7,27.635
174652811,2,2,2.2,1.1
174654947,1,1,0.9,0.9
174674290,15,14,382.0,27.2857142857143
174681719,1,1,0.2,0.2
174689200,3,2,20.2,10.1
174696597,1,1,1.4,1.4
174698259,2,2,68.6,34.3
174709157,2,1,22.0,22.0
174716026,1,1,35.0,35.0
174716529,1,1,19.9,19.9
174762197,23,16,430.8,26.925
174805098,1,1,14.1,14.1
174813416,1,1,0.1,0.1
174838943,21,16,398.2,24.8875
174853268,1,1,4.3,4.3
174874492,1,1,5.0,5.0
174896111,11,3,901.0,300.333333333333
174907851,10,7,122.2,17.4571428571429
174923254,68,40,602.8,15.07
174965596,1,1,6.6,6.6
174991407,2,1,0.4,0.4
174997093,1,1,9.2,9.2
175001491,49,35,4729.6,135.131428571429
175003850,1,1,1.3,1.3
175012202,1,0,0,0
175026514,11,4,347.5,86.875
175033323,4,4,543.1,135.775
175044682,1,1,80.0,80.0
175063109,1,1,268.0,268.0
175087399,4,2,2.7,1.35
175128094,2,1,101.0,101.0
175143479,1,1,1.9,1.9
175150816,10,3,46.9,15.6333333333333
175187740,1,1,0.5,0.5
175193054,1,1,0.5,0.5
175223006,1,1,3.8,3.8
175249979,1,0,0,0
175263669,31,23,469.6,20.4173913043478
175270022,1,1,1.5,1.5
175290236,1,1,11.2,11.2
175345951,3,2,108.0,54.0
175358288,1,1,1.8,1.8
175423011,3,3,195.0,65.0
175430751,1,1,0.3,0.3
175447188,44,24,1476.9,61.5375
175450855,2,1,1440.0,1440.0
175460237,2,2,72.4,36.2
175471735,1,1,0.4,0.4
175526319,1,1,1.8,1.8
175554658,1,1,0.2,0.2
175612514,1,1,3.1,3.1
175675929,1,1,15.7,15.7
175690339,1,1,0.7,0.7
175711893,2,2,599.3,299.65
175720527,1,1,0.9,0.9
175738505,1,1,5.6,5.6
175794402,1,1,2.2,2.2
175806506,1,1,92.0,92.0
175806657,1,1,3.1,3.1
175820566,1,1,857.0,857.0
175831055,7,5,14.3,2.86
175835155,3,3,125.5,41.8333333333333
175836974,2,2,55.4,27.7
175849081,1,1,0.8,0.8
175918089,11,5,108.9,21.78
175941533,9,8,1062.5,132.8125
175945017,1,1,1.7,1.7
175948419,27,5,1815.8,363.16
175959715,1,1,0.3,0.3
175963070,1,1,1.0,1.0
176021276,1,1,0.7,0.7
176024097,1,1,3.4,3.4
176033341,9,2,434.5,217.25
176096951,1,1,24.0,24.0
176103650,11,1,7.0,7.0
176135768,1,1,292.0,292.0
176150662,1,1,491.0,491.0
176177828,1,1,0.7,0.7
176191125,1,0,0,0
176197170,1,1,42.0,42.0
176215721,1,1,523.0,523.0
176223416,13,7,836.3,119.471428571429
176225382,9,5,217.9,43.58
176238477,1,1,4.6,4.6
176261926,8,5,584.1,116.82
176271982,3,1,0.3,0.3
176284441,5,3,390.6,130.2
176306969,1,1,13.0,13.0
176318036,2,2,1144.0,572.0
176322943,2,1,1.2,1.2
176354321,11,9,35.6,3.95555555555556
176402067,2,0,0,0
176410694,1,1,9.1,9.1
176411103,1,1,2.0,2.0
176414861,3,3,1748.4,582.8
176424968,1,1,1.3,1.3
176445735,1,1,127.0,127.0
176448305,3,1,3.9,3.9
176449171,8,4,2016.7,504.175
176453461,1,1,170.0,170.0
176483631,1,1,0.2,0.2
176539817,28,25,494.8,19.792
176551599,1,1,0.4,0.4
176554603,1,1,1.8,1.8
176563564,3,1,64.0,64.0
176590636,7,3,36.5,12.1666666666667
176631712,1,1,0.7,0.7
176643508,1,1,0.2,0.2
176645108,4,4,31.1,7.775
176677454,1,1,0.6,0.6
176682744,1,1,25.0,25.0
176684532,8,0,0,0
176689215,1,0,0,0
176696720,2,1,0.3,0.3
176696984,1,1,0.4,0.4
176709931,4,2,26.4,13.2
176735399,1,1,1.2,1.2
176736380,1,1,0.6,0.6
176743370,2,2,3.9,1.95
176750719,1,1,0.3,0.3
176761800,1,1,0.2,0.2
176771895,107,1,587.0,587.0
176796706,1,1,2.1,2.1
176810372,3,3,141.5,47.1666666666667
176811312,1,1,383.0,383.0
176854876,2,1,2.5,2.5
176855190,1,1,1.9,1.9
176882096,1,1,0.5,0.5
176890431,1,1,0.6,0.6
176894177,1,1,0.7,0.7
176929122,31,22,2150.3,97.7409090909091
176949398,1,1,916.0,916.0
176967288,4,4,4.1,1.025
176968027,1,1,0.2,0.2
177018855,1,1,415.0,415.0
177050329,14,1,1497.0,1497.0
177054406,1,1,5.2,5.2
177095896,1,1,150.0,150.0
177114081,1,1,5.2,5.2
177146016,1,1,35.0,35.0
177154840,2,2,374.8,187.4
177162591,1,1,1426.0,1426.0
177190409,1,1,7.5,7.5
177213985,17,12,336.6,28.05
177286649,1,1,141.0,141.0
177313747,8,5,672.7,134.54
177362386,1,1,2.7,2.7
177395292,1,1,7.7,7.7
177399405,1,1,2.3,2.3
177406869,1,1,1.1,1.1
177424474,1,1,157.0,157.0
177426132,1,1,5.7,5.7
177441119,1,1,180.0,180.0
177444568,17,15,133.1,8.87333333333333
177446373,1,1,0.5,0.5
177457582,1,1,154.0,154.0
177466116,10,7,12.1,1.72857142857143
177488743,3,2,40.8,20.4
177494738,1,1,4.1,4.1
177507986,1,1,1.0,1.0
177519904,4,3,18.1,6.03333333333333
177531835,2,1,8.8,8.8
177537876,1,1,0.6,0.6
177578580,1,1,0.8,0.8
177591797,5,2,247.8,123.9
177625788,27,19,407.3,21.4368421052632
177682182,1,1,0.1,0.1
177726145,1,1,2.0,2.0
177734872,1,1,19.1,19.1
177804968,1,1,2.9,2.9
177827103,20,12,1329.0,110.75
177828156,1,1,3.3,3.3
177831964,2,1,1.0,1.0
177878533,1,1,17.8,17.8
177924431,1,1,3.9,3.9
177963795,3,2,7.4,3.7
177969374,1,1,835.0,835.0
177976130,3,3,303.4,101.133333333333
177998646,1,1,2.2,2.2
178003047,17,15,1617.7,107.846666666667
178007464,1,1,12.1,12.1
178008203,1,1,0.7,0.7
178038549,33,29,1613.8,55.648275862069
178098476,1,1,0.5,0.5
178114805,1,1,0.2,0.2
178117765,1,1,1.5,1.5
178144284,3,2,1.8,0.9
178156640,1,1,0.5,0.5
178168238,11,5,31.6,6.32
178224490,1,1,0.2,0.2
178228113,1,1,0.8,0.8
178233300,8,6,860.6,143.433333333333
178236087,1,1,0.8,0.8
178242321,1,1,31.0,31.0
178256532,1,1,41.0,41.0
178269176,2,2,45.3,22.65
178274653,1,0,0,0
178290786,1,1,8.1,8.1
178312427,1,1,1.1,1.1
178343030,1,1,0.1,0.1
178344232,1,1,5.1,5.1
178359363,1,1,2.8,2.8
178389754,1,1,0.7,0.7
178396764,2,2,701.0,350.5
178414233,5,3,4.0,1.33333333333333
178418547,2,2,2.6,1.3
178423779,3,3,561.1,187.033333333333
178465090,7,6,59.4,9.9
178491818,1,1,1.4,1.4
178574781,9,9,1265.9,140.655555555556
178605069,15,14,96.5,6.89285714285714
178615518,1,1,32.0,32.0
178634510,1,1,1.3,1.3
178675666,1,1,58.0,58.0
178698811,2,1,12.3,12.3
178701168,1,1,1.5,1.5
178709401,1,1,200.0,200.0
178716199,3,1,1328.0,1328.0
178717672,7,2,18.2,9.1
178730299,1,1,29.0,29.0
178761785,1,1,18.6,18.6
178789623,8,4,1947.8,486.95
178863914,2,1,0.7,0.7
178883999,2,2,3.6,1.8
178890826,1,0,0,0
178893007,1,1,15.4,15.4
178893016,1,1,3.1,3.1
178915960,1,1,0.8,0.8
178932673,2,2,8.0,4.0
178964139,22,12,76.2,6.35
179001573,1,1,1.8,1.8
179001580,2,2,1244.1,622.05
179014686,1,1,0.7,0.7
179022513,2,1,13.9,13.9
179039411,1,1,2.1,2.1
179044354,1,1,1.4,1.4
179077731,16,4,292.0,73.0
179129702,8,0,0,0
179152437,1,1,19.8,19.8
179214937,1,1,36.0,36.0
179267280,1,1,12.0,12.0
179279152,1,1,8.7,8.7
179317774,1,1,4.5,4.5
179321212,1,1,0.5,0.5
179347474,28,19,647.0,34.0526315789474
179348465,2,0,0,0
179355520,3,1,5.4,5.4
179368446,1,1,1.7,1.7
179377677,2,1,26.0,26.0
179390131,10,9,154.7,17.1888888888889
179394166,19,8,140.8,17.6
179404476,19,15,310.0,20.6666666666667
179418535,1,1,471.0,471.0
179429247,1,1,0.4,0.4
179456244,1,1,0.8,0.8
179457413,1,1,0.2,0.2
179481154,9,4,240.3,60.075
179498213,1,1,0.3,0.3
179518925,1,1,0.3,0.3
179560117,1,1,0.4,0.4
179686274,1,1,4.3,4.3
179708074,1,1,1.9,1.9
179733218,4,4,608.1,152.025
179756503,1,1,0.2,0.2
179758802,3,2,1395.5,697.75
179772319,5,1,13.5,13.5
179798677,1,1,2.4,2.4
179802416,1,1,0.6,0.6
179819524,1,1,34.0,34.0
179822216,1,1,2.2,2.2
179848102,3,2,24.2,12.1
179895639,2,1,5.9,5.9
179897426,1,1,3.7,3.7
179902428,1,1,13.7,13.7
179912213,1,1,0.4,0.4
179936723,15,11,188.8,17.1636363636364
179938717,2,2,15.2,7.6
180026080,1,1,3.2,3.2
180048039,1,1,468.0,468.0
180063157,1,1,0.8,0.8
180064841,2,1,413.0,413.0
180115904,1,1,3.1,3.1
180120471,1,1,4.2,4.2
180206904,9,7,336.7,48.1
180208550,1,1,10.7,10.7
180210327,1,1,0.5,0.5
180236782,13,10,1685.3,168.53
180283418,16,9,1415.8,157.311111111111
180321976,1,1,2.4,2.4
180331040,4,1,1256.0,1256.0
180394356,2,2,12.4,6.2
180406842,2,2,17.0,8.5
180407911,1,1,3.5,3.5
180426359,1,1,0.8,0.8
180438232,4,4,359.7,89.925
180448924,1,0,0,0
180464589,2,2,74.1,37.05
180501401,7,5,119.8,23.96
180534642,1,1,1.4,1.4
180561370,1,0,0,0
180596443,8,6,23.7,3.95
180599430,1,1,5.8,5.8
180608368,1,1,12.5,12.5
180612782,2,1,8.2,8.2
180618704,1,1,0.2,0.2
180622295,1,1,33.0,33.0
180648547,9,4,38.2,9.55
180662971,1,1,2.0,2.0
180730288,1,1,0.5,0.5
180735937,1,1,3.4,3.4
180743752,4,2,6.0,3.0
180753437,28,20,1516.9,75.845
180763362,1,1,16.1,16.1
180780478,2,2,92.0,46.0
180789959,5,3,23.3,7.76666666666667
180800031,1,1,664.0,664.0
180801118,6,3,74.5,24.8333333333333
180835471,1,1,0.3,0.3
180836607,1,1,0.6,0.6
180887333,1,1,66.0,66.0
180901075,187,77,845.7,10.9831168831169
180902680,1,0,0,0
180922178,1,1,1.8,1.8
180955576,1,1,1.0,1.0
180981964,2,1,33.0,33.0
180984112,3,0,0,0
181000177,1,1,5.0,5.0
181002117,43,8,168.9,21.1125
181010210,35,8,44.4,5.55
181064527,1,1,7.7,7.7
181070203,6,6,41.0,6.83333333333333
181106616,1,1,0.2,0.2
181107812,1,1,1.0,1.0
181112485,1,1,7.8,7.8
181118785,14,1,80.0,80.0
181154544,12,0,0,0
181156459,1,1,190.0,190.0
181158622,9,7,802.6,114.657142857143
181216686,1,0,0,0
181230674,1,1,0.3,0.3
181252150,3,3,40.5,13.5
181254402,1,1,2.5,2.5
181262663,1,1,19.8,19.8
181269219,2,2,6.0,3.0
181291605,6,4,192.3,48.075
181297952,1,1,13.9,13.9
181304845,5,1,40.0,40.0
181308056,1,1,0.6,0.6
181321171,2,2,25.9,12.95
181329087,3,3,41.9,13.9666666666667
181344998,5,1,0.2,0.2
181373107,1,1,5.0,5.0
181379461,1,1,3.4,3.4
181385269,16,10,1739.6,173.96
181453879,25,22,1976.0,89.8181818181818
181476633,2,1,11.2,11.2
181523262,1,1,1.7,1.7
181523551,1,1,0.8,0.8
181549899,2,2,38.9,19.45
181564172,29,27,167.4,6.2
181576759,1,1,1.1,1.1
181584582,6,2,17.8,8.9
181586458,1,1,13.9,13.9
181593489,11,10,445.5,44.55
181597796,4,3,9.7,3.23333333333333
181608676,25,20,883.9,44.195
181628052,1,1,3.7,3.7
181638799,17,5,858.8,171.76
181666776,9,7,428.4,61.2
181693930,7,2,8.6,4.3
181700777,1,1,1069.0,1069.0
181701327,4,1,628.0,628.0
181716896,14,2,278.7,139.35
181722972,1,1,1719.0,1719.0
181808796,3,2,20.1,10.05
181810697,1,1,2.4,2.4
181819729,9,2,3.4,1.7
181831792,1,1,8.5,8.5
181836347,1,1,108.0,108.0
181840406,3,1,24.0,24.0
181850506,7,1,248.0,248.0
181857096,1,1,6.6,6.6
181894864,7,5,997.2,199.44
181897693,1,1,2.0,2.0
181900480,4,4,24.7,6.175
181921701,1,1,1.8,1.8
181966419,8,6,307.0,51.1666666666667
181992323,1,1,0.4,0.4
182004925,1,1,5.3,5.3
182020275,1,1,0.2,0.2
182038346,5,1,79.0,79.0
182076616,1,1,84.0,84.0
182106701,2,2,280.5,140.25
182175005,1,1,55.0,55.0
182175885,1,1,154.0,154.0
182220992,15,9,376.1,41.7888888888889
182229935,80,39,2521.4,64.6512820512821
182280948,2,1,3.6,3.6
182295415,16,4,86.3,21.575
182326985,5,3,212.9,70.9666666666667
182329183,1,1,0.4,0.4
182334680,1,1,41.0,41.0
182352880,1,1,9.0,9.0
182390817,2,2,12.4,6.2
182399789,89,52,1451.6,27.9153846153846
182412202,3,3,63.6,21.2
182422786,5,4,184.5,46.125
182426216,5,2,59.9,29.95
182454639,1,1,0.3,0.3
182464505,3,3,108.4,36.1333333333333
182469805,2,1,286.0,286.0
182470295,1,1,0.5,0.5
182478684,2,2,58.3,29.15
182491331,5,5,67.4,13.48
182499490,33,16,499.1,31.19375
182514935,1,0,0,0
182528494,1,1,15.5,15.5
182548589,1,1,3.1,3.1
182557942,21,13,562.3,43.2538461538461
182579698,1,1,48.0,48.0
182589428,2,1,5.4,5.4
182592900,1,1,8.7,8.7
182593346,1,1,0.5,0.5
182593878,14,3,329.2,109.733333333333
182604019,2,2,5.2,2.6
182604873,7,2,73.2,36.6
182621430,1,1,0.3,0.3
182627985,1,1,0.4,0.4
182642639,1,1,1.2,1.2
182654153,1,0,0,0
182726567,22,19,491.1,25.8473684210526
182732657,2,2,12.1,6.05
182734697,1,1,13.2,13.2
182737466,1,1,0.3,0.3
182762077,1,1,42.0,42.0
182771524,9,8,283.2,35.4
182780973,1,1,2.6,2.6
182817377,1,1,28.0,28.0
182822996,1,1,1.5,1.5
182825830,1,1,33.0,33.0
182835747,13,2,2451.0,1225.5
182851135,30,18,54.7,3.03888888888889
182859939,1,1,134.0,134.0
182862561,1,1,0.3,0.3
182883046,3,1,178.0,178.0
182922389,1,1,4.0,4.0
182929175,3,2,2035.7,1017.85
182961604,20,15,1635.7,109.046666666667
182984820,1,1,0.3,0.3
182988804,2,2,350.2,175.1
183005527,1,1,6.4,6.4
183015196,1,1,2.1,2.1
183026447,1,1,0.1,0.1
183048608,9,9,152.3,16.9222222222222
183054457,1,1,2.2,2.2
183068343,2,2,15.6,7.8
183074217,9,3,98.1,32.7
183086571,2,0,0,0
183089914,2,1,12.6,12.6
183099723,1,1,25.0,25.0
183099734,3,3,6.0,2.0
183103599,4,3,321.9,107.3
183170604,1,1,2.9,2.9
183190459,1,1,0.2,0.2
183210904,1,1,0.3,0.3
183235801,8,3,14.7,4.9
183240449,2,2,5.1,2.55
183241744,8,4,14.9,3.725
183288699,1,1,1.5,1.5
183294889,12,6,545.7,90.95
183300822,1,1,0.4,0.4
183306243,6,2,3.7,1.85
183315077,31,7,73.5,10.5
183337134,16,13,654.0,50.3076923076923
183361928,1,1,0.7,0.7
183376463,1,1,1.9,1.9
183382406,8,5,476.8,95.36
183390852,1,1,1.4,1.4
183410435,1,1,7.1,7.1
183421285,1,1,3.0,3.0
183440094,2,1,97.0,97.0
183450002,18,1,903.0,903.0
183486202,5,2,0.8,0.4
183490713,13,10,53.6,5.36
183493923,3,1,2.6,2.6
183507631,2,0,0,0
183531966,1,1,77.0,77.0
183552117,2,1,113.0,113.0
183574382,29,5,11.0,2.2
183593307,1,1,16.9,16.9
183595009,1,0,0,0
183601681,1,1,32.0,32.0
183617329,1,1,2.5,2.5
183619586,1,1,0.4,0.4
183619588,1,1,42.0,42.0
183760110,1,1,0.6,0.6
183771438,8,7,587.0,83.8571428571429
183779370,1,0,0,0
183801719,1,1,515.0,515.0
183803328,10,4,4.5,1.125
183804269,1,1,144.0,144.0
183813172,1,1,1.7,1.7
183838531,16,9,160.9,17.8777777777778
183841616,1,1,56.0,56.0
183882260,1,1,1.9,1.9
183963121,1,1,1.0,1.0
183982123,1,1,0.4,0.4
183983684,10,8,98.9,12.3625
183998097,21,17,174.0,10.2352941176471
183999086,7,5,29.3,5.86
183999220,1,1,1.3,1.3
184003742,3,1,0.3,0.3
184032170,1,0,0,0
184034224,1,1,4.3,4.3
184155452,1,1,9.0,9.0
184161063,1,1,17.1,17.1
184173132,1,1,8.4,8.4
184182861,1,1,2.9,2.9
184196436,1,1,4.1,4.1
184215735,5,1,14.5,14.5
184250682,1,1,2.0,2.0
184314651,29,17,613.1,36.0647058823529
184332447,1,1,0.2,0.2
184378349,1,1,62.0,62.0
184385867,6,5,4.9,0.98
184444733,1,1,8.8,8.8
184480011,1,1,131.0,131.0
184488975,1,0,0,0
184493955,3,2,106.1,53.05
184507299,1,0,0,0
184508601,15,0,0,0
184509154,1,1,0.3,0.3
184519153,4,3,6.3,2.1
184524833,5,1,471.0,471.0
184524944,4,0,0,0
184536712,2,2,1.6,0.8
184554757,14,13,140.5,10.8076923076923
184556544,1,1,24.0,24.0
184563802,1,1,3.1,3.1
184568310,1,0,0,0
184576164,2,2,383.0,191.5
184584285,2,2,84.7,42.35
184592379,2,1,49.0,49.0
184594362,27,5,162.7,32.54
184599047,1,1,5.6,5.6
184609989,1,1,1.7,1.7
184620075,1,0,0,0
184620989,1,0,0,0
184648711,1,1,2.5,2.5
184661457,1,1,0.7,0.7
184694766,41,18,891.4,49.5222222222222
184743467,1,1,68.0,68.0
184750340,1,1,17.7,17.7
184794116,2,2,1.5,0.75
184797043,1,1,32.0,32.0
184800550,2,2,28.8,14.4
184807923,10,0,0,0
184812615,1,1,1.7,1.7
184815970,1,0,0,0
184821296,1,1,51.0,51.0
184822872,1,1,1.4,1.4
184836567,2,2,39.5,19.75
184858116,6,4,9.5,2.375
184858473,1,0,0,0
184885148,4,4,12.2,3.05
184899103,1,1,395.0,395.0
184938219,1,1,0.5,0.5
184963003,2,2,3.4,1.7
184965925,1,0,0,0
184984194,1,0,0,0
184987886,19,17,81.7,4.80588235294118
184987922,15,14,1147.2,81.9428571428572
185040259,1,1,4.5,4.5
185059222,1,1,0.5,0.5
185075395,77,4,3.0,0.75
185078775,1,1,0.8,0.8
185079540,62,30,491.0,16.3666666666667
185080568,1,1,0.5,0.5
185130561,8,6,37.6,6.26666666666667
185169394,1,0,0,0
185174122,1,1,29.0,29.0
185207308,1,1,5.1,5.1
185218619,1,1,0.8,0.8
185238837,1,1,26.0,26.0
185247516,1,1,0.1,0.1
185258131,43,26,1233.2,47.4307692307692
185259386,5,5,19.1,3.82
185268529,2,2,139.8,69.9
185271773,2,0,0,0
185272838,5,3,29.4,9.8
185283602,1,1,0.8,0.8
185336345,1,0,0,0
185342941,1,1,5.5,5.5
185390486,10,7,1326.8,189.542857142857
185395696,1,1,5.6,5.6
185401083,1,1,16.5,16.5
185412742,7,3,3.2,1.06666666666667
185414347,1,1,53.0,53.0
185435886,3,2,0.7,0.35
185467694,1,1,8.3,8.3
185480581,1,1,0.6,0.6
185484994,1,1,665.0,665.0
185494712,8,5,1286.3,257.26
185515672,1,1,0.4,0.4
185517910,3,3,84.0,28.0
185518356,1,1,5.4,5.4
185526289,2,2,18.8,9.4
185613296,1,1,0.1,0.1
185680404,4,4,64.9,16.225
185685666,3,3,1.5,0.5
185710844,2,1,1.7,1.7
185743629,7,6,94.7,15.7833333333333
185781816,1,1,29.0,29.0
185825658,2,1,2.7,2.7
185826453,1,1,45.0,45.0
185842825,2,1,123.0,123.0
185843291,1,1,3.9,3.9
185849750,1,1,6.6,6.6
185903029,1,1,0.6,0.6
185907866,1,1,454.0,454.0
185914106,15,14,57.2,4.08571428571429
185929621,1,1,454.0,454.0
185959000,2,2,9.4,4.7
185974015,1,1,0.5,0.5
186001638,1,1,7.8,7.8
186010200,1,1,14.0,14.0
186011357,1,1,54.0,54.0
186022495,15,12,76.6,6.38333333333333
186040249,20,19,432.9,22.7842105263158
186055359,1,1,1.1,1.1
186069406,10,7,2119.7,302.814285714286
186070645,1,1,533.0,533.0
186074387,1,1,21.0,21.0
186078229,1,1,3.9,3.9
186090773,1,1,0.3,0.3
186096460,1,1,2.4,2.4
186099130,3,3,42.8,14.2666666666667
186123132,2,1,0.1,0.1
186126772,7,6,19.3,3.21666666666667
186134916,2,0,0,0
186139058,1,1,8.9,8.9
186145192,1,1,1.3,1.3
186154929,2,2,6.2,3.1
186163561,1,0,0,0
186167611,5,2,12.1,6.05
186193491,1,1,15.0,15.0
186194652,9,2,522.3,261.15
186207833,1,1,4.7,4.7
186207856,1,1,0.7,0.7
186213909,1,1,1.4,1.4
186214948,1,1,1.1,1.1
186235728,3,0,0,0
186247831,7,5,132.9,26.58
186273988,1,0,0,0
186287462,5,4,33.8,8.45
186294113,1,1,15.4,15.4
186305384,2,2,91.8,45.9
186310598,6,5,6.0,1.2
186312592,2,2,1.3,0.65
186323628,6,5,6.5,1.3
186333740,1,1,6.6,6.6
186344581,8,6,134.6,22.4333333333333
186347003,1,1,4.4,4.4
186450119,1,1,2.9,2.9
186452037,2,2,121.6,60.8
186452942,2,1,14.8,14.8
186483761,65,38,1333.2,35.0842105263158
186504598,2,1,80.0,80.0
186515716,1,1,2.5,2.5
186517004,19,8,423.7,52.9625
186523896,1,1,1.0,1.0
186597710,1,1,1.9,1.9
186609588,1,1,9.5,9.5
186611336,1,1,0.2,0.2
186642906,28,18,89.4,4.96666666666667
186644269,1,1,1.6,1.6
186645930,1,1,49.0,49.0
186648598,2,2,20.3,10.15
186651907,1,1,0.3,0.3
186673066,40,21,1106.8,52.7047619047619
186697335,1,1,6.6,6.6
186746583,1,1,1.1,1.1
186762233,1,1,24.0,24.0
186766395,1,1,3.6,3.6
186786074,1,1,0.6,0.6
186814006,1,1,541.0,541.0
186820887,2,1,0.8,0.8
186863874,1,1,0.5,0.5
186867770,1,1,0.2,0.2
186871803,1,1,0.4,0.4
186885794,1,1,14.2,14.2
186902489,1,1,17.3,17.3
186903958,5,5,12.5,2.5
186924471,2,2,17.6,8.8
186932671,7,6,10.8,1.8
186939589,1,1,1.6,1.6
186948698,2,1,0.7,0.7
186969279,1,1,2.2,2.2
186989053,1,1,2.1,2.1
186996848,1,1,2.8,2.8
187016210,1,1,0.9,0.9
187056940,1,1,1.2,1.2
187062190,1,1,6.4,6.4
187075435,1,1,13.8,13.8
187085206,2,1,35.0,35.0
187109020,1,1,1.6,1.6
187115070,1,1,1.4,1.4
187131847,1,1,2.3,2.3
187193689,1,1,5.0,5.0
187262547,4,2,6.0,3.0
187264965,1,1,0.7,0.7
187278414,1,1,0.3,0.3
187283749,7,7,8.8,1.25714285714286
187312942,1,1,0.9,0.9
187356339,1,1,7.3,7.3
187357674,1,1,2.3,2.3
187374370,1,1,0.3,0.3
187378013,3,0,0,0
187462362,1,1,2.2,2.2
187462398,8,5,26.8,5.36
187463594,158,66,2800.1,42.4257575757576
187477041,1,1,7.0,7.0
187478430,1,1,0.9,0.9
187484302,9,6,27.2,4.53333333333333
187492337,1,1,1.8,1.8
187498422,1,1,6.8,6.8
187499055,1,1,16.0,16.0
187520593,6,1,6.1,6.1
187533357,3,1,2.6,2.6
187545648,22,5,520.8,104.16
187588985,6,5,63.2,12.64
187632582,1,1,0.6,0.6
187635837,1,1,0.8,0.8
187642265,2,1,37.0,37.0
187643062,1,1,1.4,1.4
187653547,3,1,1.3,1.3
187655755,1,1,5.2,5.2
187678142,1,1,1797.0,1797.0
187692242,12,3,51.2,17.0666666666667
187731882,3,3,62.8,20.9333333333333
187737814,1,1,9.0,9.0
187755082,2,2,1.2,0.6
187795034,4,1,1.4,1.4
187801454,5,1,1.2,1.2
187807630,1,1,0.4,0.4
187817597,4,2,4.5,2.25
187851224,2,1,240.0,240.0
187865224,1,1,1.2,1.2
187877855,6,6,31.2,5.2
187883872,1,1,2.4,2.4
187905740,1,1,3.5,3.5
187928878,1,1,51.0,51.0
187937296,1,1,14.1,14.1
187939552,1,1,0.5,0.5
187945671,1,1,0.4,0.4
187965381,2,1,0.4,0.4
187966424,1,0,0,0
187999074,9,5,15.0,3.0
188026674,1,1,0.4,0.4
188046497,16,0,0,0
188052591,2,1,8.8,8.8
188056897,8,1,28.0,28.0
188089669,1,0,0,0
188092362,1,1,3.9,3.9
188110199,1,1,0.9,0.9
188142305,1,1,14.4,14.4
188144733,1,1,0.5,0.5
188167163,7,6,355.3,59.2166666666667
188180021,1,1,8.4,8.4
188184581,1,1,40.0,40.0
188189790,10,8,6.4,0.8
188198849,1,1,0.6,0.6
188226310,1,1,1.7,1.7
188233566,4,2,107.0,53.5
188241866,1,1,0.2,0.2
188250158,12,9,60.3,6.7
188266554,13,7,44.0,6.28571428571429
188284694,1,1,7.2,7.2
188321266,2,1,172.0,172.0
188340440,2,2,75.0,37.5
188366796,3,1,555.0,555.0
188377050,1,1,0.4,0.4
188380403,1,1,38.0,38.0
188386352,6,4,24.3,6.075
188394070,6,6,26.5,4.41666666666667
188401469,1,1,141.0,141.0
188421568,6,1,648.0,648.0
188425099,1,1,2.8,2.8
188448131,1,1,731.0,731.0
188450158,1,1,286.0,286.0
188469466,1,1,0.6,0.6
188471612,1,1,4.4,4.4
188491294,1,1,0.7,0.7
188509200,27,26,114.4,4.4
188533206,1,1,11.7,11.7
188533496,1,1,3.2,3.2
188573606,1,1,27.0,27.0
188611416,2,1,25.0,25.0
188615226,5,3,16.9,5.63333333333333
188627637,2,2,49.0,24.5
188629712,3,1,1.2,1.2
188631532,16,1,0.9,0.9
188641919,1,1,1.3,1.3
188642720,1,1,11.0,11.0
188661370,3,2,3.0,1.5
188665937,1,1,74.0,74.0
188681523,11,11,1411.8,128.345454545455
188684344,1,1,0.9,0.9
188684779,4,3,7.0,2.33333333333333
188699277,2,1,1.1,1.1
188713427,3,1,10.0,10.0
188727235,1,1,1.2,1.2
188768764,3,0,0,0
188773446,1,1,125.0,125.0
188784538,2,2,32.5,16.25
188792404,1,1,0.6,0.6
188803925,1,1,0.1,0.1
188838705,3,1,5.6,5.6
188893670,1,1,0.1,0.1
188910738,13,8,30.6,3.825
188949150,46,38,503.5,13.25
188981612,1,1,15.8,15.8
188988198,27,10,37.9,3.79
188991147,1,1,6.8,6.8
189020294,1,1,10.1,10.1
189072890,3,2,0.5,0.25
189086011,11,8,80.6,10.075
189106314,1,1,12.7,12.7
189123038,10,9,223.2,24.8
189125890,1,1,5.9,5.9
189129966,7,6,40.8,6.8
189137548,3,1,87.0,87.0
189148170,1,1,1.1,1.1
189158075,1,0,0,0
189177145,8,6,170.6,28.4333333333333
189186839,2,2,0.4,0.2
189191657,7,6,184.6,30.7666666666667
189225159,2,0,0,0
189225514,2,1,40.0,40.0
189240537,1,1,124.0,124.0
189246258,1,1,0.3,0.3
189262327,1,1,1.5,1.5
189272257,18,1,542.0,542.0
189278950,1,1,53.0,53.0
189297449,1,1,0.1,0.1
189304702,25,17,434.9,25.5823529411765
189344955,1,1,5.1,5.1
189371538,1,0,0,0
189377245,1,1,1.7,1.7
189389925,1,1,2.7,2.7
189398521,2,1,37.0,37.0
189417273,3,2,32.3,16.15
189424582,7,1,272.0,272.0
189429276,1,1,5.6,5.6
189441775,26,23,798.4,34.7130434782609
189451813,6,1,452.0,452.0
189459679,1,1,0.4,0.4
189526724,1,0,0,0
189568899,1,0,0,0
189596415,1,1,0.3,0.3
189623540,2,2,8.9,4.45
189640897,2,0,0,0
189649899,1,1,1.8,1.8
189658710,1,1,3.0,3.0
189675274,1,1,0.3,0.3
189685866,1,1,14.8,14.8
189692974,1,1,1.1,1.1
189704237,3,1,13.5,13.5
189734107,126,15,1150.4,76.6933333333333
189750611,1,1,2.3,2.3
189758309,1,1,3.1,3.1
189792144,3,2,1.9,0.95
189794919,2,2,50.7,25.35
189795214,11,1,257.0,257.0
189801489,3,1,45.0,45.0
189813843,22,13,1748.2,134.476923076923
189818681,10,7,20.7,2.95714285714286
189822258,7,2,5.3,2.65
189827182,1,1,1.0,1.0
189858084,90,48,165.8,3.45416666666667
189866742,12,1,1213.0,1213.0
189880430,1,1,0.2,0.2
189918261,1,1,28.0,28.0
189921721,1,1,86.0,86.0
189929581,2,2,367.0,183.5
189929692,2,2,94.9,47.45
189957616,1,1,0.8,0.8
189963855,1,1,29.0,29.0
189971720,1,1,16.9,16.9
190000212,1,1,0.8,0.8
190003864,2,1,1299.0,1299.0
190016182,14,2,35.7,17.85
190022459,17,9,36.1,4.01111111111111
190049238,4,4,62.3,15.575
190060278,40,21,506.8,24.1333333333333
190061555,1,1,0.8,0.8
190070011,3,3,51.7,17.2333333333333
190073388,14,0,0,0
190074593,9,5,226.8,45.36
190118118,1,1,208.0,208.0
190162483,1,1,1.2,1.2
190191843,44,35,2773.7,79.2485714285714
190206592,1,1,3.9,3.9
190231757,1,1,18.0,18.0
190246455,2,1,0.9,0.9
190296880,2,0,0,0
190305564,1,1,23.0,23.0
190305835,42,19,969.1,51.0052631578947
190310322,1,1,4.3,4.3
190342639,1,1,4.9,4.9
190369653,1,1,0.6,0.6
190386837,4,2,0.5,0.25
190420357,7,2,1.1,0.55
190460990,1,1,1.5,1.5
190466640,1,1,2.4,2.4
190502181,24,14,1722.3,123.021428571429
190504638,1,0,0,0
190517373,3,2,1.0,0.5
190547288,4,2,17.4,8.7
190568643,3,1,343.0,343.0
190598972,1,1,0.5,0.5
190608205,1,0,0,0
190615811,1,1,0.2,0.2
190623779,1,1,4.3,4.3
190628198,2,2,9.8,4.9
190650796,9,6,50.5,8.41666666666667
190654528,1,1,146.0,146.0
190668443,1,1,5.8,5.8
190675881,11,10,106.9,10.69
190687978,1,1,6.6,6.6
190693641,1,1,1.4,1.4
190708114,7,6,141.2,23.5333333333333
190721470,1,1,0.3,0.3
190754099,2,2,2919.0,1459.5
190774375,1,1,1.2,1.2
190788774,1,1,1.0,1.0
190798987,1,1,2.3,2.3
190817792,1,0,0,0
190860375,1,1,15.2,15.2
190861612,1,1,452.0,452.0
190887447,1,1,9.1,9.1
190900463,1,1,3.0,3.0
190900804,15,1,3.3,3.3
190945239,2,1,0.1,0.1
190961031,1,1,0.6,0.6
191019302,2,1,237.0,237.0
191027696,1,1,7.8,7.8
191052911,1,1,4.2,4.2
191101874,7,7,31.4,4.48571428571429
191115240,1,1,11.6,11.6
191126693,44,30,1144.5,38.15
191169296,3,1,9.1,9.1
191203821,8,1,0.4,0.4
191244342,1,1,1368.0,1368.0
191244808,13,8,48.6,6.075
191285966,1,1,0.5,0.5
191299959,2,1,0.8,0.8
191316238,1,0,0,0
191320556,1,1,41.0,41.0
191365887,25,3,4.7,1.56666666666667
191375618,1,0,0,0
191377488,4,4,1.6,0.4
191396022,1,1,2.7,2.7
191421015,1,1,6.0,6.0
191422617,2,1,17.6,17.6
191477470,9,7,690.2,98.6
191480137,2,2,43.9,21.95
191507469,1,1,1.7,1.7
191527425,1,0,0,0
191566590,1,1,3.7,3.7
191576449,21,13,1881.5,144.730769230769
191592097,3,1,16.2,16.2
191603262,1,1,3.2,3.2
191637518,14,6,463.8,77.3
191670145,1,1,11.8,11.8
191677626,3,1,5.3,5.3
191692022,1,1,0.2,0.2
191721546,3,2,3.8,1.9
191731084,8,2,150.3,75.15
191747590,15,6,272.0,45.3333333333333
191760370,6,3,2.2,0.733333333333333
191779282,1,1,1505.0,1505.0
191780526,2,2,19.6,9.8
191792074,7,1,14.5,14.5
191802069,1,1,8.7,8.7
191803558,1,1,1.2,1.2
191810425,1,1,7.5,7.5
191817434,1,1,1.6,1.6
191821689,4,1,5.1,5.1
191829918,1,1,2.9,2.9
191854245,1,1,1.2,1.2
191857652,1,1,0.3,0.3
191905471,1,1,0.8,0.8
191907008,1,1,2.4,2.4
191923237,4,0,0,0
191933539,1,1,5.6,5.6
191937457,1,1,3.4,3.4
191937970,8,1,0.7,0.7
191940483,2,1,1.5,1.5
191945723,1,0,0,0
191973826,1,1,0.5,0.5
191975517,4,1,107.0,107.0
191979928,80,34,1241.8,36.5235294117647
191988742,8,5,19.8,3.96
192012936,4,3,10.7,3.56666666666667
192031349,3,2,158.0,79.0
192044880,5,5,119.6,23.92
192052864,1,1,3.8,3.8
192075614,1,1,0.7,0.7
192080216,1,0,0,0
192089288,3,0,0,0
192105970,22,20,69.1,3.455
192109670,1,1,1.9,1.9
192134691,1,1,1113.0,1113.0
192168270,1,1,0.3,0.3
192170147,68,15,648.7,43.2466666666667
192182310,1,1,0.9,0.9
192186232,1,1,3.0,3.0
192196598,6,2,0.3,0.15
192201048,1,1,0.4,0.4
192204940,1,1,0.4,0.4
192218605,1,0,0,0
192234242,7,3,12.7,4.23333333333333
192245266,1,1,465.0,465.0
192264666,1,1,403.0,403.0
192274690,3,1,0.8,0.8
192277804,2,2,5.1,2.55
192282418,1,1,9.2,9.2
192334796,9,1,171.0,171.0
192341303,6,1,332.0,332.0
192429833,1,1,1.7,1.7
192436140,1,1,1577.0,1577.0
192443246,1,0,0,0
192482286,1,1,0.2,0.2
192503967,27,22,1055.1,47.9590909090909
192526458,15,2,110.0,55.0
192531211,1,1,2.3,2.3
192538478,10,6,37.8,6.3
192582507,1,1,14.4,14.4
192598347,1,1,2.8,2.8
192609869,1,1,2.5,2.5
192616228,1,0,0,0
192623666,1,1,56.0,56.0
192627895,1,1,131.0,131.0
192641031,4,1,0.5,0.5
192645567,4,4,20.4,5.1
192664331,2,2,0.6,0.3
192703190,5,4,1.6,0.4
192742937,7,3,822.6,274.2
192772707,20,9,948.6,105.4
192798536,1,0,0,0
192822732,1,1,0.2,0.2
192832691,1,0,0,0
192839333,2,2,326.2,163.1
192848461,1,1,1.9,1.9
192861545,7,2,15.7,7.85
192886504,1,1,45.0,45.0
192888880,1,0,0,0
192899469,1,1,19.2,19.2
192921532,2,2,8.1,4.05
192931464,1,1,1.5,1.5
192949772,3,1,98.0,98.0
192955397,3,2,4.0,2.0
192969933,1,1,0.5,0.5
192976811,2,2,8.6,4.3
192989716,1,0,0,0
192997918,2,1,273.0,273.0
193012627,1,1,0.1,0.1
193025628,2,1,2.9,2.9
193029586,4,0,0,0
193056678,1,1,1.5,1.5
193058986,1,1,1.9,1.9
193076632,2,1,0.7,0.7
193083287,1,1,2.5,2.5
193087158,7,5,188.6,37.72
193092714,1,1,0.1,0.1
193097653,1,1,21.0,21.0
193103684,95,26,522.5,20.0961538461538
193129684,19,8,151.7,18.9625
193131260,1,1,16.0,16.0
193136822,1,1,9.2,9.2
193156880,96,44,2104.8,47.8363636363636
193196975,20,15,147.3,9.82
193202632,2,2,4.0,2.0
193226877,2,2,7.9,3.95
193230408,1,1,1.9,1.9
193245894,1,1,2.6,2.6
193265457,2,0,0,0
193279119,1,1,0.3,0.3
193289015,3,1,293.0,293.0
193304011,4,4,69.2,17.3
193315427,1,1,37.0,37.0
193349394,2,2,1.7,0.85
193423786,2,1,1.0,1.0
193428692,2,0,0,0
193442134,1,1,18.7,18.7
193456517,1,1,1.4,1.4
193471217,1,1,2.9,2.9
193486352,21,18,25.4,1.41111111111111
193494703,1,1,13.4,13.4
193539193,2,1,1.0,1.0
193545615,3,2,0.7,0.35
193553590,1,1,19.2,19.2
193581345,1,1,15.0,15.0
193599149,1,1,0.3,0.3
193671011,1,1,5.6,5.6
193693887,1,1,2.3,2.3
193705276,2,2,1470.9,735.45
193740810,1,1,0.2,0.2
193743047,1,1,0.4,0.4
193774881,1,1,21.0,21.0
193784721,1,1,1.7,1.7
193792189,3,3,7.7,2.56666666666667
193811490,1,1,1.1,1.1
193840893,5,2,1.9,0.95
193858324,1,1,4.3,4.3
193923021,1,1,4.8,4.8
193955543,1,1,3.0,3.0
193956726,5,3,4.8,1.6
193987636,7,6,10.7,1.78333333333333
194023429,1,0,0,0
194057051,2,1,23.0,23.0
194063322,2,1,9.2,9.2
194071007,3,2,3.8,1.9
194097479,1,1,5.5,5.5
194101597,2,1,1.5,1.5
194111617,6,5,410.2,82.04
194145720,1,1,68.0,68.0
194156559,1,1,0.8,0.8
194191204,6,5,18.0,3.6
194196780,6,1,1019.0,1019.0
194201853,1,0,0,0
194207397,12,4,478.4,119.6
194237851,3,1,0.3,0.3
194266152,2,1,12.9,12.9
194269839,1,1,8.0,8.0
194282276,1,1,0.8,0.8
194305157,6,3,50.0,16.6666666666667
194325357,1,0,0,0
194327703,1,1,7.0,7.0
194432540,16,13,25.7,1.97692307692308
194463248,1,1,13.9,13.9
194481709,1,1,1.2,1.2
194487033,1,1,0.3,0.3
194491088,4,1,52.0,52.0
194506370,1,1,0.3,0.3
194534689,1,1,0.4,0.4
194541300,2,1,90.0,90.0
194544287,6,4,46.5,11.625
194545521,2,2,29.3,14.65
194619752,5,1,419.0,419.0
194629782,1,1,17.8,17.8
194641575,9,6,50.5,8.41666666666667
194642805,1,1,0.2,0.2
194664022,1,1,1.6,1.6
194670621,35,30,864.3,28.81
194672513,1,1,0.8,0.8
194678830,1,0,0,0
194680258,8,1,31.0,31.0
194694340,1,1,0.6,0.6
194791978,1,1,8.6,8.6
194794185,1,1,24.0,24.0
194800299,1,1,0.9,0.9
194812058,2,2,54.1,27.05
194820693,6,1,2.5,2.5
194842424,4,2,1781.1,890.55
194854693,14,5,85.9,17.18
194858483,2,0,0,0
194872360,8,6,927.0,154.5
194885661,4,2,15.5,7.75
194893507,5,5,1102.0,220.4
194895541,2,2,1.5,0.75
194920727,2,2,0.6,0.3
194966014,1,1,28.0,28.0
194969717,1,1,1.0,1.0
194970068,27,16,2744.5,171.53125
194993610,1,1,0.2,0.2
195006426,2,2,56.8,28.4
195020366,1,1,0.6,0.6
195065296,4,1,2.7,2.7
195071563,1,1,6.2,6.2
195072781,14,9,327.8,36.4222222222222
195105284,28,12,684.8,57.0666666666667
195105416,2,2,6.0,3.0
195130514,1,1,79.0,79.0
195147702,2,2,159.0,79.5
195171884,4,4,343.1,85.775
195193671,2,1,6.0,6.0
195202264,1,1,212.0,212.0
195219679,1,1,3.3,3.3
195238292,1,1,0.5,0.5
195248182,1,1,0.9,0.9
195274250,1,0,0,0
195289372,1,1,9.2,9.2
195311349,1,1,0.2,0.2
195322037,5,2,1.3,0.65
195354965,1,1,0.6,0.6
195403462,1,1,9.3,9.3
195406396,1,1,35.0,35.0
195414910,49,20,578.7,28.935
195430485,4,1,2.8,2.8
195436818,1,1,0.7,0.7
195442852,1,1,2.3,2.3
195453723,1,1,3.0,3.0
195459356,6,1,0.5,0.5
195484725,1,1,4.2,4.2
195486667,4,1,8.5,8.5
195559468,1,1,0.1,0.1
195584941,14,9,208.4,23.1555555555556
195587567,1,0,0,0
195594316,1,1,3.8,3.8
195606876,1,1,6.4,6.4
195607832,49,18,644.8,35.8222222222222
195611290,1,1,1.5,1.5
195694153,2,1,482.0,482.0
195723035,1,0,0,0
195743633,4,2,3.6,1.8
195750181,3,1,15.4,15.4
195780309,53,41,292.3,7.12926829268293
195800610,4,1,3.8,3.8
195814783,1,1,1.9,1.9
195815964,2,1,13.5,13.5
195840346,1,1,124.0,124.0
195943868,4,3,1026.7,342.233333333333
195946569,15,8,69.3,8.6625
195962272,16,6,21.8,3.63333333333333
195968966,7,3,181.4,60.4666666666667
195974700,3,2,25.1,12.55
195999024,1,1,1.3,1.3
196016696,3,0,0,0
196047720,1,1,0.7,0.7
196057622,1,1,15.0,15.0
196059860,33,5,4.8,0.96
196066421,39,22,204.1,9.27727272727273
196086652,1,1,1.6,1.6
196089915,1,1,18.2,18.2
196098976,17,1,162.0,162.0
196113123,2,1,39.0,39.0
196119233,1,1,0.5,0.5
196156695,11,1,426.0,426.0
196171528,2,1,18.3,18.3
196171763,1,1,14.6,14.6
196179331,1,1,0.1,0.1
196188671,2,1,28.0,28.0
196223620,23,12,273.7,22.8083333333333
196231194,4,4,27.1,6.775
196237754,2,1,0.8,0.8
196256646,2,2,14.1,7.05
196274659,1,1,5.9,5.9
196324436,1,1,8.6,8.6
196354657,1,0,0,0
196358260,1,0,0,0
196403090,8,6,260.3,43.3833333333333
196427977,1,0,0,0
196435579,1,1,2.1,2.1
196437409,1,1,47.0,47.0
196446810,3,2,1.7,0.85
196498799,5,2,17.6,8.8
196543616,2,1,1234.0,1234.0
196558392,7,7,461.0,65.8571428571429
196578463,1,1,11.0,11.0
196586255,1,1,417.0,417.0
196594918,1,1,206.0,206.0
196595568,35,26,347.6,13.3692307692308
196609297,22,13,55.6,4.27692307692308
196677424,1,1,16.6,16.6
196707355,6,2,0.7,0.35
196724692,1,1,3.0,3.0
196725782,1,1,74.0,74.0
196749226,1,1,7.5,7.5
196751350,1,1,0.6,0.6
196751756,1,1,20.0,20.0
196799100,1,1,24.0,24.0
196816850,8,1,0.3,0.3
196862501,18,1,659.0,659.0
196873040,3,2,17.6,8.8
196886916,1,1,0.9,0.9
196894502,1,1,0.2,0.2
196921868,1,1,10.2,10.2
196931524,2,2,2.4,1.2
196960100,1,1,71.0,71.0
196974297,1,0,0,0
197014942,1,1,0.5,0.5
197057442,2,1,0.2,0.2
197070285,1,1,0.5,0.5
197090954,1,1,64.0,64.0
197147371,1,1,2.1,2.1
197157593,1,1,3.2,3.2
197166094,1,1,95.0,95.0
197172884,1,1,0.4,0.4
197179748,1,1,22.0,22.0
197190654,29,24,468.4,19.5166666666667
197237005,5,2,527.0,263.5
197245597,7,1,0.4,0.4
197262235,1,1,104.0,104.0
197275508,1,1,0.2,0.2
197278511,1,1,0.5,0.5
197279094,3,3,23.0,7.66666666666667
197279519,1,1,0.6,0.6
197288410,3,2,75.4,37.7
197293332,2,1,209.0,209.0
197293813,2,1,9.4,9.4
197302530,14,11,913.1,83.0090909090909
197302969,1,1,0.3,0.3
197328486,6,4,116.5,29.125
197363488,4,2,17.1,8.55
197364659,5,2,61.3,30.65
197385611,5,3,300.0,100.0
197406178,43,25,158.7,6.348
197413514,9,1,49.0,49.0
197455089,1,1,3.4,3.4
197458771,2,1,130.0,130.0
197467350,1,1,2.7,2.7
197501773,2,1,2.2,2.2
197509386,3,1,550.0,550.0
197518122,6,5,115.1,23.02
197550099,2,2,55.0,27.5
197571337,6,6,122.1,20.35
197579025,12,2,969.3,484.65
197616637,1,1,0.9,0.9
197620904,14,6,110.0,18.3333333333333
197642964,1,1,9.2,9.2
197652539,25,13,223.8,17.2153846153846
197656011,1,1,0.5,0.5
197657608,6,5,761.6,152.32
197666345,1,1,27.0,27.0
197700401,3,1,0.7,0.7
197705483,1,1,13.0,13.0
197724494,5,1,11.5,11.5
197732882,2,1,5.8,5.8
197765864,1,1,4.5,4.5
197786337,2,1,6.4,6.4
197821092,1,1,1.5,1.5
197822805,2,1,260.0,260.0
197861486,1,1,27.0,27.0
197861902,1,1,22.0,22.0
197871154,1,1,37.0,37.0
197876733,3,0,0,0
197894945,1,1,1.2,1.2
197902002,1,0,0,0
197903023,1,1,1.6,1.6
197904909,127,21,408.3,19.4428571428571
197918145,3,2,49.9,24.95
197949629,22,17,290.4,17.0823529411765
197966478,41,27,881.6,32.6518518518519
197987776,1,1,14.7,14.7
197999509,1,1,0.6,0.6
198019368,1,1,85.0,85.0
198071235,2,1,1.2,1.2
198081354,66,37,1302.8,35.2108108108108
198083088,3,1,48.0,48.0
198100987,1,1,16.1,16.1
198105109,17,12,572.0,47.6666666666667
198107221,3,0,0,0
198107903,2,1,0.1,0.1
198126859,3,0,0,0
198156213,2,1,17.0,17.0
198166157,1,1,0.6,0.6
198201128,1,1,19.2,19.2
198249024,7,3,881.4,293.8
198261883,2,1,435.0,435.0
198286263,1,1,5.9,5.9
198309472,1,1,0.5,0.5
198311110,1,1,5.7,5.7
198314976,10,1,0.1,0.1
198327032,1,1,0.5,0.5
198328209,2,1,1.0,1.0
198346312,34,18,290.4,16.1333333333333
198350044,1,1,137.0,137.0
198350948,4,4,12.8,3.2
198357128,2,0,0,0
198380393,2,1,2.4,2.4
198381433,1,1,1.1,1.1
198398830,8,3,24.4,8.13333333333333
198417932,1,1,1.5,1.5
198436071,3,1,1.7,1.7
198464515,3,1,0.8,0.8
198550551,3,3,52.8,17.6
198561746,4,3,95.3,31.7666666666667
198572546,1,1,12.7,12.7
198573013,32,18,55.5,3.08333333333333
198584696,1,1,1.9,1.9
198595210,1,1,1.2,1.2
198605042,14,2,234.2,117.1
198621754,1,1,5.7,5.7
198639468,1,1,1.5,1.5
198680785,1,1,0.2,0.2
198709823,1,0,0,0
198722652,13,10,284.0,28.4
198735293,98,66,1518.5,23.0075757575758
198741200,1,1,0.5,0.5
198744602,1,1,0.2,0.2
198782797,3,1,8.1,8.1
198794630,1,1,0.3,0.3
198799464,1,1,0.4,0.4
198804975,9,8,24.9,3.1125
198810299,1,1,26.0,26.0
198825628,3,2,777.1,388.55
198850929,32,10,111.9,11.19
198874354,1,1,0.8,0.8
198878241,1,1,24.0,24.0
198893163,5,4,68.4,17.1
198901867,5,1,105.0,105.0
198913824,1,1,9.6,9.6
198914333,18,15,558.7,37.2466666666667
198918504,2,1,1054.0,1054.0
198962605,1,1,183.0,183.0
198996945,1,1,1.6,1.6
199005864,1,1,2.4,2.4
199010300,1,0,0,0
199013605,2,2,7.6,3.8
199025228,2,0,0,0
199046946,1,1,6.8,6.8
199047397,1,1,1.6,1.6
199047757,1,1,37.0,37.0
199051315,1,1,5.9,5.9
199051694,7,1,13.4,13.4
199075040,2,1,17.6,17.6
199085938,3,2,2.1,1.05
199121928,1,1,3.4,3.4
199134483,2,2,17.7,8.85
199134746,1,1,4.9,4.9
199158451,4,1,155.0,155.0
199210319,6,0,0,0
199215257,1,1,11.5,11.5
199231210,1,1,522.0,522.0
199236587,6,1,71.0,71.0
199243806,23,1,0.3,0.3
199255181,1,1,12.5,12.5
199288821,2,1,182.0,182.0
199298990,4,1,4.0,4.0
199307633,3,1,0.2,0.2
199336988,1,1,0.3,0.3
199344685,1,1,1.0,1.0
199363978,1,1,0.7,0.7
199423036,3,1,1.0,1.0
199426613,4,1,594.0,594.0
199463289,1,1,102.0,102.0
199466958,1,1,2.9,2.9
199500064,4,1,403.0,403.0
199535718,1,1,895.0,895.0
199552639,1,1,13.9,13.9
199568480,9,3,1.8,0.6
199594907,1,1,0.5,0.5
199603191,12,11,426.2,38.7454545454545
199628395,38,20,368.0,18.4
199637398,3,3,33.6,11.2
199642080,6,2,26.0,13.0
199647568,1,1,17.2,17.2
199659716,20,14,336.0,24.0
199662019,4,2,59.2,29.6
199664148,1,1,2.7,2.7
199668978,1,1,0.2,0.2
199678802,2,2,811.0,405.5
199681294,1,0,0,0
199693353,78,46,316.0,6.8695652173913
199693744,1,1,0.2,0.2
199694980,2,2,12.2,6.1
199709157,2,0,0,0
199717061,2,2,126.9,63.45
199727985,1,1,5.4,5.4
199745733,2,1,1.0,1.0
199757879,3,1,130.0,130.0
199768117,4,4,789.7,197.425
199779448,2,2,11.8,5.9
199805188,18,3,9.8,3.26666666666667
199806970,1,1,0.7,0.7
199816062,1,1,503.0,503.0
199816966,14,12,61.1,5.09166666666667
199831134,1,1,0.2,0.2
199841615,2,2,1361.0,680.5
199850143,1,0,0,0
199899325,3,2,51.2,25.6
199908506,5,4,7.1,1.775
199911795,1,0,0,0
199931153,11,1,3.0,3.0
199931468,3,0,0,0
199948316,2,2,1.2,0.6
199955973,5,1,513.0,513.0
199973616,1,1,3.3,3.3
199985422,1,1,64.0,64.0
200012511,1,1,3.2,3.2
200035884,1,1,0.6,0.6
200035911,1,1,541.0,541.0
200036280,9,7,33.4,4.77142857142857
200039228,1,1,0.6,0.6
200059104,27,23,369.6,16.0695652173913
200082927,1,1,57.0,57.0
200083632,1,1,0.1,0.1
200083714,1,1,157.0,157.0
200086626,7,4,1327.5,331.875
200102265,1,1,3.1,3.1
200110639,1,1,2.3,2.3
200115424,4,3,119.2,39.7333333333333
200124268,2,0,0,0
200175559,6,6,2.2,0.366666666666667
200190961,2,2,1.9,0.95
200194583,1,1,0.5,0.5
200219550,1,0,0,0
200243546,2,1,0.7,0.7
200282141,5,5,357.8,71.56
200321746,2,1,167.0,167.0
200345112,3,1,1.9,1.9
200362041,10,2,5.7,2.85
200364872,1,1,20.0,20.0
200376716,13,2,1.6,0.8
200420585,1,1,2.1,2.1
200421415,1,0,0,0
200471514,2,2,1.4,0.7
200491490,12,1,728.0,728.0
200517250,1,1,0.3,0.3
200524998,5,4,121.6,30.4
200538601,1,0,0,0
200560312,1,1,1.1,1.1
200574126,5,5,11.3,2.26
200657041,1,1,24.0,24.0
200669964,3,2,70.0,35.0
200673341,74,47,505.1,10.7468085106383
200680033,8,1,5.1,5.1
200701717,1,1,1.2,1.2
200714421,1,1,0.6,0.6
200734968,1,0,0,0
200737797,1,1,0.9,0.9
200749959,1,1,2.2,2.2
200750585,4,2,1438.0,719.0
200759485,4,2,5.5,2.75
200817099,23,2,1137.0,568.5
200821590,2,2,210.0,105.0
200857908,5,1,0.2,0.2
200912155,2,2,1.4,0.7
200913780,23,11,397.6,36.1454545454545
200933731,1,1,0.7,0.7
200933876,1,1,0.2,0.2
200951504,1,1,2.4,2.4
201022310,1,1,1.5,1.5
201022896,4,4,605.3,151.325
201023624,2,2,52.6,26.3
201026570,4,1,1.6,1.6
201028044,1,1,8.7,8.7
201033909,1,1,5.7,5.7
201052506,1,1,0.2,0.2
201069271,1,1,4.8,4.8
201081230,4,1,17.2,17.2
201089557,1,1,2.6,2.6
201109162,3,1,2.5,2.5
201122970,7,5,14.3,2.86
201152238,3,2,5.5,2.75
201169447,1,1,6.3,6.3
201173206,6,4,326.1,81.525
201176964,1,1,1.9,1.9
201187797,6,4,379.5,94.875
201196839,1,1,0.2,0.2
201208624,1,1,319.0,319.0
201265166,19,15,1493.5,99.5666666666667
201269065,1,1,8.5,8.5
201275304,1,1,1.5,1.5
201280043,5,3,23.8,7.93333333333333
201282160,1,1,15.6,15.6
201283792,5,4,330.1,82.525
201352784,1,1,0.8,0.8
201353444,2,0,0,0
201355162,3,2,183.9,91.95
201367497,3,2,16.8,8.4
201383036,2,1,2.3,2.3
201397220,3,2,12.3,6.15
201410301,2,0,0,0
201443705,1,1,7.5,7.5
201445671,1,1,5.2,5.2
201480718,2,2,197.4,98.7
201495555,5,3,231.7,77.2333333333333
201506696,1,1,4.6,4.6
201512283,1,1,0.4,0.4
201533036,1,1,0.5,0.5
201576436,2,2,23.2,11.6
201600354,9,3,0.8,0.266666666666667
201631174,1,0,0,0
201634197,1,1,0.7,0.7
201656921,5,5,326.9,65.38
201660033,1,0,0,0
201678836,36,1,650.0,650.0
201680419,2,2,477.3,238.65
201689712,1,0,0,0
201696785,1,1,1.4,1.4
201697182,1,1,76.0,76.0
201708562,3,3,4.7,1.56666666666667
201713909,21,1,401.0,401.0
201728484,1,1,8.7,8.7
201737586,6,5,16.5,3.3
201743677,1,1,0.5,0.5
201757829,33,19,673.0,35.4210526315789
201761030,1,1,7.6,7.6
201763859,1,1,448.0,448.0
201768926,2,2,84.5,42.25
201769914,1,1,16.0,16.0
201777630,1,1,0.6,0.6
201793161,2,2,403.3,201.65
201800994,3,1,7.1,7.1
201816765,11,7,143.6,20.5142857142857
201889336,5,3,49.3,16.4333333333333
201895745,2,2,76.5,38.25
201907389,2,0,0,0
201912254,1,1,17.9,17.9
201929912,1,1,0.3,0.3
201945992,1,1,11.9,11.9
201946795,2,0,0,0
201968130,1,1,0.4,0.4
201974556,8,5,50.5,10.1
201977954,1,1,13.1,13.1
201978799,9,8,192.9,24.1125
201987165,3,1,0.6,0.6
201990605,3,1,271.0,271.0
201991644,1,1,2.0,2.0
202011768,1,1,1.7,1.7
202014107,2,2,21.4,10.7
202017729,1,1,1.1,1.1
202018536,1,0,0,0
202043465,3,1,37.0,37.0
202057920,4,4,463.6,115.9
202092286,1,1,7.6,7.6
202128053,2,1,34.0,34.0
202139066,1,1,11.8,11.8
202140315,1,1,0.3,0.3
202140438,21,17,91.2,5.36470588235294
202160057,1,1,0.3,0.3
202160372,2,2,247.0,123.5
202174504,12,1,0.3,0.3
202195289,4,3,42.8,14.2666666666667
202239376,1,1,1.6,1.6
202287486,1,1,1323.0,1323.0
202298227,1,1,0.2,0.2
202329485,2,1,1.7,1.7
202337908,1,1,1.9,1.9
202340310,1,1,4.6,4.6
202347606,1,1,1.5,1.5
202366002,1,1,2.1,2.1
202376797,4,3,57.7,19.2333333333333
202395275,1,1,4.3,4.3
202409306,1,1,2.7,2.7
202427012,29,16,232.5,14.53125
202465473,2,2,539.0,269.5
202465494,1,1,1.6,1.6
202480747,2,2,4.1,2.05
202491399,6,3,2046.3,682.1
202516861,1,1,43.0,43.0
202557205,1,1,0.4,0.4
202585832,1,1,0.8,0.8
202586207,1,1,89.0,89.0
202586399,1,1,1.1,1.1
202595220,1,0,0,0
202595940,1,1,6.4,6.4
202598205,7,6,514.8,85.8
202600291,1,1,7.8,7.8
202616779,2,0,0,0
202618978,11,3,73.1,24.3666666666667
202620479,2,2,481.0,240.5
202625117,1,1,541.0,541.0
202664112,5,1,29.0,29.0
202675529,1,1,0.5,0.5
202700087,2,1,29.0,29.0
202700286,1,1,2.5,2.5
202705453,1,1,1441.0,1441.0
202706694,1,1,128.0,128.0
202738708,3,3,493.1,164.366666666667
202742019,4,3,111.8,37.2666666666667
202759236,2,1,749.0,749.0
202760244,4,2,222.3,111.15
202760417,21,0,0,0
202764759,5,3,10.7,3.56666666666667
202775025,3,2,130.2,65.1
202794882,2,0,0,0
202818659,1,1,147.0,147.0
202836907,1,0,0,0
202843172,9,6,35.6,5.93333333333333
202846415,1,1,18.8,18.8
202851441,2,0,0,0
202863512,3,1,0.2,0.2
202894728,9,6,7.6,1.26666666666667
202901139,1,0,0,0
202906277,1,1,24.0,24.0
202906503,1,1,10.4,10.4
202921867,5,0,0,0
202949952,5,1,16.2,16.2
202961177,1,0,0,0
203058502,1,1,116.0,116.0
203086587,12,7,650.1,92.8714285714286
203092936,15,6,163.2,27.2
203101149,12,4,7.9,1.975
203103090,1,1,21.0,21.0
203114983,2,1,0.5,0.5
203117866,3,3,12.2,4.06666666666667
203123715,1,1,0.2,0.2
203133963,1,0,0,0
203153814,13,1,136.0,136.0
203172944,1,1,6.0,6.0
203211230,1,1,0.6,0.6
203222843,11,6,478.6,79.7666666666667
203238341,1,1,1.8,1.8
203241031,6,5,320.3,64.06
203260681,1,1,1.3,1.3
203332508,1,1,1.8,1.8
203370167,6,0,0,0
203370502,1,1,2.4,2.4
203373557,1,1,0.4,0.4
203377807,1,1,0.7,0.7
203387556,5,5,182.1,36.42
203401879,1,1,1.1,1.1
203414979,1,1,2.2,2.2
203422894,3,1,379.0,379.0
203440072,11,5,19.6,3.92
203450693,1,1,3.4,3.4
203455698,1,1,0.4,0.4
203459103,3,3,8.3,2.76666666666667
203492188,1,1,26.0,26.0
203494117,1,1,0.7,0.7
203506108,1,0,0,0
203572706,1,1,0.5,0.5
203607436,1,0,0,0
203614583,1,0,0,0
203631881,1,1,54.0,54.0
203643703,6,5,22.7,4.54
203650036,7,4,185.8,46.45
203712998,1,1,582.0,582.0
203729080,1,1,4.8,4.8
203735948,1,1,17.8,17.8
203745259,1,1,68.0,68.0
203746661,1,1,2223.0,2223.0
203765587,22,19,211.8,11.1473684210526
203800963,61,18,1185.8,65.8777777777778
203813088,1,1,0.3,0.3
203822193,1,1,332.0,332.0
203831787,4,4,8.4,2.1
203838394,26,17,194.5,11.4411764705882
203871540,1,0,0,0
203932908,1,1,0.8,0.8
203950540,1,1,8.3,8.3
203968405,14,8,100.9,12.6125
203986235,1,1,4.6,4.6
204014532,12,1,192.0,192.0
204041850,1,1,0.6,0.6
204061484,1,1,391.0,391.0
204083307,2,0,0,0
204084775,1,0,0,0
204147089,2,1,133.0,133.0
204168370,1,1,1.7,1.7
204176632,1,1,0.4,0.4
204198891,2,2,3.7,1.85
204199622,2,2,660.0,330.0
204208122,1,1,0.2,0.2
204245029,1,1,2.3,2.3
204252372,1,1,1.0,1.0
204296172,4,1,466.0,466.0
204297995,1,1,122.0,122.0
204302937,1,0,0,0
204304907,1,1,1.4,1.4
204309512,1,1,4.9,4.9
204319528,1,1,17.4,17.4
204343807,2,1,7.6,7.6
204381357,1,1,31.0,31.0
204386604,1,0,0,0
204401529,45,32,501.0,15.65625
204412693,1,1,1.1,1.1
204443543,3,1,2.8,2.8
204453243,1,0,0,0
204459221,12,8,640.2,80.025
204477246,16,9,14.3,1.58888888888889
204480360,1,1,2.5,2.5
204480696,10,7,337.3,48.1857142857143
204493190,8,7,5.6,0.8
204495708,1,1,11.1,11.1
204537690,3,1,8.3,8.3
204541576,8,8,186.7,23.3375
204543155,1,1,7.5,7.5
204624428,9,3,317.6,105.866666666667
204631355,3,2,5.8,2.9
204673876,1,0,0,0
204679729,6,6,814.3,135.716666666667
204702638,2,1,1.7,1.7
204703234,1,1,29.0,29.0
204737421,1,1,1.8,1.8
204742217,10,1,1.3,1.3
204748501,1,1,0.7,0.7
204748975,4,1,1.8,1.8
204749083,1,1,90.0,90.0
204750078,1,1,1.8,1.8
204793925,4,1,28.0,28.0
204795948,117,12,153.0,12.75
204813749,1,1,3.6,3.6
204829406,3,1,1.3,1.3
204888877,2,2,14.9,7.45
204908772,1,1,25.0,25.0
204916406,3,2,413.0,206.5
204967665,2,0,0,0
204970557,1,1,0.9,0.9
204986955,2,2,83.5,41.75
205014771,20,11,346.9,31.5363636363636
205029231,2,2,180.7,90.35
205031950,1,1,0.5,0.5
205035443,1,1,5.6,5.6
205058166,11,8,52.9,6.6125
205074970,1,1,12.1,12.1
205077657,2,0,0,0
205089128,3,3,31.1,10.3666666666667
205124409,1,1,1.5,1.5
205129403,2,1,1.9,1.9
205145940,1,1,6.5,6.5
205171017,3,3,398.5,132.833333333333
205204457,1,1,0.7,0.7
205240425,4,1,34.0,34.0
205253661,1,1,0.5,0.5
205278025,1,1,1.4,1.4
205285563,68,30,1002.1,33.4033333333333
205329032,12,2,1453.0,726.5
205339310,3,1,1.7,1.7
205339707,2,1,0.9,0.9
205340007,1,1,4.4,4.4
205343727,9,5,112.2,22.44
205352214,1,1,0.6,0.6
205392512,1,1,6.9,6.9
205424925,5,1,0.6,0.6
205439135,1,1,2.0,2.0
205452022,1,1,6.0,6.0
205462875,4,2,31.5,15.75
205466848,3,1,678.0,678.0
205479294,13,5,8.4,1.68
205511851,1,1,0.8,0.8
205532682,1,1,0.4,0.4
205546094,1,1,7.7,7.7
205549354,2,2,11.1,5.55
205579387,1,1,0.8,0.8
205606245,1,1,0.8,0.8
205633878,1,1,2.8,2.8
205633955,1,1,694.0,694.0
205634951,1,1,3.2,3.2
205636324,2,2,154.3,77.15
205641661,7,1,9.5,9.5
205670497,1,1,1.5,1.5
205730271,5,2,7.7,3.85
205731112,8,4,779.4,194.85
205732978,2,0,0,0
205751714,1,1,0.3,0.3
205753843,1,1,0.2,0.2
205757975,1,1,0.5,0.5
205758042,9,1,0.3,0.3
205791817,1,1,0.2,0.2
205793409,5,4,6.0,1.5
205804636,1,1,2.3,2.3
205820352,1,1,83.0,83.0
205822046,2,0,0,0
205823360,2,2,49.2,24.6
205827348,2,1,3.8,3.8
205829374,5,4,203.2,50.8
205834246,1,0,0,0
205867397,1,1,3.2,3.2
205881130,1,1,3.5,3.5
205897759,1,0,0,0
205897821,3,1,2.1,2.1
205919571,1,1,6.1,6.1
205929037,1,1,4.6,4.6
205965436,21,16,87.1,5.44375
205983773,2,2,101.2,50.6
205995905,3,0,0,0
206012062,1,1,1.1,1.1
206014489,46,27,1687.0,62.4814814814815
206071342,1,1,1.8,1.8
206086186,2,1,1.7,1.7
206088606,8,5,54.6,10.92
206155181,3,2,21.7,10.85
206178043,1,1,3.0,3.0
206183065,29,21,89.5,4.26190476190476
206193312,4,4,46.9,11.725
206194501,1,1,49.0,49.0
206210282,10,3,829.3,276.433333333333
206214102,7,5,78.3,15.66
206229824,2,1,0.8,0.8
206232608,1,1,2.8,2.8
206248602,1,1,0.7,0.7
206266308,1,1,892.0,892.0
206299060,1,0,0,0
206308003,2,2,4.0,2.0
206326595,1,1,38.0,38.0
206346171,13,11,80.9,7.35454545454545
206350236,1,1,1.4,1.4
206384784,1,1,230.0,230.0
206398775,5,4,110.7,27.675
206414060,1,1,1.3,1.3
206436717,2,1,0.7,0.7
206440537,5,0,0,0
206443462,2,0,0,0
206471743,1,1,2.1,2.1
206485753,7,1,62.0,62.0
206493334,1,1,775.0,775.0
206494852,4,3,139.7,46.5666666666667
206508182,2,1,0.4,0.4
206510641,6,1,10.3,10.3
206512772,1,1,2.3,2.3
206536991,5,2,300.2,150.1
206556248,1,0,0,0
206558219,1,1,18.4,18.4
206560172,2,2,11.5,5.75
206567289,1,1,48.0,48.0
206577552,1,1,5.9,5.9
206588234,4,2,279.0,139.5
206595308,2,1,112.0,112.0
206597662,1,1,1.8,1.8
206599635,5,1,46.0,46.0
206655674,4,3,12.2,4.06666666666667
206684643,1,1,32.0,32.0
206696458,1,1,0.2,0.2
206701226,1,1,89.0,89.0
206764959,1,1,162.0,162.0
206792560,1,1,51.0,51.0
206807160,1,1,10.0,10.0
206815859,1,1,5.1,5.1
206846798,1,1,5.6,5.6
206849672,1,1,271.0,271.0
206857830,4,2,1.7,0.85
206864587,1,1,2.9,2.9
206896748,3,3,72.2,24.0666666666667
206903573,1,0,0,0
206904972,2,2,72.1,36.05
206908028,31,10,1069.7,106.97
206977463,1,1,1.6,1.6
206982761,7,6,325.5,54.25
206997101,1,1,0.2,0.2
207009485,10,4,319.5,79.875
207022512,1,1,12.7,12.7
207036748,18,10,20.4,2.04
207077290,1,1,1268.0,1268.0
207112591,1,1,33.0,33.0
207124179,2,1,3.1,3.1
207144527,1,1,1.9,1.9
207175903,1,1,1.3,1.3
207179295,1,0,0,0
207186541,15,2,49.1,24.55
207196616,4,4,33.2,8.3
207208914,9,3,84.5,28.1666666666667
207216516,1,1,229.0,229.0
207234237,1,1,21.0,21.0
207248568,59,1,202.0,202.0
207262142,8,5,28.1,5.62
207270682,2,1,1222.0,1222.0
207316620,1,1,30.0,30.0
207319056,3,3,136.9,45.6333333333333
207319088,1,1,0.5,0.5
207347046,1,1,2.8,2.8
207365563,4,2,1.6,0.8
207391878,1,1,0.9,0.9
207399776,1,1,3.2,3.2
207406826,3,1,4.4,4.4
207424334,11,11,33.4,3.03636363636364
207448199,1,1,32.0,32.0
207468782,1,1,1.1,1.1
207477282,30,12,123.0,10.25
207510132,1,1,14.6,14.6
207515194,1,1,0.2,0.2
207540690,2,2,14.2,7.1
207563790,2,2,5.2,2.6
207590964,1,1,3.2,3.2
207602474,2,2,13.4,6.7
207619328,1,1,153.0,153.0
207621814,1,1,1.4,1.4
207633085,5,3,29.3,9.76666666666667
207641091,1,1,0.4,0.4
207647609,5,3,5.0,1.66666666666667
207718097,23,16,673.5,42.09375
207747607,1,1,4.0,4.0
207805383,1,1,1.6,1.6
207817208,1,1,1.8,1.8
207830797,83,34,2334.5,68.6617647058823
207860755,1,1,10.6,10.6
207869089,21,12,190.8,15.9
207915392,19,5,5.4,1.08
207926270,4,4,18.3,4.575
207945140,1,1,18.4,18.4
207976673,5,0,0,0
207982884,1,1,2.3,2.3
208002927,1,1,24.0,24.0
208004844,4,4,54.1,13.525
208020634,3,0,0,0
208038249,1,1,128.0,128.0
208050447,5,0,0,0
208061820,6,5,23.9,4.78
208071792,1,1,6.6,6.6
208073859,1,1,0.3,0.3
208127048,8,4,10.9,2.725
208127198,4,3,108.3,36.1
208140106,1,1,0.8,0.8
208162306,1,1,1.1,1.1
208164637,4,0,0,0
208189013,1,1,1.3,1.3
208196373,4,1,42.0,42.0
208216690,2,0,0,0
208226134,1,0,0,0
208246168,1,1,1.2,1.2
208251718,4,1,3.7,3.7
208321471,1,0,0,0
208372342,1,0,0,0
208433111,1,1,0.2,0.2
208433656,1,1,178.0,178.0
208456672,1,0,0,0
208464394,6,3,6.2,2.06666666666667
208467850,1,1,22.0,22.0
208470492,1,1,2.3,2.3
208491021,9,4,594.2,148.55
208513774,1,0,0,0
208516514,1,1,100.0,100.0
208519728,1,1,8.8,8.8
208569224,2,0,0,0
208616727,5,5,44.8,8.96
208649703,4,1,125.0,125.0
208664547,1,1,1.7,1.7
208680317,1,1,20.0,20.0
208680989,1,0,0,0
208747788,1,1,2.6,2.6
208753102,1,1,0.1,0.1
208798336,3,2,23.1,11.55
208799740,1,1,12.5,12.5
208815172,1,1,6.5,6.5
208821410,6,5,80.3,16.06
208838704,5,1,3.3,3.3
208879416,19,6,578.5,96.4166666666667
208900216,10,9,1298.8,144.311111111111
208906317,1,0,0,0
208955921,2,2,6.2,3.1
208962079,1,0,0,0
208981410,1,0,0,0
208982674,2,2,65.3,32.65
208985864,1,1,45.0,45.0
208994172,2,1,2.0,2.0
209000748,1,1,20.0,20.0
209006754,5,5,19.2,3.84
209013836,1,0,0,0
209016933,3,0,0,0
209023275,16,4,94.9,23.725
209025362,2,1,9.4,9.4
209043288,2,1,3.2,3.2
209052347,1,1,3.7,3.7
209087920,8,5,57.7,11.54
209094130,4,0,0,0
209120214,1,1,9.8,9.8
209126665,3,0,0,0
209127185,1,1,13.4,13.4
209131025,1,1,26.0,26.0
209161162,2,1,1.3,1.3
209193781,1,1,1.1,1.1
209218938,1,1,0.3,0.3
209219032,9,4,3.8,0.95
209238287,2,2,106.2,53.1
209258544,1,1,5.2,5.2
209340839,7,4,110.5,27.625
209450381,17,10,241.5,24.15
209509599,1,1,1.8,1.8
209559315,6,5,69.8,13.96
209608167,4,3,155.3,51.7666666666667
209623250,10,5,8.0,1.6
209626174,5,1,33.0,33.0
209658229,1,1,240.0,240.0
209665002,6,6,235.4,39.2333333333333
209718563,2,2,1.0,0.5
209729995,1,1,1.2,1.2
209746499,1,0,0,0
209772097,35,20,234.5,11.725
209783211,3,1,14.4,14.4
209804171,2,2,330.0,165.0
209804474,2,2,24.3,12.15
209807861,22,20,861.5,43.075
209817175,20,17,421.5,24.7941176470588
209820105,1,1,0.6,0.6
209830063,4,3,158.5,52.8333333333333
209869297,15,13,385.1,29.6230769230769
209871270,1,1,7.5,7.5
209880903,1,1,3.3,3.3
209897237,1,1,0.1,0.1
209917929,79,18,182.8,10.1555555555556
209985078,7,5,2122.7,424.54
210018093,9,9,121.3,13.4777777777778
210019205,7,7,44.7,6.38571428571429
210045073,1,1,5.0,5.0
210046841,10,3,8.5,2.83333333333333
210076971,1,0,0,0
210109243,2,2,25.6,12.8
210112807,8,3,586.9,195.633333333333
210114509,1,0,0,0
210124834,1,1,38.0,38.0
210152510,7,1,21.0,21.0
210170887,27,21,814.9,38.8047619047619
210172601,19,13,71.0,5.46153846153846
210177498,5,4,269.0,67.25
210190607,1,0,0,0
210212891,1,1,5.0,5.0
210283973,2,1,192.0,192.0
210292627,1,0,0,0
210296537,1,1,0.5,0.5
210299265,1,0,0,0
210339458,2,1,2.5,2.5
210362059,1,1,0.8,0.8
210411109,4,1,74.0,74.0
210413509,3,3,222.7,74.2333333333333
210419195,1,1,0.9,0.9
210433327,1,1,0.7,0.7
210525366,1,1,0.6,0.6
210569339,1,1,20.0,20.0
210576042,16,9,106.5,11.8333333333333
210622151,1,1,52.0,52.0
210623150,1,0,0,0
210623902,1,1,2.4,2.4
210656814,1,1,0.9,0.9
210669058,1,1,1.4,1.4
210700279,1,1,0.3,0.3
210708101,1,1,91.0,91.0
210725110,2,1,1.2,1.2
210727350,9,4,627.3,156.825
210728513,2,1,1.9,1.9
210744685,43,2,2.1,1.05
210752982,3,1,2.0,2.0
210771203,1,0,0,0
210778610,2,1,5.7,5.7
210824241,1,1,0.3,0.3
210860489,1,0,0,0
210860807,1,0,0,0
210896662,22,9,159.0,17.6666666666667
210903599,5,2,531.6,265.8
210905793,107,0,0,0
210921698,1,1,0.6,0.6
210925699,4,0,0,0
210961590,1,1,154.0,154.0
210965509,1,1,11.4,11.4
210975085,1,1,3.8,3.8
210986854,9,6,479.3,79.8833333333333
211020695,1,1,94.0,94.0
211054311,1,1,8.5,8.5
211059621,8,2,606.6,303.3
211075077,2,1,14.9,14.9
211088737,1,1,2.0,2.0
211117005,1,1,17.6,17.6
211153613,1,0,0,0
211157562,1,1,0.7,0.7
211159862,6,1,244.0,244.0
211161189,1,1,1.2,1.2
211180125,4,3,45.7,15.2333333333333
211180419,1,1,6.1,6.1
211191233,3,3,26.0,8.66666666666667
211197762,10,7,1267.8,181.114285714286
211240306,2,1,9.0,9.0
211264421,1,1,0.5,0.5
211267002,2,0,0,0
211267410,3,2,36.5,18.25
211270134,12,5,299.1,59.82
211277578,1,0,0,0
211310294,1,1,1.4,1.4
211315837,6,4,76.5,19.125
211348545,2,1,1.1,1.1
211357825,1,1,0.2,0.2
211363179,6,1,7.3,7.3
211363681,1,1,3.1,3.1
211404615,1,1,0.4,0.4
211419882,2,1,7.6,7.6
211421471,5,2,2.2,1.1
211454678,60,50,1720.6,34.412
211465973,1,0,0,0
211488557,1,1,5.4,5.4
211544205,29,17,384.2,22.6
211546021,1,0,0,0
211569574,2,1,139.0,139.0
211684338,2,1,236.0,236.0
211689142,1,1,6.0,6.0
211710590,1,1,30.0,30.0
211760999,1,1,6.9,6.9
211785658,1,0,0,0
211792463,1,1,0.3,0.3
211843417,1,1,3.6,3.6
211894195,1,1,171.0,171.0
211899679,1,1,79.0,79.0
211920439,6,1,29.0,29.0
211925330,5,3,848.0,282.666666666667
211934059,1,1,114.0,114.0
211994918,1,1,2.8,2.8
212001545,2,0,0,0
212041058,2,1,17.4,17.4
212069898,1,1,9.3,9.3
212078557,34,16,54.6,3.4125
212082446,1,1,1.9,1.9
212090589,1,1,77.0,77.0
212134578,12,3,231.6,77.2
212146550,2,1,0.7,0.7
212149210,7,3,3.1,1.03333333333333
212157817,1,1,27.0,27.0
212166635,2,2,18.2,9.1
212182110,2,0,0,0
212207315,1,1,9.1,9.1
212210746,4,1,467.0,467.0
212255389,1,1,0.2,0.2
212267962,1,1,1.4,1.4
212284721,1,1,0.9,0.9
212289859,1,1,1.0,1.0
212302055,7,1,32.0,32.0
212310741,1,1,0.8,0.8
212369949,1,1,70.0,70.0
212374494,2,0,0,0
212422375,1,1,0.7,0.7
212426459,26,13,411.4,31.6461538461538
212428693,4,2,12.8,6.4
212456283,3,3,41.7,13.9
212466515,24,19,251.8,13.2526315789474
212491485,1,1,0.1,0.1
212494115,1,0,0,0
212502033,8,1,54.0,54.0
212519365,1,1,0.4,0.4
212521878,1,1,0.7,0.7
212544433,1,1,19.1,19.1
212570211,19,4,499.8,124.95
212572713,1,1,0.4,0.4
212636691,1,0,0,0
212647014,2,0,0,0
212648189,6,1,359.0,359.0
212660921,7,1,157.0,157.0
212748581,3,2,11.2,5.6
212751581,9,3,432.7,144.233333333333
212758245,1,1,4.2,4.2
212790797,2,1,5.9,5.9
212794187,2,0,0,0
212806127,5,4,20.5,5.125
212811599,1,1,2.2,2.2
212828039,1,1,0.9,0.9
212834407,1,1,0.3,0.3
212875606,1,1,2.6,2.6
212886835,1,1,5.5,5.5
212887873,1,1,0.7,0.7
212915541,20,1,1605.0,1605.0
212949727,1,1,107.0,107.0
213022303,8,4,8.5,2.125
213023790,1,0,0,0
213046303,1,1,0.2,0.2
213114902,4,4,3.0,0.75
213126679,2,2,10.8,5.4
213184657,1,0,0,0
213188895,4,3,135.8,45.2666666666667
213203809,1,1,71.0,71.0
213231597,37,22,399.5,18.1590909090909
213235578,2,2,10.8,5.4
213241329,8,1,202.0,202.0
213256245,1,1,3.1,3.1
213307502,17,2,278.4,139.2
213321209,1,1,4.2,4.2
213338273,2,2,57.4,28.7
213359499,1,1,1.9,1.9
213406926,1,1,1.3,1.3
213422095,1,1,1.9,1.9
213427457,8,6,246.0,41.0
213448361,2,1,0.3,0.3
213506795,1,1,4.7,4.7
213523850,8,1,2.6,2.6
213560822,1,1,9.8,9.8
213580459,4,1,18.1,18.1
213597170,2,0,0,0
213610494,28,18,1072.2,59.5666666666667
213623518,2,1,0.5,0.5
213650130,4,1,52.0,52.0
213655302,4,1,126.0,126.0
213720494,30,11,326.0,29.6363636363636
213737989,7,7,18.5,2.64285714285714
213775315,14,14,221.1,15.7928571428571
213793062,1,1,1.9,1.9
213834257,1,1,3.7,3.7
213854339,4,4,1369.2,342.3
213858385,3,2,16.9,8.45
213893829,1,1,6.1,6.1
213909719,1,1,67.0,67.0
213929581,1,1,0.1,0.1
213947841,1,1,1.8,1.8
213988015,1,1,0.3,0.3
214004621,1,0,0,0
214010366,1,1,0.4,0.4
214018797,3,1,0.4,0.4
214019307,1,1,7.1,7.1
214049375,1,1,195.0,195.0
214051309,3,0,0,0
214077903,1,1,6.9,6.9
214107899,1,0,0,0
214144283,1,1,3.3,3.3
214152875,1,1,0.4,0.4
214167822,1,0,0,0
214169647,1,1,576.0,576.0
214184795,2,1,5.5,5.5
214241787,1,1,0.7,0.7
214252753,1,1,3.0,3.0
214276866,1,1,18.3,18.3
214281367,2,1,1.1,1.1
214291946,1,1,10.1,10.1
214299751,8,2,989.1,494.55
214309931,3,1,5.9,5.9
214343410,4,1,2.4,2.4
214366018,1,1,108.0,108.0
214388411,2,1,0.1,0.1
214390937,21,0,0,0
214412158,1,1,2.2,2.2
214425734,1,1,226.0,226.0
214472043,4,1,3.5,3.5
214606702,1,1,1.9,1.9
214618086,1,1,0.1,0.1
214619754,8,5,8.5,1.7
214658749,10,6,149.1,24.85
214662323,2,0,0,0
214662605,2,0,0,0
214662737,1,1,0.7,0.7
214736709,1,1,2.6,2.6
214784227,1,1,1.2,1.2
214805425,4,1,0.3,0.3
214877109,1,0,0,0
214900977,1,1,3.1,3.1
214905138,2,2,6.0,3.0
214913026,20,5,6.6,1.32
214914991,1,1,5.0,5.0
214933922,1,1,5.7,5.7
214980969,2,2,6.8,3.4
214988530,1,1,37.0,37.0
215008934,2,1,7.9,7.9
215022297,1,1,3.2,3.2
215039865,2,1,50.0,50.0
215060251,1,1,116.0,116.0
215079073,1,0,0,0
215087521,8,0,0,0
215127686,1,1,2.0,2.0
215160630,34,30,870.1,29.0033333333333
215208719,67,41,834.1,20.3439024390244
215253129,4,4,29.9,7.475
215255305,1,1,3.8,3.8
215290585,3,1,2.2,2.2
215334587,2,1,63.0,63.0
215380327,9,8,36.5,4.5625
215408205,2,0,0,0
215409870,2,2,46.3,23.15
215413462,1,1,0.9,0.9
215458951,1,1,1.2,1.2
215476671,1,1,15.1,15.1
215485357,1,1,9.1,9.1
215491946,1,1,24.0,24.0
215492239,1,1,6.2,6.2
215492814,1,1,0.9,0.9
215508170,6,1,250.0,250.0
215518655,2,2,15.2,7.6
215540943,9,8,97.0,12.125
215542922,2,2,16.3,8.15
215562325,1,1,20.0,20.0
215571763,2,2,81.6,40.8
215578265,1,1,1.2,1.2
215586007,5,3,38.9,12.9666666666667
215589538,1,1,1284.0,1284.0
215627519,1,1,58.0,58.0
215667739,1,1,1.0,1.0
215687170,1,1,11.8,11.8
215708631,2,1,0.6,0.6
215721461,4,3,55.0,18.3333333333333
215727147,1,1,0.6,0.6
215748805,5,3,47.4,15.8
215763021,5,1,12.6,12.6
215769135,1,1,8.2,8.2
215776525,5,1,414.0,414.0
215785419,1,0,0,0
215786295,8,2,48.3,24.15
215831986,1,1,687.0,687.0
215832158,4,3,190.2,63.4
215833301,2,2,248.6,124.3
215844562,9,1,179.0,179.0
215877085,10,2,11.8,5.9
215879414,1,1,1.8,1.8
215892858,1,0,0,0
215911849,2,2,114.7,57.35
215917975,1,1,0.7,0.7
216002631,1,1,0.1,0.1
216023925,11,6,43.2,7.2
216025815,52,42,423.5,10.0833333333333
216029829,1,1,0.9,0.9
216040174,3,2,12.2,6.1
216042414,16,1,178.0,178.0
216047087,13,7,216.3,30.9
216047302,1,1,82.0,82.0
216059509,1,1,38.0,38.0
216088282,124,14,132.8,9.48571428571429
216115170,1,1,0.5,0.5
216154835,2,2,0.4,0.2
216158727,2,1,133.0,133.0
216189719,1,1,0.4,0.4
216211930,16,13,924.7,71.1307692307692
216217925,10,9,252.2,28.0222222222222
216227311,2,2,22.4,11.2
216242027,1,1,0.4,0.4
216261706,2,2,676.5,338.25
216278473,4,1,201.0,201.0
216303146,2,2,15.1,7.55
216317211,1,1,1.5,1.5
216361717,9,0,0,0
216364582,7,2,127.0,63.5
216396749,4,4,499.4,124.85
216417218,1,1,0.9,0.9
216434385,1,1,4.2,4.2
216442661,5,2,0.2,0.1
216456878,1,1,0.7,0.7
216487495,3,2,1.7,0.85
216500614,7,1,348.0,348.0
216502479,1,1,2.8,2.8
216505571,9,3,22.6,7.53333333333333
216514851,1,1,144.0,144.0
216515551,1,1,1.1,1.1
216535049,1,1,877.0,877.0
216535133,1,1,0.4,0.4
216598286,10,1,375.0,375.0
216608525,1,0,0,0
216653925,2,1,6.1,6.1
216670429,3,2,4.2,2.1
216674215,8,7,29.5,4.21428571428571
216678161,1,1,80.0,80.0
216688763,8,6,143.0,23.8333333333333
216704734,1,1,2.5,2.5
216711993,1,1,0.7,0.7
216745133,1,1,0.4,0.4
216785107,27,23,794.1,34.5260869565217
216799865,1,1,0.2,0.2
216849769,1,1,49.0,49.0
216854441,1,0,0,0
216857326,1,1,0.8,0.8
216866073,2,1,2.2,2.2
216899823,1,1,48.0,48.0
216915681,3,1,960.0,960.0
216921535,4,2,119.1,59.55
216924034,1,1,1.8,1.8
216931933,4,1,100.0,100.0
216939765,1,0,0,0
216983089,1,1,2.9,2.9
217099682,10,8,16.5,2.0625
217109977,1,1,10.7,10.7
217259714,2,2,6.4,3.2
217259835,1,1,0.4,0.4
217268143,1,1,6.6,6.6
217276487,2,1,0.4,0.4
217289318,3,3,1.7,0.566666666666667
217289550,6,3,4.6,1.53333333333333
217303525,6,1,20.0,20.0
217368291,3,1,431.0,431.0
217391754,5,1,0.7,0.7
217441163,1,1,1.5,1.5
217463159,2,1,9.1,9.1
217472465,1,1,7.0,7.0
217485443,1,1,4.6,4.6
217492717,1,1,0.5,0.5
217539381,1,1,0.5,0.5
217554887,9,2,455.0,227.5
217574533,3,2,5.0,2.5
217580279,1,1,0.3,0.3
217611749,1,1,0.2,0.2
217660785,2,1,1.1,1.1
217680215,18,12,104.6,8.71666666666667
217681801,1,1,18.9,18.9
217709850,6,4,5.2,1.3
217728407,1,1,84.0,84.0
217734723,1,0,0,0
217751926,3,1,710.0,710.0
217756269,1,1,1.9,1.9
217770237,1,1,1.8,1.8
217779981,15,9,18.6,2.06666666666667
217795493,1,1,16.4,16.4
217834203,1,0,0,0
217852939,2,1,54.0,54.0
217892263,1,1,1.9,1.9
217913875,1,1,7.7,7.7
217917011,1,1,19.1,19.1
217968557,2,0,0,0
217987498,1,1,17.4,17.4
217993378,2,1,0.2,0.2
218053609,4,1,0.7,0.7
218054193,3,2,13.6,6.8
218071326,2,1,30.0,30.0
218089327,1,1,22.0,22.0
218110241,4,1,1.6,1.6
218121619,7,6,8.4,1.4
218134215,2,1,0.1,0.1
218164433,1,1,0.1,0.1
218215123,1,1,1.5,1.5
218242005,1,1,0.5,0.5
218268835,2,0,0,0
218292423,2,0,0,0
218317467,91,17,403.8,23.7529411764706
218321238,2,2,0.7,0.35
218323237,3,3,24.5,8.16666666666667
218339090,2,1,6.6,6.6
218354629,10,6,108.6,18.1
218396091,1,1,4.9,4.9
218405343,1,1,275.0,275.0
218448119,1,1,2.9,2.9
218451030,3,2,214.0,107.0
218463646,2,2,481.9,240.95
218478781,1,1,4.0,4.0
218531534,1,1,173.0,173.0
218580878,1,1,9.7,9.7
218585765,18,3,2.7,0.9
218600642,1,1,3.9,3.9
218608613,3,1,3.5,3.5
218668551,1,1,2.2,2.2
218680215,8,7,760.0,108.571428571429
218734858,10,8,203.7,25.4625
218779858,1,1,0.7,0.7
218785457,1,1,4.0,4.0
218844731,2,2,13.5,6.75
218908889,1,1,0.5,0.5
218914514,1,1,0.4,0.4
218918267,14,11,57.4,5.21818181818182
218938553,3,3,9.0,3.0
218952383,1,1,2.1,2.1
219035059,1,1,89.0,89.0
219080305,1,1,2.5,2.5
219095735,1,1,4.9,4.9
219136646,1,1,10.2,10.2
219145315,4,3,13.4,4.46666666666667
219195098,1,1,3.2,3.2
219229413,1,1,691.0,691.0
219230362,2,1,14.9,14.9
219262025,2,1,1.8,1.8
219328771,2,1,43.0,43.0
219339286,1,1,2.0,2.0
219361406,4,2,143.0,71.5
219414811,11,6,725.6,120.933333333333
219435905,4,1,0.4,0.4
219446813,3,1,210.0,210.0
219466457,5,4,526.6,131.65
219466905,110,3,25.5,8.5
219481235,3,2,230.0,115.0
219509107,1,1,2.1,2.1
219551734,7,4,288.8,72.2
219554846,2,1,15.8,15.8
219566087,1,1,66.0,66.0
219589039,3,0,0,0
219593982,1,1,0.4,0.4
219677174,2,1,1.2,1.2
219706418,5,1,2.5,2.5
219732733,2,1,23.0,23.0
219747318,1,1,6.4,6.4
219749787,2,0,0,0
219775534,4,2,142.7,71.35
219780322,1,1,8.3,8.3
219822826,6,4,485.9,121.475
219823929,1,1,8.8,8.8
219838359,4,1,0.2,0.2
219875346,2,1,21.0,21.0
219894679,1,1,49.0,49.0
219930123,6,1,616.0,616.0
219944270,1,0,0,0
219958874,1,1,54.0,54.0
220012683,5,1,710.0,710.0
220048685,9,1,0.5,0.5
220157121,1,1,0.1,0.1
220217607,2,1,711.0,711.0
220235189,2,2,70.7,35.35
220302789,1,1,2.6,2.6
220306050,1,1,1.3,1.3
220307007,1,1,5.7,5.7
220428551,1,1,1.7,1.7
220434034,18,14,535.4,38.2428571428571
220489263,1,1,127.0,127.0
220525938,3,1,2.0,2.0
220561138,21,14,677.1,48.3642857142857
220568686,4,4,144.4,36.1
220602833,11,10,192.6,19.26
220617471,1,1,4.0,4.0
220640317,2,2,29.3,14.65
220680498,28,20,76.7,3.835
220695363,2,2,2.6,1.3
220711709,2,1,0.3,0.3
220733923,4,1,1.4,1.4
220800650,1,1,2.9,2.9
220808791,1,1,4.0,4.0
220887518,4,2,54.2,27.1
220918911,1,1,2.4,2.4
220956035,1,1,0.5,0.5
220999682,1,1,0.2,0.2
221035258,1,0,0,0
221042905,1,1,21.0,21.0
221063173,2,0,0,0
221083006,1,1,1.3,1.3
221127319,3,1,0.8,0.8
221134306,1,1,796.0,796.0
221161433,4,1,0.4,0.4
221166146,1,0,0,0
221185061,1,1,8.6,8.6
221257958,2,1,23.0,23.0
221315846,4,4,19.0,4.75
221316926,8,1,0.8,0.8
221325014,1,1,1.9,1.9
221379737,1,1,67.0,67.0
221430493,2,1,5.3,5.3
221432905,4,3,39.7,13.2333333333333
221434031,1,1,6.2,6.2
221443125,3,1,275.0,275.0
221513057,1,1,0.8,0.8
221548709,2,1,435.0,435.0
221553173,1,1,13.1,13.1
221617645,1,1,11.6,11.6
221622562,1,0,0,0
221657386,1,1,6.8,6.8
221670883,1,1,15.6,15.6
221683659,1,1,18.5,18.5
221694858,15,12,518.7,43.225
221695617,7,2,422.0,211.0
221702697,1,1,16.0,16.0
221710011,1,1,690.0,690.0
221738571,1,1,27.0,27.0
221744925,6,1,1.6,1.6
221746589,1,1,0.9,0.9
221773178,1,1,1.8,1.8
221775355,5,4,54.8,13.7
221823551,3,3,135.5,45.1666666666667
221886106,1,1,7.1,7.1
221892471,2,2,63.4,31.7
221901510,1,1,0.2,0.2
221952355,2,2,23.8,11.9
221958385,16,2,375.7,187.85
221961243,14,13,43.2,3.32307692307692
221961399,1,1,23.0,23.0
221999937,2,2,1.0,0.5
222008249,13,12,43.7,3.64166666666667
222035871,1,1,253.0,253.0
222042345,4,1,1.4,1.4
222045462,1,1,328.0,328.0
222050169,17,14,787.8,56.2714285714286
222060673,22,6,26.1,4.35
222125122,1,1,54.0,54.0
222134637,2,2,0.5,0.25
222158662,1,1,1.2,1.2
222180483,24,16,689.9,43.11875
222182106,1,1,452.0,452.0
222194703,1,1,1.3,1.3
222238581,1,0,0,0
222259537,1,1,2.4,2.4
222277839,1,1,86.0,86.0
222284298,6,1,12.6,12.6
222319850,2,1,1.4,1.4
222360879,1,1,2.5,2.5
222363622,4,2,239.6,119.8
222397825,1,1,0.5,0.5
222406897,4,2,1.9,0.95
222433695,1,0,0,0
222465255,1,1,1.8,1.8
222578478,6,3,366.5,122.166666666667
222600281,2,2,54.0,27.0
222642374,1,1,0.7,0.7
222642626,2,2,2.4,1.2
222679413,1,1,2.1,2.1
222689962,1,1,0.1,0.1
222701635,4,0,0,0
222867863,4,2,2.1,1.05
222938490,1,1,25.0,25.0
222986054,1,1,0.9,0.9
222989310,1,0,0,0
223064225,16,14,423.5,30.25
223124802,2,1,1.6,1.6
223133463,1,1,1.4,1.4
223181037,5,3,1.8,0.6
223187857,1,1,0.3,0.3
223210213,1,0,0,0
223253799,2,2,3.0,1.5
223324734,13,11,157.8,14.3454545454545
223330523,8,5,232.0,46.4
223471406,1,1,2.7,2.7
223515017,3,1,3.4,3.4
223586930,1,1,0.4,0.4
223589417,1,1,25.0,25.0
223595417,1,1,0.1,0.1
223614273,3,1,0.4,0.4
223634790,1,1,3.0,3.0
223646498,2,2,76.2,38.1
223660563,4,4,87.8,21.95
223690993,1,0,0,0
223714279,1,1,1.5,1.5
223774670,1,1,55.0,55.0
223798950,1,1,1.0,1.0
223827574,1,0,0,0
223829418,1,1,90.0,90.0
223858723,25,9,159.4,17.7111111111111
223985145,1,1,1.1,1.1
223991842,1,1,1.3,1.3
224033250,7,5,533.0,106.6
224070533,47,33,345.6,10.4727272727273
224197206,2,1,7.3,7.3
224282935,1,1,4.2,4.2
224352019,1,1,4.6,4.6
224355955,1,1,474.0,474.0
224396593,6,5,33.5,6.7
224397205,1,1,0.7,0.7
224418566,6,2,179.9,89.95
224493107,1,1,83.0,83.0
224526163,3,2,1.4,0.7
224532667,2,2,1.6,0.8
224539783,1,1,79.0,79.0
224547146,1,1,1.6,1.6
224586627,1,1,18.4,18.4
224587014,1,1,0.5,0.5
224594322,3,1,0.6,0.6
224601141,1,1,0.8,0.8
224620377,1,1,1.2,1.2
224620778,1,1,1.3,1.3
224624355,1,1,19.6,19.6
224677810,2,2,2.7,1.35
224737765,1,1,820.0,820.0
224751217,1,1,2.4,2.4
224754050,38,21,528.1,25.147619047619
224777419,1,1,0.5,0.5
224777493,1,1,1.7,1.7
224844255,1,1,0.5,0.5
224853414,1,1,4.7,4.7
224928927,1,1,43.0,43.0
224929163,4,2,32.7,16.35
224940599,1,1,0.3,0.3
224943279,1,1,1.7,1.7
224983017,1,1,13.3,13.3
224988881,4,2,10.2,5.1
224998865,6,2,158.2,79.1
225028163,3,0,0,0
225048159,23,15,367.1,24.4733333333333
225110915,1,1,7.5,7.5
225176638,14,10,24.0,2.4
225178605,1,1,0.4,0.4
225245513,1,1,2.2,2.2
225269666,1,0,0,0
225289523,2,2,86.8,43.4
225376053,1,1,16.1,16.1
225379182,5,3,1174.0,391.333333333333
225392937,6,4,9.6,2.4
225434610,9,5,14.4,2.88
225466182,1,1,0.7,0.7
225495607,1,1,1.4,1.4
225512626,5,1,0.9,0.9
225547899,1,1,1.2,1.2
225566535,1,1,1.2,1.2
225637918,1,1,78.0,78.0
225655173,4,1,800.0,800.0
225706303,3,3,4.1,1.36666666666667
225734651,10,6,43.5,7.25
225773581,1,1,0.8,0.8
225787781,2,1,7.7,7.7
225829163,4,1,70.0,70.0
225848614,9,3,251.1,83.7
225851590,1,1,315.0,315.0
225925331,1,1,0.8,0.8
225933183,8,3,389.1,129.7
225942169,1,1,43.0,43.0
225973147,3,2,1746.8,873.4
225978911,1,1,1.7,1.7
225982565,5,1,0.2,0.2
225987202,1,1,3.8,3.8
226033921,6,4,94.0,23.5
226095163,1,1,7.6,7.6
226095399,2,2,335.5,167.75
226097350,1,1,1.7,1.7
226111113,1,0,0,0
226130045,2,1,8.7,8.7
226212066,13,10,136.4,13.64
226260133,6,2,2.5,1.25
226261535,1,1,15.7,15.7
226320653,1,1,0.2,0.2
226354893,1,0,0,0
226357303,3,1,1.0,1.0
226418742,1,0,0,0
226428439,1,1,1.0,1.0
226454327,2,2,104.2,52.1
226490758,4,2,7.7,3.85
226535562,1,1,24.0,24.0
226559137,3,1,257.0,257.0
226597231,8,6,9.1,1.51666666666667
226657630,1,1,0.4,0.4
226704675,1,1,0.3,0.3
226734923,4,1,4.9,4.9
226778243,1,1,2.8,2.8
226923581,3,3,559.7,186.566666666667
226928441,6,4,2.8,0.7
227020953,1,1,1.5,1.5
227047211,1,1,0.4,0.4
227083521,33,13,27.0,2.07692307692308
227153589,1,1,1.2,1.2
227154329,1,1,22.0,22.0
227191434,1,1,0.1,0.1
227231487,7,1,27.0,27.0
227244326,2,1,2.6,2.6
227246783,1,0,0,0
227248393,1,1,0.7,0.7
227282237,3,1,0.8,0.8
227448167,1,1,9.1,9.1
227490126,8,5,667.8,133.56
227535595,1,1,2.1,2.1
227648085,1,1,1.1,1.1
227676589,3,3,87.8,29.2666666666667
227727537,1,1,0.6,0.6
227752269,1,0,0,0
227752807,1,1,17.7,17.7
227777777,9,3,62.9,20.9666666666667
227783598,4,2,25.1,12.55
227800694,2,0,0,0
227811695,30,3,311.2,103.733333333333
227844450,1,1,10.5,10.5
227861587,3,1,0.5,0.5
227863185,31,2,21.9,10.95
227863398,3,1,17.6,17.6
227901139,1,0,0,0
227929763,1,1,39.0,39.0
227936170,1,1,1.1,1.1
227940830,2,0,0,0
227944885,1,1,62.0,62.0
228033247,1,1,8.1,8.1
228039903,1,1,7.0,7.0
228043119,1,1,2.5,2.5
228045441,5,3,4.7,1.56666666666667
228063098,1,1,15.1,15.1
228147470,1,0,0,0
228170321,1,1,2.4,2.4
228207337,3,1,2.8,2.8
228209477,1,1,15.6,15.6
228253535,1,1,0.9,0.9
228258798,1,1,2.7,2.7
228261210,2,2,16.9,8.45
228302915,4,4,33.3,8.325
228314669,1,1,0.7,0.7
228320359,1,1,0.7,0.7
228343275,1,1,4.6,4.6
228347295,1,1,109.0,109.0
228412369,2,1,175.0,175.0
228475217,1,1,0.5,0.5
228477426,2,0,0,0
228505777,1,1,14.4,14.4
228507886,1,1,6.5,6.5
228512803,1,1,0.9,0.9
228515687,1,1,15.3,15.3
228541607,1,1,6.8,6.8
228596299,1,1,0.6,0.6
228620097,1,1,39.0,39.0
228649481,30,5,110.2,22.04
228706143,3,1,9.0,9.0
228733650,1,1,1.1,1.1
228766741,1,1,1.3,1.3
228826954,1,1,46.0,46.0
228865961,2,1,37.0,37.0
228908339,8,7,553.0,79.0
228912039,7,1,104.0,104.0
228918359,1,0,0,0
228919399,16,11,511.2,46.4727272727273
228972514,1,1,2.5,2.5
229022162,2,1,5.3,5.3
229095219,1,1,1.7,1.7
229111581,3,3,59.5,19.8333333333333
229173482,3,2,9.5,4.75
229179750,1,1,9.8,9.8
229203462,1,1,77.0,77.0
229229843,1,1,5.4,5.4
229285089,1,1,388.0,388.0
229312905,2,1,687.0,687.0
229334262,1,1,2.8,2.8
229345947,1,0,0,0
229363165,2,1,86.0,86.0
229375507,1,1,0.2,0.2
229405602,1,1,0.2,0.2
229459943,1,0,0,0
229465233,1,1,0.5,0.5
229467150,1,1,24.0,24.0
229516311,5,2,44.2,22.1
229552037,3,0,0,0
229556803,7,4,24.2,6.05
229568457,1,1,0.2,0.2
229610569,2,2,217.6,108.8
229612766,1,0,0,0
229643946,1,1,0.6,0.6
229748951,2,1,7.5,7.5
229791471,3,2,28.3,14.15
229794682,2,2,5.1,2.55
229822547,2,1,303.0,303.0
229900582,1,0,0,0
229950378,1,0,0,0
229979974,1,1,1.4,1.4
230016618,2,1,28.0,28.0
230028994,1,0,0,0
230031062,9,8,579.2,72.4
230103206,1,1,0.8,0.8
230104818,1,1,0.3,0.3
230161291,1,1,1.2,1.2
230187829,1,1,436.0,436.0
230213922,2,1,1.1,1.1
230235878,4,1,1.8,1.8
230275942,1,1,341.0,341.0
230299466,2,1,1.4,1.4
230321601,1,1,3.8,3.8
230379327,3,1,8.8,8.8
230382937,1,0,0,0
230386023,2,0,0,0
230399561,1,1,12.0,12.0
230404323,6,1,58.0,58.0
230405922,1,1,0.9,0.9
230461442,2,0,0,0
230507451,5,1,294.0,294.0
230572014,16,8,1018.2,127.275
230599183,1,1,2.3,2.3
230625129,1,1,5.1,5.1
230626371,1,1,1.2,1.2
230633575,8,4,344.0,86.0
230640485,1,1,2.1,2.1
230739567,1,1,3.4,3.4
230799769,1,1,2.1,2.1
230913442,2,1,1.6,1.6
230924351,3,1,6.1,6.1
230944154,35,13,241.3,18.5615384615385
230947875,1,1,13.0,13.0
230952269,2,2,2.0,1.0
230967602,17,1,76.0,76.0
230971174,1,1,1.5,1.5
231009125,1,0,0,0
231026651,23,21,1326.5,63.1666666666667
231029951,22,16,33.6,2.1
231042734,21,4,2.2,0.55
231060378,7,6,489.2,81.5333333333333
231089541,1,0,0,0
231098765,1,0,0,0
231103175,1,1,16.7,16.7
231122258,3,2,0.4,0.2
231142279,1,1,2.3,2.3
231190223,1,1,0.5,0.5
231191282,4,1,93.0,93.0
231210957,1,1,25.0,25.0
231221037,1,1,190.0,190.0
231255153,12,11,115.5,10.5
231283521,1,1,0.3,0.3
231310711,1,1,1.8,1.8
231317343,1,1,2.2,2.2
231333981,4,4,9.7,2.425
231406506,1,1,949.0,949.0
231414706,1,1,3.9,3.9
231416829,26,17,48.3,2.84117647058823
231420711,1,1,3.5,3.5
231443162,1,1,2.2,2.2
231450817,3,1,9.9,9.9
231451737,1,1,122.0,122.0
231456970,9,1,1.2,1.2
231469827,8,1,34.0,34.0
231472933,1,1,1.3,1.3
231493001,2,2,304.9,152.45
231498310,2,0,0,0
231505005,2,1,164.0,164.0
231584646,1,1,0.7,0.7
231591025,1,1,0.6,0.6
231775334,1,1,0.1,0.1
231777525,1,1,18.7,18.7
231805700,5,1,75.0,75.0
231808839,4,3,7.9,2.63333333333333
231852874,1,1,5.4,5.4
231914521,1,0,0,0
231945021,1,1,21.0,21.0
231947531,1,1,12.2,12.2
231958063,1,0,0,0
231959681,3,1,211.0,211.0
231964178,1,1,225.0,225.0
232021495,4,2,62.6,31.3
232027326,1,0,0,0
232037254,1,1,0.1,0.1
232047954,7,3,519.6,173.2
232048969,2,2,118.5,59.25
232064401,1,1,4.5,4.5
232082615,3,1,249.0,249.0
232099107,1,1,75.0,75.0
232207754,5,2,386.2,193.1
232257053,1,1,0.5,0.5
232357353,2,0,0,0
232457943,1,1,520.0,520.0
232463267,1,1,174.0,174.0
232477991,1,1,9.5,9.5
232517422,4,0,0,0
232534914,1,1,0.6,0.6
232557513,1,1,0.6,0.6
232593507,17,4,23.8,5.95
232600639,1,1,0.6,0.6
232646553,1,0,0,0
232662797,2,2,2.0,1.0
232664241,1,1,0.3,0.3
232678951,2,2,1.7,0.85
232756470,8,0,0,0
232766649,2,2,161.6,80.8
232831378,1,0,0,0
232844363,2,0,0,0
232864591,10,2,0.4,0.2
232879561,5,5,33.7,6.74
232907046,20,4,645.0,161.25
232947963,1,0,0,0
232948950,1,1,0.6,0.6
232959254,1,1,1.3,1.3
233000303,3,1,126.0,126.0
233013810,1,1,0.3,0.3
233043005,1,1,88.0,88.0
233069119,1,1,0.4,0.4
233088001,2,1,56.0,56.0
233104650,1,1,273.0,273.0
233135465,1,1,3.8,3.8
233160273,4,4,148.4,37.1
233209749,3,2,7.5,3.75
233218574,1,1,0.6,0.6
233266997,2,1,231.0,231.0
233269570,2,1,0.8,0.8
233269898,1,0,0,0
233277671,2,2,29.0,14.5
233278562,1,1,1.2,1.2
233285702,1,1,0.3,0.3
233316747,1,1,6.0,6.0
233352407,2,0,0,0
233397077,2,1,12.7,12.7
233407123,4,4,4.7,1.175
233407190,1,0,0,0
233408698,1,1,0.7,0.7
233421657,2,2,35.2,17.6
233424343,8,5,266.0,53.2
233428283,1,1,0.8,0.8
233479846,4,3,83.1,27.7
233532285,1,1,381.0,381.0
233558010,2,2,113.0,56.5
233566106,1,1,0.5,0.5
233568555,2,1,23.0,23.0
233595859,2,1,52.0,52.0
233637211,1,1,32.0,32.0
233648242,1,1,1.1,1.1
233659279,3,2,8.5,4.25
233692859,2,1,495.0,495.0
233695797,4,1,13.5,13.5
233726801,11,1,2.9,2.9
233730505,1,1,3.0,3.0
233752770,1,0,0,0
233847882,1,1,1.7,1.7
233865573,1,1,0.9,0.9
233904235,7,1,16.5,16.5
233983451,3,1,184.0,184.0
234017477,1,1,5.2,5.2
234024191,22,13,247.7,19.0538461538462
234041171,1,1,2.8,2.8
234064650,2,0,0,0
234100567,1,1,2.5,2.5
234108053,28,13,141.9,10.9153846153846
234112159,1,1,0.8,0.8
234114335,1,1,21.0,21.0
234150209,1,1,0.6,0.6
234190577,5,5,826.3,165.26
234262106,6,5,70.0,14.0
234286554,6,1,0.4,0.4
234292025,2,2,57.8,28.9
234298807,2,1,477.0,477.0
234299035,1,1,20.0,20.0
234348805,6,5,126.5,25.3
234360501,1,1,0.2,0.2
234446846,3,0,0,0
234446915,1,1,13.9,13.9
234449643,1,1,4.9,4.9
234455210,1,1,49.0,49.0
234459658,6,3,8.8,2.93333333333333
234467038,3,3,38.5,12.8333333333333
234488787,9,9,34.9,3.87777777777778
234498398,25,17,105.3,6.19411764705882
234514530,2,0,0,0
234522038,1,1,0.6,0.6
234526381,1,1,1.6,1.6
234539285,2,0,0,0
234555589,8,2,20.2,10.1
234559223,1,1,0.8,0.8
234621077,2,2,529.5,264.75
234684541,1,1,0.2,0.2
234749963,7,3,1193.0,397.666666666667
234758647,5,1,0.8,0.8
234770287,1,1,48.0,48.0
234779342,1,1,1.0,1.0
234785523,1,1,7.4,7.4
234838943,1,1,36.0,36.0
234841918,1,0,0,0
234912279,1,1,2.3,2.3
234929278,11,4,882.5,220.625
234931110,1,1,3.9,3.9
234940889,1,0,0,0
234941318,1,0,0,0
234950941,4,2,116.0,58.0
234987725,1,1,2.6,2.6
235032362,1,1,2.0,2.0
235037893,2,2,145.3,72.65
235076531,2,0,0,0
235105105,1,1,0.6,0.6
235125671,1,1,42.0,42.0
235139665,3,2,27.4,13.7
235185723,4,4,46.1,11.525
235185786,1,1,1.5,1.5
235194002,1,1,2.6,2.6
235209794,11,0,0,0
235227013,1,1,6.2,6.2
235239851,4,3,3.0,1.0
235264279,3,0,0,0
235290543,2,2,219.8,109.9
235297215,1,1,0.2,0.2
235322374,1,1,0.6,0.6
235329083,1,0,0,0
235349841,1,1,4.4,4.4
235358002,1,1,91.0,91.0
235359505,1,1,361.0,361.0
235398879,3,0,0,0
235469862,1,1,0.4,0.4
235566877,1,0,0,0
235587689,3,1,0.2,0.2
235625555,2,0,0,0
235648821,1,0,0,0
235658693,15,2,23.1,11.55
235689037,2,2,6.9,3.45
235692659,45,32,422.1,13.190625
235712497,3,2,43.3,21.65
235723933,2,1,8.5,8.5
235758386,9,7,5.7,0.814285714285714
235770634,1,1,39.0,39.0
235788745,6,5,12.2,2.44
235856211,1,1,2.8,2.8
235874009,4,1,2.7,2.7
235898222,2,1,191.0,191.0
235901589,1,1,13.0,13.0
235946178,1,1,7.3,7.3
235986253,1,1,1.9,1.9
235996643,9,4,3.3,0.825
236020018,1,1,110.0,110.0
236023531,1,1,125.0,125.0
236026990,1,1,81.0,81.0
236042442,6,5,9.5,1.9
236054259,1,1,0.8,0.8
236068797,1,1,4.4,4.4
236078667,2,1,323.0,323.0
236151749,2,1,12.1,12.1
236160325,1,0,0,0
236182162,1,1,16.8,16.8
236188947,4,2,147.3,73.65
236191066,1,1,0.1,0.1
236193671,1,0,0,0
236210195,3,1,76.0,76.0
236245395,2,1,1154.0,1154.0
236282125,1,1,1.2,1.2
236370333,1,1,6.7,6.7
236374587,1,1,406.0,406.0
236394893,6,6,990.5,165.083333333333
236419303,1,1,12.1,12.1
236427707,1,1,627.0,627.0
236434806,12,11,82.5,7.5
236466534,2,1,1.6,1.6
236470339,1,0,0,0
236476905,1,1,5.0,5.0
236496373,3,3,243.6,81.2
236537366,1,1,0.7,0.7
236541446,1,1,0.2,0.2
236557903,4,3,3.2,1.06666666666667
236596014,8,6,22.8,3.8
236715286,1,1,3.0,3.0
236721347,1,1,40.0,40.0
236727418,5,4,67.2,16.8
236735185,1,1,2.7,2.7
236775073,2,2,1.6,0.8
236779629,1,1,14.7,14.7
236810183,3,0,0,0
236854541,2,1,16.2,16.2
236864282,3,2,1.1,0.55
236877694,1,1,2.2,2.2
236911498,1,1,33.0,33.0
236950689,3,1,1.1,1.1
237012219,1,1,276.0,276.0
237022317,10,1,10.4,10.4
237036035,18,1,208.0,208.0
237044358,8,7,54.1,7.72857142857143
237047627,2,1,0.7,0.7
237083653,1,1,0.7,0.7
237153647,1,1,26.0,26.0
237156166,5,1,64.0,64.0
237159970,9,6,95.6,15.9333333333333
237173035,10,2,14.4,7.2
237244349,21,16,145.4,9.0875
237275985,1,1,46.0,46.0
237281095,1,1,6.2,6.2
237298602,1,1,15.5,15.5
237354533,2,0,0,0
237388314,1,1,193.0,193.0
237390911,2,1,36.0,36.0
237455225,1,0,0,0
237468202,1,1,0.7,0.7
237475162,3,2,1.0,0.5
237525173,1,0,0,0
237554603,1,1,1.1,1.1
237566493,1,1,2.5,2.5
237578633,8,6,106.0,17.6666666666667
237581229,2,1,1.7,1.7
237603863,1,1,9.5,9.5
237610173,3,2,22.3,11.15
237627929,2,1,0.8,0.8
237652003,1,1,6.5,6.5
237696689,1,1,0.4,0.4
237704094,10,8,168.6,21.075
237704278,10,4,23.5,5.875
237721133,1,1,0.2,0.2
237724900,3,1,77.0,77.0
237784559,1,1,1.3,1.3
237789130,1,0,0,0
237789323,2,1,0.2,0.2
237799851,1,1,1.6,1.6
237810083,9,3,4.0,1.33333333333333
237826369,1,1,2.3,2.3
237848513,2,1,3.6,3.6
237852834,2,1,1.3,1.3
237857246,4,2,16.3,8.15
237879937,5,4,120.9,30.225
237881427,4,2,1.2,0.6
237911985,1,1,0.6,0.6
237934674,1,1,0.4,0.4
237969678,4,1,712.0,712.0
238002125,2,1,1.7,1.7
238012371,3,2,1.0,0.5
238013546,5,2,32.2,16.1
238016355,1,1,0.4,0.4
238048910,7,4,165.8,41.45
238150726,1,1,5.2,5.2
238169854,4,4,470.7,117.675
238220798,2,0,0,0
238282687,2,1,24.0,24.0
238285173,1,1,0.5,0.5
238311629,5,4,8.2,2.05
238378861,3,2,8.2,4.1
238390074,2,2,426.0,213.0
238392070,6,2,38.3,19.15
238410719,3,2,4.0,2.0
238411403,1,1,0.5,0.5
238411966,1,1,19.2,19.2
238451023,1,1,10.1,10.1
238466173,1,1,9.2,9.2
238481802,1,1,4.8,4.8
238511591,1,1,1.1,1.1
238516802,10,4,4.7,1.175
238607775,1,1,1.7,1.7
238621950,5,0,0,0
238625455,1,1,8.7,8.7
238640566,1,1,4.7,4.7
238657001,1,1,0.4,0.4
238666183,1,0,0,0
238692899,2,1,0.4,0.4
238698018,1,1,1.2,1.2
238700575,20,10,23.9,2.39
238727693,1,1,10.6,10.6
238733215,2,1,37.0,37.0
238773402,5,5,49.5,9.9
238808025,5,3,4.1,1.36666666666667
238821887,4,1,592.0,592.0
238830374,14,4,35.9,8.975
238836615,1,1,0.4,0.4
238858519,2,2,29.1,14.55
238891457,1,1,7.4,7.4
238933757,1,1,32.0,32.0
238959078,1,1,0.6,0.6
239004331,1,1,1.3,1.3
239007338,1,1,2.4,2.4
239021889,1,0,0,0
239031879,1,1,32.0,32.0
239045127,5,3,383.5,127.833333333333
239050395,4,3,138.7,46.2333333333333
239061674,1,1,0.2,0.2
239076426,2,1,10.4,10.4
239099727,1,1,0.4,0.4
239135689,4,1,102.0,102.0
239138885,1,1,7.4,7.4
239153407,1,1,1.0,1.0
239163602,4,2,277.1,138.55
239181509,1,0,0,0
239211065,1,1,39.0,39.0
239214165,2,1,3.7,3.7
239235805,1,1,2.2,2.2
239260834,1,1,13.0,13.0
239296422,1,1,1.0,1.0
239299518,11,2,4.7,2.35
239305859,1,1,104.0,104.0
239306186,1,1,3.0,3.0
239318205,1,1,0.2,0.2
239318685,1,1,1.0,1.0
239348249,1,0,0,0
239389313,1,1,8.2,8.2
239397486,1,1,29.0,29.0
239397807,1,1,0.4,0.4
239413586,42,15,377.7,25.18
239433762,1,1,9.4,9.4
239444411,1,0,0,0
239449577,1,1,0.4,0.4
239478937,1,1,0.6,0.6
239488605,1,1,66.0,66.0
239497677,4,2,142.0,71.0
239511574,9,7,61.7,8.81428571428571
239523326,3,0,0,0
239544929,13,1,0.1,0.1
239583217,1,1,1.1,1.1
239606395,1,1,0.1,0.1
239611310,2,1,261.0,261.0
239646878,1,1,2.0,2.0
239659002,3,3,4.8,1.6
239661767,2,2,8.5,4.25
239735733,1,1,177.0,177.0
239744970,3,2,1.1,0.55
239779234,1,1,0.9,0.9
239785586,1,1,1.0,1.0
239791382,1,0,0,0
239794225,2,1,16.9,16.9
239816635,3,3,37.3,12.4333333333333
239821411,1,1,121.0,121.0
239849113,1,1,0.7,0.7
239919157,9,3,8.3,2.76666666666667
239921853,6,0,0,0
239926593,1,1,5.3,5.3
239928300,3,3,100.2,33.4
239937501,1,1,0.5,0.5
240028845,3,1,621.0,621.0
240046261,1,1,26.0,26.0
240058387,1,0,0,0
240067479,1,1,6.9,6.9
240135073,1,1,0.7,0.7
240145967,7,1,1.3,1.3
240149426,1,1,0.3,0.3
240152561,2,1,1.7,1.7
240157419,1,1,0.3,0.3
240177990,2,0,0,0
240206639,1,1,112.0,112.0
240254341,1,1,16.6,16.6
240277855,1,1,3.9,3.9
240278903,1,1,0.7,0.7
240312742,1,1,17.1,17.1
240322275,1,1,12.3,12.3
240328249,3,3,115.6,38.5333333333333
240332107,8,1,0.5,0.5
240368610,1,0,0,0
240382747,2,2,7.5,3.75
240400609,2,1,7.6,7.6
240401181,2,2,16.7,8.35
240405101,23,12,92.8,7.73333333333333
240416489,3,2,6.4,3.2
240429307,1,1,14.0,14.0
240448703,1,1,8.5,8.5
240476338,2,1,133.0,133.0
240477898,2,2,6.0,3.0
240482294,5,1,1.5,1.5
240497102,5,3,62.1,20.7
240508393,1,1,62.0,62.0
240524467,1,1,184.0,184.0
240551525,21,15,155.1,10.34
240563783,1,1,9.6,9.6
240671554,1,1,11.3,11.3
240697615,2,2,264.6,132.3
240704163,1,0,0,0
240749915,7,1,72.0,72.0
240805337,2,1,0.2,0.2
240810001,5,1,0.7,0.7
240810622,7,1,12.0,12.0
240820377,1,1,0.3,0.3
240832135,1,1,0.3,0.3
240835613,1,1,10.4,10.4
240933441,1,1,1.6,1.6
240948167,5,2,310.2,155.1
240955030,1,1,4.2,4.2
240957458,1,0,0,0
240964291,2,1,719.0,719.0
240981203,1,0,0,0
240984833,1,1,0.9,0.9
241004229,5,2,21.6,10.8
241048953,1,1,9.3,9.3
241065891,1,1,1.4,1.4
241078577,1,1,18.3,18.3
241091767,5,1,1.8,1.8
241132553,1,1,440.0,440.0
241134815,2,2,290.6,145.3
241141429,3,3,7.3,2.43333333333333
241186290,1,1,0.2,0.2
241200505,2,1,0.4,0.4
241206497,1,1,17.3,17.3
241208825,1,1,331.0,331.0
241210827,9,8,344.0,43.0
241217182,5,2,0.4,0.2
241230534,4,4,8.9,2.225
241289025,1,1,0.5,0.5
241292839,1,1,2.9,2.9
241303303,2,1,0.3,0.3
241348923,1,1,0.6,0.6
241357186,2,2,61.0,30.5
241410229,2,0,0,0
241424434,5,1,24.0,24.0
241462110,1,1,3.3,3.3
241465305,1,1,62.0,62.0
241514787,4,1,1.9,1.9
241524841,10,1,27.0,27.0
241564427,1,0,0,0
241568417,1,1,1.0,1.0
241603501,1,1,4.0,4.0
241606246,2,1,333.0,333.0
241626039,2,2,20.7,10.35
241636947,1,1,1.8,1.8
241645675,6,2,4.1,2.05
241655996,1,0,0,0
241671581,3,1,99.0,99.0
241725931,9,4,16.3,4.075
241742834,2,2,5.2,2.6
241770928,5,1,65.0,65.0
241776037,8,5,42.6,8.52
241830955,1,1,10.6,10.6
241834303,1,1,1.0,1.0
241842320,1,1,456.0,456.0
241862248,24,17,1014.5,59.6764705882353
241890870,2,1,1.3,1.3
241891753,3,3,243.8,81.2666666666667
241903800,10,7,399.7,57.1
241912957,2,1,0.3,0.3
241916029,1,1,13.6,13.6
241929529,1,1,284.0,284.0
241988111,1,0,0,0
241998525,1,0,0,0
242013874,1,1,9.3,9.3
242039522,6,1,20.0,20.0
242046461,1,1,142.0,142.0
242051423,1,1,3.0,3.0
242052237,3,1,1.6,1.6
242059457,1,1,5.5,5.5
242065029,1,1,327.0,327.0
242065391,1,1,2.2,2.2
242094123,1,1,7.4,7.4
242112520,8,0,0,0
242122348,4,0,0,0
242136569,1,1,0.4,0.4
242199141,4,0,0,0
242200471,4,1,171.0,171.0
242207850,1,1,5.0,5.0
242212974,2,2,3.1,1.55
242233654,1,1,1.3,1.3
242242432,16,11,392.2,35.6545454545455
242250632,1,1,2.5,2.5
242267002,1,1,1.9,1.9
242287908,1,1,1.4,1.4
242296105,3,2,1.8,0.9
242300881,1,1,0.3,0.3
242309800,1,1,7.7,7.7
242325247,3,2,8.9,4.45
242343035,1,1,0.9,0.9
242345802,2,1,3.1,3.1
242349023,3,1,56.0,56.0
242351732,1,1,0.4,0.4
242378304,1,1,44.0,44.0
242412972,2,2,7.8,3.9
242421974,9,0,0,0
242469861,7,1,0.1,0.1
242471645,2,1,6.2,6.2
242473079,2,1,0.5,0.5
242477922,3,0,0,0
242493288,1,1,2.5,2.5
242497886,2,1,5.6,5.6
242506053,1,1,1.0,1.0
242515341,5,2,418.2,209.1
242523654,23,14,70.0,5.0
242547207,1,1,4.2,4.2
242549338,7,4,107.1,26.775
242572214,5,4,216.5,54.125
242632396,1,1,1.2,1.2
242639921,1,1,3.0,3.0
242694628,10,4,18.9,4.725
242713376,1,1,0.2,0.2
242729494,1,0,0,0
242732085,5,1,4.0,4.0
242749386,3,3,14.8,4.93333333333333
242781058,35,17,88.4,5.2
242782489,2,2,8.4,4.2
242803837,1,1,1.0,1.0
242815838,2,1,73.0,73.0
242819393,2,2,15.4,7.7
242836440,1,1,17.0,17.0
242856576,1,1,203.0,203.0
242860986,3,1,1.8,1.8
242866088,1,1,4.7,4.7
242866563,1,1,0.6,0.6
242875877,1,1,0.6,0.6
242876828,7,6,38.0,6.33333333333333
242886720,8,3,8.8,2.93333333333333
242896221,1,1,3.0,3.0
242914933,2,1,16.5,16.5
242935099,5,3,2.7,0.9
242937979,31,20,241.7,12.085
242973261,1,1,8.3,8.3
242982357,1,1,199.0,199.0
242985754,5,1,2.6,2.6
242988245,1,1,11.5,11.5
243008978,2,1,15.5,15.5
243020996,11,5,429.3,85.86
243036117,3,0,0,0
243053090,32,0,0,0
243065024,4,2,212.5,106.25
243077634,3,3,18.8,6.26666666666667
243082157,1,0,0,0
243141191,6,5,202.8,40.56
243306369,1,1,240.0,240.0
243309251,3,3,21.6,7.2
243321952,1,1,2.4,2.4
243324816,1,1,0.9,0.9
243398647,1,1,1.8,1.8
243428923,3,1,0.3,0.3
243429504,2,1,12.1,12.1
243440565,2,2,42.5,21.25
243443919,1,1,13.9,13.9
243520161,1,1,8.3,8.3
243522372,3,3,17.1,5.7
243532285,1,1,0.4,0.4
243536793,3,2,1.0,0.5
243540632,1,1,12.0,12.0
243559317,1,1,1.0,1.0
243572743,2,2,333.1,166.55
243587325,2,1,0.6,0.6
243627451,3,3,0.7,0.233333333333333
243664576,113,60,388.5,6.475
243711507,3,1,372.0,372.0
243712157,1,1,7.3,7.3
243767019,1,1,2.6,2.6
243778123,1,0,0,0
243783947,1,1,0.2,0.2
243801291,5,3,1.8,0.6
243808511,4,3,54.6,18.2
243808569,11,3,27.4,9.13333333333333
243816387,4,3,14.1,4.7
243905347,2,0,0,0
243921660,3,2,928.3,464.15
243964103,1,1,2.3,2.3
243967067,1,1,0.2,0.2
243998409,1,1,0.7,0.7
244030924,1,1,0.7,0.7
244035163,1,1,0.2,0.2
244069576,1,1,6.8,6.8
244100151,1,1,3.2,3.2
244139284,2,0,0,0
244156828,1,0,0,0
244163929,10,1,122.0,122.0
244184827,1,1,3.0,3.0
244193381,1,1,0.4,0.4
244266460,2,0,0,0
244269423,1,1,1.2,1.2
244273527,1,0,0,0
244290943,21,19,236.2,12.4315789473684
244293895,1,1,3.2,3.2
244294064,4,4,5.6,1.4
244314033,1,0,0,0
244335912,9,7,558.5,79.7857142857143
244376049,1,1,477.0,477.0
244389644,1,0,0,0
244441983,2,1,0.3,0.3
244445520,20,14,44.6,3.18571428571429
244480793,1,1,2.6,2.6
244485884,5,2,18.8,9.4
244491524,1,1,0.3,0.3
244495573,8,1,24.0,24.0
244520683,1,1,3.8,3.8
244532668,1,1,0.2,0.2
244540977,1,1,0.2,0.2
244563268,1,1,132.0,132.0
244615705,1,1,10.5,10.5
244648789,2,2,235.0,117.5
244650573,2,0,0,0
244706504,1,1,247.0,247.0
244722763,2,1,0.2,0.2
244743801,1,1,0.8,0.8
244758115,1,1,5.8,5.8
244789964,7,6,10.7,1.78333333333333
244823619,10,0,0,0
244844115,1,1,0.2,0.2
244847464,1,1,1.8,1.8
244855763,1,1,0.6,0.6
244866157,1,0,0,0
244878837,1,1,4.0,4.0
244907939,1,0,0,0
244908996,3,1,5.1,5.1
244936819,1,1,2.0,2.0
244992231,1,1,128.0,128.0
245005581,1,1,13.9,13.9
245023643,2,1,0.3,0.3
245043777,6,0,0,0
245046657,1,1,1.4,1.4
245052241,1,1,1.1,1.1
245057860,2,2,32.4,16.2
245064847,2,1,11.6,11.6
245078207,22,2,2.7,1.35
245134112,2,2,45.6,22.8
245168247,1,1,2.7,2.7
245220208,6,2,366.0,183.0
245255545,8,1,51.0,51.0
245304695,2,1,1.9,1.9
245306716,1,1,7.7,7.7
245314153,47,37,605.6,16.3675675675676
245323483,1,1,0.1,0.1
245342503,6,1,0.2,0.2
245350724,1,1,345.0,345.0
245352892,3,1,30.0,30.0
245353969,1,1,1.3,1.3
245390247,1,1,2.7,2.7
245422124,3,2,16.1,8.05
245432485,1,1,7.4,7.4
245434963,1,0,0,0
245438935,2,2,37.8,18.9
245445357,3,3,15.1,5.03333333333333
245504972,1,1,8.3,8.3
245530835,1,1,8.9,8.9
245540103,1,1,0.3,0.3
245540957,5,0,0,0
245560908,1,1,38.0,38.0
245570449,1,1,0.6,0.6
245583676,1,1,2.7,2.7
245587117,1,1,72.0,72.0
245621941,5,5,106.0,21.2
245681889,38,8,145.7,18.2125
245704809,6,3,1.9,0.633333333333333
245708711,9,2,64.0,32.0
245744104,1,0,0,0
245767059,2,0,0,0
245775672,1,1,5.7,5.7
245816621,1,1,9.7,9.7
245839900,2,1,3.4,3.4
245844624,1,1,0.8,0.8
245845321,6,1,0.8,0.8
245859173,21,18,162.0,9.0
245863248,20,10,605.3,60.53
245874516,5,1,20.0,20.0
245910880,1,1,16.4,16.4
245978768,1,1,0.3,0.3
246056879,3,1,3.4,3.4
246103765,2,2,22.0,11.0
246116211,1,1,50.0,50.0
246154528,1,1,1.0,1.0
246169824,1,0,0,0
246210997,4,0,0,0
246224505,1,1,22.0,22.0
246241028,11,1,149.0,149.0
246258933,14,8,60.2,7.525
246303844,1,1,5.0,5.0
246319849,2,2,273.6,136.8
246332545,1,1,1.3,1.3
246342023,1,1,4.7,4.7
246357409,1,1,14.4,14.4
246360888,1,0,0,0
246386712,1,0,0,0
246439849,109,5,159.8,31.96
246452376,4,2,53.8,26.9
246453577,1,1,1.8,1.8
246456527,3,3,20.2,6.73333333333333
246461215,1,1,132.0,132.0
246471439,1,1,500.0,500.0
246481939,1,1,0.3,0.3
246620676,3,0,0,0
246626691,4,1,2.2,2.2
246627895,8,1,10.8,10.8
246650796,1,1,7.9,7.9
246660193,1,1,0.2,0.2
246675065,1,1,12.1,12.1
246688925,1,1,61.0,61.0
246730947,1,0,0,0
246733980,1,0,0,0
246753573,2,1,0.8,0.8
246754757,2,1,0.5,0.5
246802497,1,0,0,0
246819283,1,1,0.8,0.8
246839897,2,1,7.8,7.8
246883819,3,1,0.7,0.7
246892835,3,3,2.8,0.933333333333333
246908963,5,2,8.5,4.25
246925775,2,1,1.0,1.0
246949212,2,1,24.0,24.0
246969153,1,1,2.5,2.5
246970452,1,1,0.2,0.2
247003548,2,2,150.4,75.2
247018069,1,0,0,0
247032504,5,4,50.3,12.575
247042500,2,1,64.0,64.0
247050395,1,1,0.1,0.1
247065555,9,7,28.5,4.07142857142857
247136904,1,1,1.4,1.4
247137761,1,0,0,0
247160953,1,1,1.9,1.9
247187340,1,0,0,0
247195205,5,4,129.2,32.3
247219864,1,1,61.0,61.0
247313879,35,10,133.4,13.34
247336676,4,1,1.0,1.0
247443969,5,4,32.1,8.025
247464119,1,1,23.0,23.0
247466533,1,1,0.7,0.7
247501675,2,0,0,0
247521204,1,1,22.0,22.0
247531299,1,1,2.8,2.8
247544697,1,1,9.3,9.3
247669967,1,1,0.6,0.6
247673871,1,1,0.3,0.3
247686933,3,2,23.0,11.5
247741393,1,1,67.0,67.0
247781557,1,1,1.7,1.7
247822385,1,1,0.2,0.2
247828143,1,1,2.7,2.7
247853623,12,1,92.0,92.0
247858756,5,1,1.3,1.3
247871700,3,1,36.0,36.0
247884568,1,1,0.4,0.4
247887213,5,2,59.3,29.65
247891137,2,1,5.4,5.4
247912887,23,17,212.8,12.5176470588235
247937621,3,1,0.3,0.3
247951379,1,1,107.0,107.0
248009721,1,1,59.0,59.0
248028481,1,1,0.6,0.6
248040416,32,0,0,0
248056920,1,1,2.0,2.0
248076396,15,1,15.8,15.8
248155783,1,1,2.8,2.8
248200343,1,1,161.0,161.0
248216340,25,6,535.9,89.3166666666667
248226905,1,0,0,0
248235621,1,0,0,0
248236617,1,1,0.8,0.8
248243108,1,1,5.2,5.2
248254297,12,5,247.0,49.4
248255491,2,2,72.5,36.25
248258315,4,1,29.0,29.0
248266820,2,2,17.1,8.55
248303087,3,0,0,0
248354453,4,1,0.7,0.7
248356320,1,1,38.0,38.0
248364783,1,1,161.0,161.0
248376475,2,1,7.8,7.8
248384252,1,0,0,0
248444377,117,7,278.4,39.7714285714286
248472567,1,0,0,0
248474689,1,1,82.0,82.0
248499268,1,1,3.3,3.3
248507053,1,1,0.7,0.7
248518501,5,1,67.0,67.0
248532700,1,1,0.3,0.3
248549548,48,19,552.3,29.0684210526316
248561888,1,1,7.1,7.1
248580432,1,0,0,0
248613483,5,5,380.0,76.0
248639653,1,1,4.6,4.6
248660144,4,1,5.5,5.5
248679217,1,1,8.5,8.5
248690176,9,1,162.0,162.0
248754096,5,4,216.7,54.175
248757796,3,2,36.3,18.15
248769067,3,2,0.7,0.35
248840697,2,2,93.4,46.7
248851501,3,1,20.0,20.0
248878320,1,1,9.8,9.8
248882404,15,10,59.0,5.9
248899637,6,1,1.7,1.7
248910639,1,1,0.5,0.5
248930355,1,1,0.5,0.5
248949033,2,1,3.7,3.7
249004649,1,1,1.1,1.1
249025556,3,2,716.9,358.45
249056919,1,1,46.0,46.0
249070225,1,1,1.2,1.2
249096057,4,0,0,0
249112299,2,1,1.0,1.0
249126165,1,1,1.1,1.1
249154795,1,1,1.3,1.3
249165768,17,7,695.9,99.4142857142857
249176501,6,1,2.8,2.8
249232725,48,16,482.4,30.15
249269233,2,0,0,0
249371209,1,1,49.0,49.0
249381092,2,1,43.0,43.0
249401703,1,0,0,0
249408651,1,1,0.3,0.3
249480143,1,1,2.5,2.5
249480968,1,1,2.4,2.4
249495968,3,2,16.3,8.15
249507435,1,1,5.4,5.4
249520540,1,0,0,0
249540800,1,1,0.2,0.2
249543309,1,1,6.1,6.1
249550615,2,1,0.2,0.2
249570072,14,10,265.8,26.58
249583916,1,1,1.0,1.0
249605317,4,0,0,0
249607464,4,3,8.7,2.9
249622032,1,0,0,0
249623287,4,1,1.8,1.8
249626280,9,6,88.9,14.8166666666667
249643192,5,3,250.0,83.3333333333333
249652084,1,1,43.0,43.0
249735744,14,1,1.0,1.0
249779815,4,2,11.2,5.6
249804337,1,1,1.1,1.1
249847732,1,1,13.0,13.0
249851563,1,0,0,0
249852209,2,0,0,0
249858021,3,3,56.0,18.6666666666667
249871404,1,1,0.5,0.5
249922888,1,1,564.0,564.0
249962199,1,1,53.0,53.0
249963484,1,0,0,0
249968452,2,1,2.7,2.7
249996025,1,0,0,0
250006052,6,2,505.0,252.5
250014989,1,0,0,0
250054424,5,3,25.8,8.6
250086157,1,1,18.6,18.6
250159880,1,1,7.6,7.6
250177364,1,0,0,0
250231163,1,1,19.1,19.1
250237388,1,1,1.8,1.8
250238131,13,11,76.1,6.91818181818182
250284905,5,3,77.5,25.8333333333333
250357493,3,2,5.1,2.55
250364324,1,1,8.1,8.1
250369736,1,1,5.7,5.7
250375228,6,1,5.1,5.1
250378500,1,1,0.6,0.6
250386039,1,1,1.6,1.6
250395724,1,0,0,0
250402599,1,1,90.0,90.0
250414887,3,3,48.3,16.1
250429116,1,0,0,0
250429853,3,0,0,0
250436709,3,1,2.6,2.6
250457669,4,1,11.8,11.8
250480120,1,1,75.0,75.0
250492644,2,2,2.1,1.05
250497204,1,1,0.8,0.8
250549171,1,1,0.3,0.3
250562791,2,1,1.3,1.3
250577484,1,1,0.3,0.3
250585628,1,1,1.5,1.5
250642069,4,1,5.2,5.2
250736247,4,1,7.4,7.4
250739065,1,1,1.0,1.0
250796304,1,1,38.0,38.0
250826540,35,19,78.8,4.14736842105263
250828184,3,2,14.1,7.05
250843033,2,1,28.0,28.0
250861433,1,1,10.5,10.5
250870371,1,1,0.3,0.3
250909464,2,1,1.1,1.1
250933008,1,0,0,0
250955812,1,1,339.0,339.0
250960203,2,1,16.0,16.0
250966627,1,0,0,0
250977044,1,1,17.0,17.0
250981937,2,2,32.0,16.0
250988060,4,2,9.7,4.85
251004841,1,1,0.7,0.7
251065129,3,1,33.0,33.0
251085489,1,1,65.0,65.0
251087552,1,1,17.3,17.3
251090819,1,1,38.0,38.0
251093449,1,1,0.3,0.3
251111748,1,1,31.0,31.0
251123935,2,1,11.1,11.1
251164636,22,6,625.6,104.266666666667
251196267,1,1,1.0,1.0
251197403,2,1,13.5,13.5
251241445,3,1,0.3,0.3
251267603,1,1,4.7,4.7
251285557,2,1,0.7,0.7
251287156,1,1,2.1,2.1
251385361,2,2,22.5,11.25
251408008,1,0,0,0
251410133,1,1,241.0,241.0
251419651,1,1,38.0,38.0
251431515,1,1,0.9,0.9
251440763,4,3,32.8,10.9333333333333
251540148,1,1,0.8,0.8
251563912,1,1,19.9,19.9
251567913,1,1,1.9,1.9
251594700,3,3,66.9,22.3
251614857,1,1,1.3,1.3
251634185,8,6,4.9,0.816666666666667
251635136,17,12,124.9,10.4083333333333
251656719,2,0,0,0
251706843,8,6,157.1,26.1833333333333
251732117,5,5,50.7,10.14
251819763,1,1,0.2,0.2
251884888,1,1,2.9,2.9
251901551,1,1,0.4,0.4
251910573,1,0,0,0
251920440,2,1,17.4,17.4
251928689,1,1,8.2,8.2
251956525,1,1,309.0,309.0
251973211,1,0,0,0
251973400,3,1,3.4,3.4
251974333,3,2,52.6,26.3
252007735,1,1,8.3,8.3
252012035,13,2,2.3,1.15
252016836,1,1,27.0,27.0
252024637,13,1,11.1,11.1
252044076,16,14,3636.8,259.771428571429
252071568,2,1,66.0,66.0
252074145,6,4,11.7,2.925
252083412,3,3,43.7,14.5666666666667
252099721,1,1,307.0,307.0
252153772,2,0,0,0
252159775,1,1,2.7,2.7
252166407,4,3,131.8,43.9333333333333
252200924,1,1,0.5,0.5
252217917,2,2,5.6,2.8
252282604,1,1,136.0,136.0
252304245,3,1,28.0,28.0
252308089,1,1,8.6,8.6
252341097,1,1,0.5,0.5
252345719,6,5,41.7,8.34
252352661,42,22,181.5,8.25
252363833,2,2,14.3,7.15
252369207,1,1,6.6,6.6
252386228,1,1,0.3,0.3
252408003,1,1,0.3,0.3
252438345,3,2,3.3,1.65
252466573,1,1,0.6,0.6
252475396,2,1,1.7,1.7
252502539,1,1,1.5,1.5
252507011,1,1,0.9,0.9
252540851,1,0,0,0
252558119,2,0,0,0
252645851,1,1,0.6,0.6
252675449,2,1,1.3,1.3
252694471,1,1,14.3,14.3
252696188,1,1,4.9,4.9
252728747,1,1,0.3,0.3
252811208,5,3,6.5,2.16666666666667
252869367,2,0,0,0
252895155,1,1,1.4,1.4
252918139,1,1,16.2,16.2
252921789,2,1,75.0,75.0
252932627,1,1,0.6,0.6
252963100,1,1,0.5,0.5
252973296,1,1,8.0,8.0
252978483,1,1,3.8,3.8
252983257,4,3,2.4,0.8
252984367,1,0,0,0
253006481,1,1,79.0,79.0
253044003,9,3,12.7,4.23333333333333
253048231,1,0,0,0
253111169,1,1,0.4,0.4
253114981,3,0,0,0
253121356,8,7,92.9,13.2714285714286
253205489,5,4,46.1,11.525
253209919,1,1,7.8,7.8
253218347,5,5,74.7,14.94
253224439,4,1,4.4,4.4
253245972,1,1,5.1,5.1
253253005,3,3,31.8,10.6
253282893,2,0,0,0
253389413,1,0,0,0
253421464,4,2,102.1,51.05
253424499,1,1,3.2,3.2
253469905,8,4,3.8,0.95
253502799,1,1,0.7,0.7
253521545,1,1,1.0,1.0
253530557,1,1,20.0,20.0
253549183,13,1,1155.0,1155.0
253611147,2,1,6.9,6.9
253622624,1,1,1.6,1.6
253675435,1,1,130.0,130.0
253690596,1,1,0.6,0.6
253709317,1,0,0,0
253713533,1,1,20.0,20.0
253773352,3,1,0.3,0.3
253813925,24,20,385.2,19.26
253814117,5,3,37.4,12.4666666666667
253832736,1,0,0,0
253959521,2,0,0,0
253961136,15,7,628.5,89.7857142857143
253970176,1,1,2.0,2.0
253983004,1,1,1.4,1.4
253999415,1,1,0.3,0.3
254055320,1,1,0.1,0.1
254084123,1,0,0,0
254089285,1,1,14.2,14.2
254094961,3,2,133.5,66.75
254095448,1,1,4.3,4.3
254097023,1,1,4.4,4.4
254101561,4,1,27.0,27.0
254196196,2,1,9.0,9.0
254201131,18,9,279.2,31.0222222222222
254205257,1,1,0.1,0.1
254234513,1,1,0.4,0.4
254243107,1,1,3.3,3.3
254250501,1,1,0.8,0.8
254320799,3,0,0,0
254331853,2,1,2.7,2.7
254331891,3,1,28.0,28.0
254368479,4,2,1.3,0.65
254382323,1,1,0.6,0.6
254458836,5,2,1.0,0.5
254497372,6,2,0.5,0.25
254544187,1,1,0.2,0.2
254550709,23,16,336.6,21.0375
254565281,2,1,0.2,0.2
254692357,2,2,8.3,4.15
254708017,1,1,0.6,0.6
254715417,1,1,125.0,125.0
254739428,2,1,10.2,10.2
254739929,8,2,0.6,0.3
254782847,2,1,2.6,2.6
254814380,12,5,27.3,5.46
254836819,1,1,0.3,0.3
254886921,2,1,6.7,6.7
254906420,1,1,1.2,1.2
254924405,1,1,8.0,8.0
254928785,9,6,79.3,13.2166666666667
254935843,25,20,77.1,3.855
254952543,1,0,0,0
254966557,2,1,0.9,0.9
254992432,1,1,0.5,0.5
255007865,9,9,84.6,9.4
255010251,25,18,90.2,5.01111111111111
255027745,1,1,7.2,7.2
255029668,3,1,11.6,11.6
255042063,1,1,0.3,0.3
255076487,2,1,17.8,17.8
255085221,2,2,19.6,9.8
255096684,9,4,34.6,8.65
255148277,3,2,0.7,0.35
255168531,2,1,3.0,3.0
255178947,1,1,4.7,4.7
255211217,1,1,2.0,2.0
255214547,1,1,1.2,1.2
255234412,4,1,0.3,0.3
255241051,1,1,3.5,3.5
255246635,1,1,0.3,0.3
255306029,1,1,5.1,5.1
255330237,1,1,0.3,0.3
255333449,1,1,50.0,50.0
255408941,1,1,0.1,0.1
255458903,1,1,1.1,1.1
255467165,1,1,83.0,83.0
255473549,1,1,4.7,4.7
255508119,1,1,0.8,0.8
255511589,4,4,8.2,2.05
255526371,1,1,3.8,3.8
255539801,1,1,24.0,24.0
255576471,1,0,0,0
255582025,1,1,3.4,3.4
255615919,1,1,22.0,22.0
255622304,7,2,3.1,1.55
255706163,1,1,39.0,39.0
255728964,5,1,183.0,183.0
255730460,2,1,0.3,0.3
255748761,2,1,37.0,37.0
255750768,2,1,11.0,11.0
255810120,1,1,1.1,1.1
255846501,1,1,1.1,1.1
255892249,1,1,2.4,2.4
255927683,1,1,0.4,0.4
255947169,1,0,0,0
255957600,1,1,12.4,12.4
256021017,1,1,12.5,12.5
256109019,1,1,1.0,1.0
256193015,1,0,0,0
256202715,1,1,0.6,0.6
256212075,1,1,0.2,0.2
256212635,1,1,1.1,1.1
256216485,2,0,0,0
256217287,1,1,100.0,100.0
256275407,1,0,0,0
256276021,4,1,288.0,288.0
256276624,1,1,1.0,1.0
256296627,1,0,0,0
256297825,1,1,5.7,5.7
256420345,2,1,1.9,1.9
256436660,1,1,0.8,0.8
256452263,4,4,25.0,6.25
256525720,7,6,29.8,4.96666666666667
256528415,5,1,5.7,5.7
256563201,2,1,50.0,50.0
256573229,1,0,0,0
256584820,1,1,68.0,68.0
256606025,3,3,407.2,135.733333333333
256613211,11,8,34.3,4.2875
256636491,1,1,18.4,18.4
256645945,8,6,25.5,4.25
256739669,2,0,0,0
256766924,2,1,1212.0,1212.0
256809867,2,1,0.1,0.1
256819019,4,4,75.8,18.95
256863125,1,1,13.1,13.1
256865437,1,1,0.5,0.5
256896099,1,1,908.0,908.0
256920108,1,1,0.3,0.3
256927813,3,1,3.6,3.6
256967415,2,0,0,0
256980620,3,2,329.0,164.5
256991827,2,1,0.3,0.3
256992469,3,3,5.2,1.73333333333333
257044655,2,1,140.0,140.0
257045927,1,1,0.2,0.2
257056644,1,1,8.7,8.7
257064839,1,1,7.5,7.5
257081520,1,1,654.0,654.0
257108952,4,2,19.1,9.55
257110911,1,1,4.5,4.5
257177611,1,1,14.2,14.2
257178379,1,0,0,0
257184455,2,1,0.2,0.2
257200017,3,0,0,0
257200031,1,1,2.8,2.8
257237771,1,0,0,0
257256783,14,6,352.5,58.75
257278221,1,1,1.8,1.8
257288675,1,0,0,0
257299708,1,1,107.0,107.0
257319909,1,1,13.0,13.0
257377008,5,4,33.0,8.25
257422299,6,4,3.8,0.95
257449387,13,4,90.2,22.55
257491997,8,1,1.6,1.6
257518188,1,1,0.2,0.2
257521133,2,2,7.5,3.75
257528104,1,1,37.0,37.0
257603009,1,0,0,0
257702137,1,1,0.7,0.7
257724052,8,5,392.7,78.54
257759331,3,1,12.8,12.8
257820973,3,1,0.3,0.3
257873308,1,0,0,0
257891885,1,0,0,0
257934949,2,2,302.2,151.1
257973739,1,1,1.6,1.6
257989791,4,3,26.9,8.96666666666667
258020559,2,1,7.3,7.3
258086009,1,1,0.1,0.1
258095301,1,0,0,0
258140547,3,0,0,0
258213980,4,1,7.2,7.2
258225013,1,1,2.1,2.1
258248895,1,1,0.1,0.1
258327971,1,0,0,0
258337261,1,1,17.0,17.0
258363805,3,1,7.6,7.6
258381465,2,0,0,0
258390409,3,1,33.0,33.0
258393767,1,0,0,0
258430515,1,1,4.0,4.0
258478416,3,1,5.2,5.2
258482885,24,19,60.3,3.17368421052632
258503400,1,1,199.0,199.0
258530685,10,7,27.6,3.94285714285714
258531019,23,13,40.0,3.07692307692308
258550100,2,1,0.5,0.5
258553583,2,1,1.7,1.7
258602617,6,5,452.5,90.5
258633808,1,1,98.0,98.0
258648395,1,1,1.7,1.7
258673767,4,4,12.4,3.1
258753415,16,1,4.1,4.1
258754843,1,1,1.1,1.1
258774423,1,1,0.3,0.3
258785172,5,4,8.7,2.175
258795101,2,2,10.8,5.4
258806371,6,1,26.0,26.0
258834833,1,1,0.8,0.8
258845881,1,1,68.0,68.0
258858619,1,0,0,0
258868457,1,1,0.3,0.3
258895899,6,4,8.0,2.0
258957437,3,2,29.9,14.95
259038184,2,2,220.0,110.0
259050705,5,4,10.7,2.675
259053705,3,2,0.6,0.3
259057827,1,1,0.7,0.7
259130115,3,0,0,0
259263507,1,1,8.7,8.7
259268105,4,3,333.0,111.0
259301403,7,2,53.2,26.6
259308565,1,1,6.0,6.0
259311761,3,1,0.4,0.4
259325175,2,0,0,0
259330363,1,1,0.4,0.4
259402641,1,1,0.5,0.5
259403281,4,3,14.0,4.66666666666667
259420989,2,2,2.4,1.2
259436224,1,1,0.2,0.2
259454041,4,2,13.6,6.8
259477553,8,5,18.3,3.66
259528031,1,1,4.4,4.4
259554515,2,2,0.8,0.4
259587307,1,1,15.3,15.3
259591984,3,1,50.0,50.0
259603495,1,1,70.0,70.0
259611075,10,5,11.5,2.3
259614031,2,2,37.6,18.8
259648553,1,1,16.9,16.9
259665776,1,1,22.0,22.0
259708463,2,2,42.8,21.4
259782663,1,0,0,0
259791209,1,1,22.0,22.0
259796248,1,1,3.2,3.2
259798464,9,3,310.0,103.333333333333
259829971,1,1,4.3,4.3
259831421,1,1,4.4,4.4
259854084,3,1,206.0,206.0
259875529,1,0,0,0
259878911,1,1,0.9,0.9
259891015,6,1,62.0,62.0
259931116,3,2,503.0,251.5
259934396,1,1,15.4,15.4
259934836,3,3,3.5,1.16666666666667
259953528,1,1,0.8,0.8
259994621,1,1,0.9,0.9
260017289,2,1,0.4,0.4
260048725,1,1,107.0,107.0
260057593,1,0,0,0
260118401,7,7,21.1,3.01428571428571
260132853,1,1,3.5,3.5
260137269,1,0,0,0
260140697,1,1,102.0,102.0
260149777,1,1,18.0,18.0
260167329,2,0,0,0
260207401,1,1,0.1,0.1
260252363,1,1,11.5,11.5
260262945,1,0,0,0
260265776,5,4,38.7,9.675
260269555,1,1,3.2,3.2
260300423,1,1,0.3,0.3
260320188,16,13,153.8,11.8307692307692
260376156,23,4,388.0,97.0
260455932,1,1,0.1,0.1
260499716,1,1,11.5,11.5
260538236,7,6,173.8,28.9666666666667
260567796,2,2,3.2,1.6
260686668,1,1,0.8,0.8
260729536,1,1,0.5,0.5
260788360,10,8,236.5,29.5625
260813316,1,1,10.4,10.4
261067712,14,12,40.4,3.36666666666667
261172612,1,1,1.3,1.3
261199100,1,1,85.0,85.0
261281192,4,2,493.6,246.8
261290656,1,1,2.4,2.4
261336456,12,1,700.0,700.0
261337836,1,1,0.3,0.3
261373664,1,1,0.9,0.9
261497568,1,0,0,0
261602452,22,11,769.6,69.9636363636364
261670300,1,1,1.6,1.6
261745164,2,1,66.0,66.0
261857176,2,1,5.1,5.1
262014680,1,1,0.7,0.7
262017556,1,1,1.6,1.6
262076820,1,1,0.9,0.9
262133376,2,1,12.8,12.8
262195804,9,7,113.8,16.2571428571429
262217260,3,1,110.0,110.0
262317184,9,6,16.1,2.68333333333333
262326400,5,2,2.2,1.1
262430736,1,1,2.9,2.9
262445620,1,1,0.2,0.2
262474788,11,4,43.0,10.75
262487872,2,1,1.4,1.4
262543812,1,0,0,0
262577480,1,1,15.5,15.5
262752300,2,2,641.0,320.5
262814808,5,3,9.0,3.0
262861632,33,18,868.4,48.2444444444444
262894372,2,1,29.0,29.0
262942892,11,0,0,0
263021912,1,1,0.6,0.6
263042332,1,0,0,0
263079356,1,1,0.2,0.2
263133436,1,0,0,0
263171804,17,1,4.4,4.4
263385816,2,1,723.0,723.0
263454788,1,1,2.1,2.1
263470824,1,1,5.5,5.5
263482524,1,1,18.9,18.9
263516648,1,1,10.6,10.6
263735764,3,0,0,0
263759304,1,1,0.7,0.7
263771716,8,5,2.3,0.46
263856756,3,1,499.0,499.0
263860732,5,1,0.4,0.4
263936784,1,1,10.8,10.8
263993336,5,4,18.0,4.5
264047092,2,1,2.3,2.3
264125600,1,1,0.2,0.2
264198760,4,4,11.7,2.925
264207808,1,1,0.6,0.6
264239828,3,1,1102.0,1102.0
264253640,16,12,170.5,14.2083333333333
264266684,1,1,29.0,29.0
264393036,1,0,0,0
264399888,2,0,0,0
264424976,1,0,0,0
264438536,27,13,115.9,8.91538461538462
264496864,1,1,2.3,2.3
264500948,24,9,35.9,3.98888888888889
264625792,10,7,93.3,13.3285714285714
264626784,19,14,461.3,32.95
264759872,2,1,0.5,0.5
264816680,12,10,749.8,74.98
264929200,1,1,2.4,2.4
264929688,1,1,4.6,4.6
264977320,1,1,0.8,0.8
265054404,1,0,0,0
265103440,1,0,0,0
265119944,1,1,1.5,1.5
265337884,1,1,123.0,123.0
265528868,1,1,0.7,0.7
265545744,6,1,2.2,2.2
265558728,1,1,470.0,470.0
265586844,1,1,10.3,10.3
265592512,2,1,23.0,23.0
265619532,3,1,28.0,28.0
265832700,1,1,2.0,2.0
265859320,13,6,4.4,0.733333333333333
266035768,4,1,28.0,28.0
266056948,4,2,0.7,0.35
266112568,1,1,1.4,1.4
266132196,3,1,58.0,58.0
266132392,1,1,68.0,68.0
266278004,2,1,31.0,31.0
266279128,1,1,30.0,30.0
266367020,3,3,66.2,22.0666666666667
266416340,1,1,1.7,1.7
266455892,1,1,1.3,1.3
266479412,35,20,41.1,2.055
266659008,1,1,1.5,1.5
266685720,2,0,0,0
266736356,6,3,10.7,3.56666666666667
266799152,5,3,2.3,0.766666666666667
266829332,14,7,31.3,4.47142857142857
266836892,3,2,814.2,407.1
266845800,1,1,295.0,295.0
266874064,4,3,99.4,33.1333333333333
266885016,1,1,14.3,14.3
266888336,1,1,7.7,7.7
266972568,1,1,1.3,1.3
267053376,8,7,243.0,34.7142857142857
267136496,2,1,375.0,375.0
267235316,9,3,50.1,16.7
267250336,1,1,7.6,7.6
267438860,1,1,0.6,0.6
267564972,4,1,32.0,32.0
267633580,3,2,643.1,321.55
267722020,1,1,5.0,5.0
267901212,2,1,1.0,1.0
268037268,1,1,1.1,1.1
268110072,22,15,38.0,2.53333333333333
268158408,2,1,5.7,5.7
268200944,2,1,138.0,138.0
268245436,1,1,1.9,1.9
268252196,2,1,0.2,0.2
268386968,2,0,0,0
268411140,1,1,1.8,1.8
268470708,1,1,1.2,1.2
268474336,1,1,1.9,1.9
268487512,16,7,128.5,18.3571428571429
268551184,4,4,37.3,9.325
268562040,16,1,473.0,473.0
268578780,1,1,1.4,1.4
268585240,1,1,0.6,0.6
268589228,7,2,3.6,1.8
268599796,6,3,76.8,25.6
268640464,1,1,17.7,17.7
268698660,1,1,3.4,3.4
268845100,1,1,34.0,34.0
268934736,3,1,53.0,53.0
268935456,1,1,0.3,0.3
269034196,2,2,12.9,6.45
269058144,3,1,6.2,6.2
269123804,1,0,0,0
269347396,2,2,164.0,82.0
269437356,1,1,73.0,73.0
269708364,1,1,6.3,6.3
269759752,4,1,8.5,8.5
269770460,1,1,6.5,6.5
269853648,1,1,21.0,21.0
269920248,1,1,0.4,0.4
270059336,4,1,23.0,23.0
270165540,3,1,0.1,0.1
270169680,4,1,0.7,0.7
270228556,1,1,1.2,1.2
270228600,3,3,376.9,125.633333333333
270303324,1,1,2.8,2.8
270341392,1,1,17.6,17.6
270356700,42,29,461.9,15.9275862068966
270590020,1,0,0,0
270607820,1,1,0.3,0.3
270660732,1,1,26.0,26.0
270705624,1,1,193.0,193.0
270777688,7,1,91.0,91.0
270787620,2,1,0.6,0.6
270806652,2,2,4.7,2.35
270843172,1,1,108.0,108.0
270917796,4,4,53.7,13.425
271006912,1,1,11.6,11.6
271013192,3,3,195.3,65.1
271030096,1,1,0.4,0.4
271047352,1,1,3.2,3.2
271073348,5,2,95.1,47.55
271133576,3,2,0.7,0.35
271146672,1,1,0.1,0.1
271279768,2,2,0.9,0.45
271364180,1,1,2.8,2.8
271454872,1,1,11.4,11.4
271646756,1,1,0.2,0.2
271659144,3,1,22.0,22.0
271808456,1,1,47.0,47.0
271886944,1,1,0.4,0.4
271938268,9,9,76.3,8.47777777777778
272141796,1,1,11.8,11.8
272181160,9,6,23.5,3.91666666666667
272300684,2,1,1.1,1.1
272404736,1,1,0.5,0.5
272425320,2,1,5.4,5.4
272499996,16,13,231.0,17.7692307692308
272542868,1,1,418.0,418.0
272820556,11,1,0.7,0.7
272852624,9,4,179.4,44.85
272981192,9,3,194.1,64.7
273021336,7,7,197.7,28.2428571428571
273069628,5,1,6.0,6.0
273082868,24,14,356.3,25.45
273163848,1,1,0.4,0.4
273268792,1,1,10.5,10.5
273293320,5,0,0,0
273402148,1,1,5.9,5.9
273416560,1,1,0.8,0.8
273437556,1,0,0,0
273437868,23,16,66.2,4.1375
273539240,1,1,0.5,0.5
273544140,1,1,1.0,1.0
273597380,2,2,379.5,189.75
273624636,1,1,8.2,8.2
273741196,1,1,8.5,8.5
273817824,6,2,44.7,22.35
273827660,2,1,64.0,64.0
273828592,4,1,1.1,1.1
273901604,3,1,31.0,31.0
273932992,2,0,0,0
274048748,2,2,78.7,39.35
274082752,1,0,0,0
274261412,3,3,0.9,0.3
274308276,1,1,6.7,6.7
274410276,10,1,240.0,240.0
274420264,1,0,0,0
274420728,1,1,9.6,9.6
274422668,1,1,1.1,1.1
274439260,1,1,9.0,9.0
274538592,1,1,0.2,0.2
274581452,1,1,7.0,7.0
274602960,1,0,0,0
274613184,1,0,0,0
274624060,2,2,2.2,1.1
274693664,1,1,7.0,7.0
274785080,51,32,234.7,7.334375
274843696,1,1,56.0,56.0
275086284,7,7,16.3,2.32857142857143
275120552,1,1,0.4,0.4
275151488,2,2,2.6,1.3
275437638,1,1,46.0,46.0
275442576,1,1,1.9,1.9
275513970,3,1,4.1,4.1
275518260,15,9,48.3,5.36666666666667
275521700,1,1,35.0,35.0
275529528,4,4,14.2,3.55
275639648,1,0,0,0
275667776,3,1,3.2,3.2
275675446,1,0,0,0
275699008,3,2,213.3,106.65
275764806,1,1,40.0,40.0
275775796,1,0,0,0
275798890,2,2,48.4,24.2
275875486,9,7,84.1,12.0142857142857
275889776,1,1,50.0,50.0
275935324,1,1,1.8,1.8
275982472,1,1,4.2,4.2
276028696,3,2,6.9,3.45
276055488,2,2,0.9,0.45
276057148,21,20,105.6,5.28
276073724,3,3,28.4,9.46666666666667
276090576,18,11,44.8,4.07272727272727
276101470,1,1,420.0,420.0
276101850,1,1,1.1,1.1
276118496,15,1,0.6,0.6
276137458,1,0,0,0
276186966,4,4,28.7,7.175
276225812,11,6,189.9,31.65
276234796,4,4,12.5,3.125
276239290,1,1,1.4,1.4
276285300,1,1,86.0,86.0
276374866,1,0,0,0
276467194,2,2,1.0,0.5
276505968,1,1,1.6,1.6
276520060,2,2,0.5,0.25
276526080,13,11,43.9,3.99090909090909
276555062,2,2,271.0,135.5
276567244,2,2,26.2,13.1
276587942,2,1,0.5,0.5
276609322,1,1,0.3,0.3
276680364,1,1,2.6,2.6
276745200,4,3,8.6,2.86666666666667
276820640,1,1,1.8,1.8
276932452,1,1,242.0,242.0
276958784,6,2,20.8,10.4
277003854,1,1,0.3,0.3
277095274,6,1,0.6,0.6
277229584,3,2,8.0,4.0
277239386,4,1,47.0,47.0
277253312,2,2,2.0,1.0
277283024,1,0,0,0
277283114,1,1,1.9,1.9
277286516,3,0,0,0
277294176,1,0,0,0
277339358,1,1,0.1,0.1
277377524,2,1,2.7,2.7
277408896,4,2,3.4,1.7
277541086,14,6,53.5,8.91666666666667
277557242,1,1,7.3,7.3
277605352,1,1,346.0,346.0
277635586,6,5,246.2,49.24
277673224,3,1,31.0,31.0
277679482,2,2,6.5,3.25
277741936,1,1,39.0,39.0
277768228,1,1,0.2,0.2
277779002,1,1,0.4,0.4
277782286,1,1,268.0,268.0
277798812,1,0,0,0
277834336,1,1,3.0,3.0
277874860,3,3,647.4,215.8
277921358,2,2,86.5,43.25
277967574,12,4,278.4,69.6
277984366,6,3,14.4,4.8
278021986,1,1,3.7,3.7
278099058,2,2,11.9,5.95
278136010,5,1,0.4,0.4
278176394,1,0,0,0
278209338,6,3,1.4,0.466666666666667
278222242,1,1,0.5,0.5
278247296,15,1,0.9,0.9
278280460,1,1,2.0,2.0
278315524,1,0,0,0
278329690,1,1,5.8,5.8
278385104,2,0,0,0
278415486,1,1,109.0,109.0
278473288,1,1,8.7,8.7
278505070,1,1,1.6,1.6
278567826,2,1,16.2,16.2
278600042,1,0,0,0
278601876,1,0,0,0
278609380,1,1,0.3,0.3
278609462,1,1,1.4,1.4
278613910,4,2,61.2,30.6
278678644,4,1,60.0,60.0
278757028,1,1,0.1,0.1
278801828,1,1,50.0,50.0
278825568,3,3,1.4,0.466666666666667
278828072,3,2,1.3,0.65
278932462,2,1,87.0,87.0
279122638,7,3,8.2,2.73333333333333
279130412,1,0,0,0
279157418,2,1,5.0,5.0
279166226,1,1,18.3,18.3
279171078,4,4,18.8,4.7
279203738,2,2,3.9,1.95
279204362,1,1,1.0,1.0
279218570,2,2,1.2,0.6
279223318,1,1,16.7,16.7
279290604,1,1,0.3,0.3
279316312,4,1,2.4,2.4
279317380,1,1,6.6,6.6
279329852,4,1,4.7,4.7
279391666,1,1,118.0,118.0
279406744,5,1,37.0,37.0
279464634,1,1,32.0,32.0
279487658,3,2,316.2,158.1
279523978,1,1,0.8,0.8
279552440,1,1,0.6,0.6
279569452,1,1,21.0,21.0
279603258,1,1,9.3,9.3
279619836,1,0,0,0
279637570,1,1,202.0,202.0
279638854,1,1,1.0,1.0
279668062,1,1,10.1,10.1
279731066,1,1,50.0,50.0
279734186,1,1,0.4,0.4
279965238,5,4,10.0,2.5
280027508,1,1,266.0,266.0
280061602,1,1,3.0,3.0
280096578,1,1,30.0,30.0
280275540,9,4,4.1,1.025
280288586,1,1,3.1,3.1
280317702,1,0,0,0
280348554,2,1,194.0,194.0
280352750,3,1,2.5,2.5
280363186,6,3,1.6,0.533333333333333
280421462,6,0,0,0
280447750,1,0,0,0
280457098,1,1,0.7,0.7
280497428,4,1,31.0,31.0
280527612,1,1,4.0,4.0
280539948,1,1,52.0,52.0
280567820,1,1,0.2,0.2
280609756,1,1,6.0,6.0
280664166,2,1,0.8,0.8
280721592,2,1,0.7,0.7
280819916,1,1,494.0,494.0
280824162,13,1,592.0,592.0
280832360,1,1,318.0,318.0
280845170,1,1,63.0,63.0
280955228,2,2,1.3,0.65
280969114,1,1,92.0,92.0
280976178,1,1,0.7,0.7
280978702,1,1,1.5,1.5
281041560,1,1,1.8,1.8
281082462,2,2,242.5,121.25
281084246,3,3,1.3,0.433333333333333
281157668,1,1,0.3,0.3
281168230,17,3,12.8,4.26666666666667
281196596,2,1,79.0,79.0
281216836,2,1,59.0,59.0
281302904,1,0,0,0
281308924,1,1,0.6,0.6
281324958,1,1,5.7,5.7
281376430,1,1,0.4,0.4
281398000,1,1,25.0,25.0
281401386,2,1,3.2,3.2
281406000,1,1,1.3,1.3
281437808,1,1,3.7,3.7
281515094,1,0,0,0
281535206,30,19,332.9,17.5210526315789
281549566,1,1,6.6,6.6
281552962,1,1,28.0,28.0
281579960,1,1,0.5,0.5
281657804,1,1,2.3,2.3
281824528,5,5,267.5,53.5
281846414,2,2,323.0,161.5
281857216,34,7,515.2,73.6
281864662,16,7,2.7,0.385714285714286
281927198,3,1,59.0,59.0
281933068,1,1,9.7,9.7
281985866,1,1,0.5,0.5
281992088,1,0,0,0
282004804,4,0,0,0
282049154,2,0,0,0
282052972,9,1,100.0,100.0
282061856,5,0,0,0
282096494,2,1,8.5,8.5
282180040,1,0,0,0
282290070,1,1,0.2,0.2
282307340,1,1,30.0,30.0
282320568,7,7,31.7,4.52857142857143
282349848,1,1,0.2,0.2
282358910,3,1,1.1,1.1
282408930,1,1,1.0,1.0
282464648,21,15,99.5,6.63333333333333
282502466,1,1,10.0,10.0
282529842,4,4,4.9,1.225
282532526,1,1,1.2,1.2
282533716,1,1,1.5,1.5
282565204,1,1,34.0,34.0
282567672,1,1,61.0,61.0
282599048,1,1,11.5,11.5
282638848,3,1,1.0,1.0
282676810,1,1,3.3,3.3
282731606,3,2,31.1,15.55
282733934,1,1,30.0,30.0
282739324,1,1,1.0,1.0
282755920,10,4,61.7,15.425
282810196,1,1,2.5,2.5
282896672,1,1,478.0,478.0
282923824,4,2,4.8,2.4
282935858,1,0,0,0
282945740,1,1,0.2,0.2
282974048,1,1,19.7,19.7
282998252,1,1,1.7,1.7
283068492,1,1,16.0,16.0
283079860,1,1,2.1,2.1
283111528,2,2,5.7,2.85
283212746,1,1,3.0,3.0
283264914,3,2,18.2,9.1
283326616,5,2,1.5,0.75
283382726,5,1,0.2,0.2
283398094,4,0,0,0
283401578,1,1,2.4,2.4
283473778,1,1,1.4,1.4
283482222,7,1,2.4,2.4
283498338,4,1,0.4,0.4
283539952,1,1,23.0,23.0
283540468,1,1,2.9,2.9
283558096,5,1,3.3,3.3
283569430,1,1,154.0,154.0
283594208,1,0,0,0
283597302,2,0,0,0
283636252,1,1,0.1,0.1
283651572,2,2,12.0,6.0
283665212,1,1,0.8,0.8
283710888,1,1,8.0,8.0
283814678,1,1,432.0,432.0
283815388,3,3,3.5,1.16666666666667
283840654,1,1,2.3,2.3
283853460,1,1,1.7,1.7
283858738,1,0,0,0
283872900,9,6,850.0,141.666666666667
283896040,7,1,10.9,10.9
283922576,10,5,7.3,1.46
283975164,1,1,67.0,67.0
283979950,1,0,0,0
284019534,10,2,732.6,366.3
284064476,1,1,0.3,0.3
284096202,4,2,1.0,0.5
284164106,1,1,0.5,0.5
284165884,1,1,5.7,5.7
284189098,1,1,0.7,0.7
284284114,1,1,14.7,14.7
284291482,1,0,0,0
284372650,2,1,0.4,0.4
284439080,1,0,0,0
284444506,1,1,16.7,16.7
284452410,1,0,0,0
284475590,1,1,28.0,28.0
284490460,1,1,0.2,0.2
284526944,2,1,178.0,178.0
284555178,1,1,0.3,0.3
284604128,1,1,0.1,0.1
284608638,1,1,6.3,6.3
284680706,15,1,360.0,360.0
284701762,1,1,30.0,30.0
284729488,6,5,86.1,17.22
284769694,1,1,5.0,5.0
284863484,1,1,1.9,1.9
284897470,2,2,46.2,23.1
284897982,1,1,2.1,2.1
284934852,5,2,46.9,23.45
284999400,2,1,88.0,88.0
285055272,1,1,88.0,88.0
285085570,1,1,104.0,104.0
285167092,1,1,2.9,2.9
285252660,3,2,167.3,83.65
285282740,7,1,15.2,15.2
285316500,1,1,0.1,0.1
285380840,1,1,33.0,33.0
285386664,11,7,43.8,6.25714285714286
285426740,3,1,23.0,23.0
285478986,2,2,3.4,1.7
285480540,4,1,14.0,14.0
285509578,1,0,0,0
285536388,1,1,0.3,0.3
285537912,1,1,36.0,36.0
285543474,1,1,2.2,2.2
285545510,1,1,0.4,0.4
285596456,4,1,1.6,1.6
285600472,8,6,5.1,0.85
285664668,1,1,143.0,143.0
285704870,1,1,7.5,7.5
285792368,2,1,46.0,46.0
285835754,7,0,0,0
285860790,28,15,452.9,30.1933333333333
285862168,4,4,19.2,4.8
285869008,13,11,94.5,8.59090909090909
285882402,8,7,76.7,10.9571428571429
285883244,6,5,205.3,41.06
285914210,2,1,0.5,0.5
285926554,3,1,18.4,18.4
285952666,3,1,1.1,1.1
285972122,6,1,2.6,2.6
286084810,3,3,16.4,5.46666666666667
286095646,1,1,2.6,2.6
286105002,1,1,4.3,4.3
286151784,4,2,2.5,1.25
286170278,1,0,0,0
286178286,1,1,2.4,2.4
286222836,4,1,38.0,38.0
286230424,2,2,1.8,0.9
286244196,1,1,0.2,0.2
286394356,1,1,0.7,0.7
286445618,1,1,3.2,3.2
286458362,1,1,0.7,0.7
286468828,1,1,2.0,2.0
286511722,1,1,9.4,9.4
286545176,2,1,88.0,88.0
286637360,8,1,2.9,2.9
286657812,1,1,1.2,1.2
286700638,1,1,32.0,32.0
286701848,5,5,46.3,9.26
286706280,2,1,35.0,35.0
286761300,1,1,0.7,0.7
286926470,11,9,108.1,12.0111111111111
286935538,1,1,3.0,3.0
286968172,35,1,11.8,11.8
286988428,6,0,0,0
287061478,1,1,409.0,409.0
287084934,1,1,3.9,3.9
287122626,9,1,3.4,3.4
287147708,1,1,1.3,1.3
287193260,1,1,144.0,144.0
287260444,1,1,28.0,28.0
287264958,14,9,49.0,5.44444444444444
287270696,4,1,267.0,267.0
287317468,1,1,1.7,1.7
287330018,1,0,0,0
287333204,1,1,0.2,0.2
287336000,1,1,13.5,13.5
287465432,11,1,45.0,45.0
287494342,1,1,12.7,12.7
287498478,1,1,0.4,0.4
287500646,1,1,0.7,0.7
287557416,2,2,0.7,0.35
287595170,1,0,0,0
287613958,1,1,0.2,0.2
287668512,2,2,92.9,46.45
287693866,2,1,1.2,1.2
287706524,1,1,0.1,0.1
287713950,1,1,0.1,0.1
287725554,1,1,1.0,1.0
287778652,1,1,7.7,7.7
287778700,2,2,188.4,94.2
287812798,6,1,34.0,34.0
287824954,9,9,48.1,5.34444444444444
287848624,11,5,20.0,4.0
287880344,1,1,0.3,0.3
287943546,2,1,1.9,1.9
287948400,1,1,0.7,0.7
287973020,6,0,0,0
288038138,1,0,0,0
288074578,2,1,8.9,8.9
288077180,2,0,0,0
288094442,5,0,0,0
288121778,1,1,193.0,193.0
288155906,1,1,0.8,0.8
288160158,1,0,0,0
288164462,2,1,36.0,36.0
288228282,1,0,0,0
288259150,5,1,80.0,80.0
288274882,30,21,168.6,8.02857142857143
288385496,1,1,0.6,0.6
288449536,1,1,3.1,3.1
288581914,1,1,2.8,2.8
288599336,1,0,0,0
288600692,1,1,240.0,240.0
288651880,1,1,1.0,1.0
288709050,1,1,2.6,2.6
288712080,2,1,16.5,16.5
288787646,1,1,1.9,1.9
288854118,1,1,0.7,0.7
288856904,1,1,1.8,1.8
288863634,2,1,3.6,3.6
288916596,5,1,155.0,155.0
289006222,2,2,7.7,3.85
289075484,1,1,1.8,1.8
289190882,1,0,0,0
289193172,2,1,0.1,0.1
289244540,16,10,264.3,26.43
289302686,2,0,0,0
289383568,2,2,11.1,5.55
289428854,2,1,4.1,4.1
289524714,1,1,3.9,3.9
289540058,3,1,0.3,0.3
289573026,1,1,7.2,7.2
289573472,2,0,0,0
289729300,2,0,0,0
289734724,1,1,269.0,269.0
289759310,2,1,26.0,26.0
289760650,2,0,0,0
289801262,1,0,0,0
289856966,1,1,3.3,3.3
289893544,3,1,4.8,4.8
289918864,2,1,48.0,48.0
289934364,1,1,0.8,0.8
290030194,1,1,2.1,2.1
290081808,1,1,28.0,28.0
290225336,1,1,9.5,9.5
290332490,5,1,1.0,1.0
290334662,1,1,6.0,6.0
290367158,2,2,1.9,0.95
290416542,1,1,138.0,138.0
290502496,2,1,0.4,0.4
290542222,11,5,33.8,6.76
290573962,1,1,8.4,8.4
290582378,3,2,152.5,76.25
290626938,1,0,0,0
290700906,6,3,19.3,6.43333333333333
290749426,1,1,1.9,1.9
290842944,1,0,0,0
290864164,1,1,22.0,22.0
290895974,1,1,163.0,163.0
290948882,2,2,2.8,1.4
290991390,3,1,1.1,1.1
290995026,4,3,19.0,6.33333333333333
291038678,2,1,6.4,6.4
291070006,8,6,7.8,1.3
291129250,1,1,10.9,10.9
291151096,1,1,41.0,41.0
291241250,1,1,1.0,1.0
291248270,1,1,1.7,1.7
291277170,1,1,0.7,0.7
291293152,4,4,10.3,2.575
291313138,1,1,0.7,0.7
291406122,2,1,69.0,69.0
291439350,1,1,56.0,56.0
291447290,5,1,8.6,8.6
291452278,1,0,0,0
291478350,1,1,0.6,0.6
291482664,8,2,19.7,9.85
291512840,3,1,1.8,1.8
291527866,4,1,2.0,2.0
291629654,1,1,6.9,6.9
291814106,1,0,0,0
291819440,5,1,43.0,43.0
291846968,3,2,2.5,1.25
291878062,1,1,0.7,0.7
291880806,1,1,1.2,1.2
291907288,1,1,2.7,2.7
291967240,5,1,0.8,0.8
291971046,1,0,0,0
292054386,1,0,0,0
292070264,6,4,192.2,48.05
292129258,1,1,74.0,74.0
292150196,1,0,0,0
292158722,1,1,4.9,4.9
292167220,2,1,1.3,1.3
292168490,1,0,0,0
292172142,3,2,28.0,14.0
292196792,1,1,5.4,5.4
292260290,1,1,0.2,0.2
292326196,1,1,0.2,0.2
292332406,7,2,10.7,5.35
292422780,1,1,7.3,7.3
292470488,3,1,0.4,0.4
292652586,1,1,5.6,5.6
292710310,1,1,0.2,0.2
292715948,1,1,2.6,2.6
292731142,2,1,22.0,22.0
292737214,1,1,0.3,0.3
292741048,8,0,0,0
292744287,22,1,0.7,0.7
292748654,2,0,0,0
292835680,4,0,0,0
292881361,5,3,1.3,0.433333333333333
292917073,1,1,0.3,0.3
292936227,2,1,8.4,8.4
292939884,1,1,15.1,15.1
292967736,1,0,0,0
292975910,1,1,5.6,5.6
292976473,1,1,1.1,1.1
292989657,1,1,0.7,0.7
293002110,1,1,1.7,1.7
293042025,11,9,258.3,28.7
293076852,1,1,1.4,1.4
293098247,1,1,7.4,7.4
293101422,1,1,79.0,79.0
293108035,1,1,6.1,6.1
293110570,3,0,0,0
293115480,1,1,21.0,21.0
293188300,1,1,32.0,32.0
293197798,1,0,0,0
293204747,1,1,1.5,1.5
293211305,1,1,1.4,1.4
293231906,1,1,20.0,20.0
293244157,2,1,0.2,0.2
293269191,7,3,74.9,24.9666666666667
293288238,1,1,2.3,2.3
293303005,7,5,14.9,2.98
293305383,1,1,11.5,11.5
293312087,6,3,71.4,23.8
293333924,1,1,4.4,4.4
293349681,1,1,10.4,10.4
293350478,1,1,0.2,0.2
293360401,2,2,110.4,55.2
293364588,1,1,0.7,0.7
293376584,7,1,175.0,175.0
293378273,1,1,1.5,1.5
293422780,5,2,1.2,0.6
293463755,5,4,15.9,3.975
293478944,5,1,8.2,8.2
293488473,5,2,260.0,130.0
293500233,1,1,1.5,1.5
293527273,8,1,0.4,0.4
293537600,1,1,7.8,7.8
293541342,1,1,0.2,0.2
293551083,1,0,0,0
293570114,10,0,0,0
293578749,4,2,4.2,2.1
293587092,5,3,94.4,31.4666666666667
293600797,6,5,9.3,1.86
293615878,2,0,0,0
293660635,3,1,12.0,12.0
293691139,6,3,3.3,1.1
293693492,1,1,36.0,36.0
293705270,1,1,1.0,1.0
293706250,2,1,5.6,5.6
293714386,1,1,4.4,4.4
293714430,1,1,23.0,23.0
293744664,1,1,4.7,4.7
293758845,5,2,1.8,0.9
293766234,1,0,0,0
293787115,1,1,4.1,4.1
293843600,1,0,0,0
293845683,1,1,89.0,89.0
293881991,1,1,13.3,13.3
293929390,1,0,0,0
293959803,1,1,9.1,9.1
293978986,2,1,486.0,486.0
294006204,3,3,114.5,38.1666666666667
294079146,1,1,0.4,0.4
294091752,1,1,8.7,8.7
294123013,2,2,100.5,50.25
294130030,1,0,0,0
294148344,1,1,0.4,0.4
294150681,1,1,0.7,0.7
294155812,1,1,0.1,0.1
294164990,1,1,0.2,0.2
294169103,1,1,2.3,2.3
294201005,1,1,0.3,0.3
294250383,1,1,1.5,1.5
294255087,1,1,0.8,0.8
294256282,1,1,4.8,4.8
294281624,1,1,3.0,3.0
294391279,2,1,0.9,0.9
294424417,2,2,76.3,38.15
294551734,1,1,30.0,30.0
294560519,10,1,1.0,1.0
294585971,1,1,250.0,250.0
294620986,18,15,127.5,8.5
294667556,3,3,5.6,1.86666666666667
294715521,1,1,0.2,0.2
294750703,1,0,0,0
294757149,1,1,0.4,0.4
294759066,2,1,8.4,8.4
294785149,4,3,300.7,100.233333333333
294797577,1,1,10.1,10.1
294809452,1,1,46.0,46.0
294834367,1,1,0.6,0.6
294848255,1,1,1.5,1.5
294864233,2,2,3.2,1.6
294888042,1,1,4.6,4.6
294924069,1,1,0.6,0.6
294931250,2,2,3.4,1.7
294939683,6,3,106.4,35.4666666666667
294947971,1,1,181.0,181.0
295021107,1,1,0.6,0.6
295039588,2,2,21.5,10.75
295073214,1,1,19.4,19.4
295084996,2,1,19.6,19.6
295117160,1,1,64.0,64.0
295138491,1,1,2.2,2.2
295171886,1,1,164.0,164.0
295202708,1,1,0.4,0.4
295204318,1,1,3.6,3.6
295216756,1,1,40.0,40.0
295268274,1,1,3.7,3.7
295363571,2,2,248.3,124.15
295382643,3,1,196.0,196.0
295386628,1,1,3.5,3.5
295387869,2,1,21.0,21.0
295409380,1,1,0.9,0.9
295425801,2,2,31.4,15.7
295436578,1,1,11.8,11.8
295442416,1,1,1.2,1.2
295479185,3,2,77.0,38.5
295479473,1,1,20.0,20.0
295480706,1,1,1.6,1.6
295504656,1,1,12.8,12.8
295571494,1,1,8.9,8.9
295601631,1,1,11.3,11.3
295613222,1,1,1.8,1.8
295626029,1,1,4.5,4.5
295649583,1,1,16.9,16.9
295693261,3,1,0.3,0.3
295708462,1,1,6.5,6.5
295708676,1,0,0,0
295723032,1,1,0.9,0.9
295726552,1,1,3.7,3.7
295759540,1,1,9.3,9.3
295809791,1,1,3.3,3.3
295832595,1,1,88.0,88.0
295872242,1,1,50.0,50.0
295883706,1,1,209.0,209.0
295885446,1,1,1.3,1.3
295931804,1,1,38.0,38.0
295931968,1,1,6.6,6.6
295941603,5,4,24.2,6.05
295981434,9,5,36.7,7.34
296088638,1,1,24.0,24.0
296106225,1,1,15.3,15.3
296121101,2,0,0,0
296138964,2,1,0.8,0.8
296139952,1,1,0.6,0.6
296141368,1,1,4.5,4.5
296153709,1,1,0.3,0.3
296188061,1,1,3.8,3.8
296207877,1,1,32.0,32.0
296212279,1,1,0.9,0.9
296222138,1,0,0,0
296225264,1,1,0.5,0.5
296254406,6,2,62.7,31.35
296260221,14,10,20.4,2.04
296283194,9,8,15.1,1.8875
296285114,1,1,113.0,113.0
296345822,1,1,0.9,0.9
296371285,1,1,41.0,41.0
296371794,1,1,1.3,1.3
296394954,1,1,2.2,2.2
296405510,1,1,1.0,1.0
296426951,2,2,15.1,7.55
296439514,6,3,80.9,26.9666666666667
296444878,2,1,1.1,1.1
296449198,1,1,63.0,63.0
296458459,1,1,26.0,26.0
296463465,1,1,1.4,1.4
296479717,1,1,0.5,0.5
296508653,1,1,2.0,2.0
296514965,1,1,0.4,0.4
296557510,1,1,4.9,4.9
296578913,1,0,0,0
296613851,1,0,0,0
296625428,1,1,0.6,0.6
296636469,4,0,0,0
296656295,4,4,4.3,1.075
296676579,1,1,3.9,3.9
296769824,3,3,24.4,8.13333333333333
296801388,1,1,61.0,61.0
296840195,1,1,10.7,10.7
296883501,1,1,5.0,5.0
296898457,1,1,22.0,22.0
296917506,1,1,46.0,46.0
296923200,2,2,28.9,14.45
296947026,1,1,4.4,4.4
296979815,8,7,609.1,87.0142857142857
296979942,1,0,0,0
297015894,4,0,0,0
297018299,1,1,8.1,8.1
297022016,1,1,0.5,0.5
297043863,1,1,0.2,0.2
297059619,7,3,122.7,40.9
297089707,1,1,1.0,1.0
297099122,2,1,12.7,12.7
297101826,2,0,0,0
297108494,1,0,0,0
297136903,1,1,1.4,1.4
297143782,1,1,0.4,0.4
297169314,1,1,0.8,0.8
297246490,1,1,1.7,1.7
297262910,1,1,2.3,2.3
297278471,1,1,1.6,1.6
297279953,2,2,96.6,48.3
297340487,7,4,3.4,0.85
297340678,1,1,1.0,1.0
297340723,1,1,19.3,19.3
297379779,2,2,17.2,8.6
297388936,1,1,1.6,1.6
297391224,1,1,0.3,0.3
297455922,1,1,7.1,7.1
297492378,1,1,12.1,12.1
297510921,20,9,9.5,1.05555555555556
297517705,4,4,23.5,5.875
297536213,1,1,0.8,0.8
297554632,1,1,1.0,1.0
297581476,1,1,11.3,11.3
297592267,1,0,0,0
297620161,5,4,3.9,0.975
297626426,1,1,1.5,1.5
297637533,1,1,5.7,5.7
297650024,12,7,62.3,8.9
297650159,7,2,2.1,1.05
297690673,4,3,34.8,11.6
297699756,3,3,130.5,43.5
297703228,1,1,8.3,8.3
297730803,1,1,76.0,76.0
297771026,1,1,1.1,1.1
297771244,1,1,2.6,2.6
297811211,3,3,44.7,14.9
297821985,1,1,6.9,6.9
297838495,1,1,0.4,0.4
297921685,1,1,3.2,3.2
297925945,1,1,118.0,118.0
297973869,1,0,0,0
297996370,1,1,27.0,27.0
298008741,1,1,42.0,42.0
298020652,1,0,0,0
298060523,1,0,0,0
298071662,1,1,0.2,0.2
298088734,1,1,120.0,120.0
298093863,1,1,0.8,0.8
298144216,1,1,27.0,27.0
298173249,1,1,0.5,0.5
298178235,7,4,65.5,16.375
298179648,4,4,19.8,4.95
298182105,1,1,17.7,17.7
298215805,1,0,0,0
298222970,11,3,202.7,67.5666666666667
298232692,1,1,0.2,0.2
298236235,1,1,18.3,18.3
298242221,3,2,12.0,6.0
298263185,1,1,4.8,4.8
298272852,1,1,0.3,0.3
298306205,3,2,82.0,41.0
298327915,2,2,186.4,93.2
298346862,1,1,3.9,3.9
298360007,1,1,4.6,4.6
298367684,1,1,2.9,2.9
298381887,1,1,87.0,87.0
298389371,3,2,237.6,118.8
298402690,1,1,5.4,5.4
298417849,1,1,2.9,2.9
298431593,4,3,8.4,2.8
298446224,2,1,21.0,21.0
298447605,1,1,125.0,125.0
298449280,1,1,156.0,156.0
298452474,1,1,5.3,5.3
298466854,1,1,35.0,35.0
298474942,1,0,0,0
298478157,1,1,3.7,3.7
298493475,10,7,80.2,11.4571428571429
298504348,1,1,0.2,0.2
298504730,2,1,0.2,0.2
298505728,1,1,5.0,5.0
298507313,1,1,0.4,0.4
298508104,1,1,4.0,4.0
298516674,1,1,0.7,0.7
298517436,1,1,1.9,1.9
298519243,1,1,0.4,0.4
298547051,4,3,36.6,12.2
298548515,1,1,3.8,3.8
298557690,1,1,41.0,41.0
298592139,3,2,47.4,23.7
298614625,1,1,8.0,8.0
298644485,1,0,0,0
298644721,2,2,3.9,1.95
298666122,1,1,19.0,19.0
298715051,13,4,63.9,15.975
298768275,1,1,1.2,1.2
298822624,1,1,29.0,29.0
298857855,1,1,0.2,0.2
298873670,1,1,5.5,5.5
298884520,8,5,1.6,0.32
298890193,5,5,36.7,7.34
298902962,3,2,5.1,2.55
298913000,1,1,1.0,1.0
298952330,1,0,0,0
298954577,1,1,12.9,12.9
298979438,1,1,73.0,73.0
299025375,2,1,0.3,0.3
299037840,3,2,2.4,1.2
299060755,5,2,100.9,50.45
299064114,1,1,0.1,0.1
299124379,1,1,1.2,1.2
299211913,3,2,9.6,4.8
299212897,2,2,1.6,0.8
299223802,1,1,5.4,5.4
299255319,1,1,0.1,0.1
299256191,1,1,71.0,71.0
299312201,1,1,18.8,18.8
299315042,1,1,11.8,11.8
299364834,1,1,0.2,0.2
299440710,1,1,3.2,3.2
299450273,1,1,1.4,1.4
299455273,1,1,4.2,4.2
299489226,1,1,1.1,1.1
299497567,3,3,45.2,15.0666666666667
299510506,3,2,16.6,8.3
299523550,1,1,0.2,0.2
299561228,1,1,28.0,28.0
299581299,2,1,1.8,1.8
299586690,1,0,0,0
299592766,1,1,3.6,3.6
299644153,2,1,2.8,2.8
299670894,1,1,3.9,3.9
299736416,1,1,7.7,7.7
299764859,1,1,133.0,133.0
299776839,1,1,9.0,9.0
299797806,1,1,96.0,96.0
299821244,1,1,0.5,0.5
299833291,1,1,142.0,142.0
299833904,1,1,14.1,14.1
299848257,2,2,3.7,1.85
299875252,1,1,0.8,0.8
299884217,1,1,46.0,46.0
299889828,2,0,0,0
299905842,1,1,28.0,28.0
299914260,1,1,83.0,83.0
299938570,1,1,2.9,2.9
299950927,1,1,4.2,4.2
299965727,1,1,115.0,115.0
299978094,1,1,126.0,126.0
299980746,1,1,317.0,317.0
299991818,5,3,2.2,0.733333333333333
300035772,1,1,8.0,8.0
300041052,1,1,1.2,1.2
300078123,1,1,0.4,0.4
300089223,1,1,65.0,65.0
300093855,1,1,180.0,180.0
300136813,4,3,42.5,14.1666666666667
300162650,1,1,60.0,60.0
300177729,1,1,2.7,2.7
300187751,1,1,1.0,1.0
300187809,1,1,0.8,0.8
300199064,1,1,2.1,2.1
300217861,1,1,9.7,9.7
300237358,1,1,3.5,3.5
300240653,1,1,1.0,1.0
300248088,2,2,1775.0,887.5
300254785,1,1,12.6,12.6
300271429,1,1,0.4,0.4
300292281,1,1,0.6,0.6
300305800,1,1,0.2,0.2
300345395,1,1,0.5,0.5
300412433,1,1,1.0,1.0
300416572,6,0,0,0
300444723,1,1,9.8,9.8
300449823,1,1,3.4,3.4
300454826,1,1,4.3,4.3
300488750,2,1,243.0,243.0
300513907,1,1,1.4,1.4
300516886,2,2,1.6,0.8
300518357,1,0,0,0
300534109,1,1,0.4,0.4
300538511,1,1,1.4,1.4
300589624,1,0,0,0
300601393,2,2,25.4,12.7
300620379,3,3,26.3,8.76666666666667
300631922,1,0,0,0
300643399,3,2,58.6,29.3
300645203,1,1,2.9,2.9
300655945,1,1,0.1,0.1
300658566,1,1,1.5,1.5
300669819,8,5,41.2,8.24
300708628,8,7,90.3,12.9
300729671,1,1,4.7,4.7
300757930,1,1,0.4,0.4
300759788,1,1,3.5,3.5
300806786,1,1,0.3,0.3
300877381,2,0,0,0
300885999,1,1,1.2,1.2
300892049,1,1,2.9,2.9
300899222,1,1,1.2,1.2
300928439,2,2,3.5,1.75
300938059,1,1,6.3,6.3
300944123,1,1,111.0,111.0
300974418,1,1,3.0,3.0
300985675,1,1,34.0,34.0
300991661,1,1,0.3,0.3
301004831,2,2,0.7,0.35
301005939,1,1,2.1,2.1
301037405,1,1,3.2,3.2
301047544,1,1,0.8,0.8
301063073,1,1,1.7,1.7
301070733,1,1,0.2,0.2
301087793,1,1,61.0,61.0
301099545,1,1,19.6,19.6
301110007,2,1,7.9,7.9
301117259,1,1,50.0,50.0
301168432,3,0,0,0
301183534,1,0,0,0
301189920,1,1,2.0,2.0
301190190,1,1,16.7,16.7
301201297,1,1,0.4,0.4
301230271,1,1,1.8,1.8
301243329,1,1,1.2,1.2
301249176,2,1,5.1,5.1
301253133,1,1,149.0,149.0
301274389,1,1,9.8,9.8
301299641,1,1,14.2,14.2
301340437,1,1,278.0,278.0
301355977,1,1,0.2,0.2
301411431,1,0,0,0
301432974,1,1,43.0,43.0
301445962,1,1,0.8,0.8
301472034,1,1,0.4,0.4
301477644,2,2,2.4,1.2
301478904,1,1,0.2,0.2
301506413,1,1,10.7,10.7
301555716,2,2,28.5,14.25
301568811,1,1,1.2,1.2
301589651,1,0,0,0
301610122,1,1,1.9,1.9
301613541,1,1,2.0,2.0
301635362,1,0,0,0
301656813,1,1,8.4,8.4
301733532,3,3,1.7,0.566666666666667
301737953,1,1,0.2,0.2
301745727,1,1,4.3,4.3
301776008,1,1,0.1,0.1
301796928,1,0,0,0
301801801,2,2,12.3,6.15
301805182,1,1,56.0,56.0
301814040,1,1,7.4,7.4
301883131,1,1,0.3,0.3
301910202,1,1,2.0,2.0
301915080,1,1,2.2,2.2
301935887,1,1,30.0,30.0
301987885,1,1,15.8,15.8
302004137,1,1,4.9,4.9
302054444,1,1,62.0,62.0
302084159,1,0,0,0
302089220,1,1,20.0,20.0
302111387,1,1,1.0,1.0
302160412,1,1,5.3,5.3
302166520,1,1,1.0,1.0
302186258,1,1,4.2,4.2
302228798,2,2,16.2,8.1
302237901,2,1,0.1,0.1
302253205,1,1,0.9,0.9
302328584,3,1,0.3,0.3
302341431,4,1,0.6,0.6
302345333,2,2,14.5,7.25
302363079,7,4,66.7,16.675
302365287,1,1,10.2,10.2
302378981,2,2,15.7,7.85
302387415,2,2,1.2,0.6
302394761,12,6,10.0,1.66666666666667
302396512,1,1,10.1,10.1
302437973,3,2,43.8,21.9
302442858,1,1,53.0,53.0
302465464,1,1,62.0,62.0
302472242,7,5,50.8,10.16
302477662,1,1,13.4,13.4
302482376,1,1,9.3,9.3
302533082,1,1,1.8,1.8
302545663,5,4,10.1,2.525
302553338,2,2,3.4,1.7
302555311,1,1,127.0,127.0
302563555,3,1,17.9,17.9
302573478,2,2,28.3,14.15
302575216,1,0,0,0
302606492,5,1,54.0,54.0
302614540,1,0,0,0
302642693,1,1,7.9,7.9
302647549,1,1,13.5,13.5
302652704,1,1,0.6,0.6
302665101,1,1,4.0,4.0
302665353,1,0,0,0
302684420,1,1,0.6,0.6
302708380,2,1,0.9,0.9
302711124,2,0,0,0
302742986,1,1,13.9,13.9
302813048,1,1,0.4,0.4
302823979,1,1,2.1,2.1
302857051,2,1,0.1,0.1
302883346,5,3,92.7,30.9
302916505,3,2,32.5,16.25
302918609,2,2,1.2,0.6
302930650,1,0,0,0
302942360,2,1,15.2,15.2
302955779,1,1,0.7,0.7
302980730,3,3,30.8,10.2666666666667
303007171,35,5,32.0,6.4
303010440,1,1,8.5,8.5
303012193,1,0,0,0
303024195,1,1,3.6,3.6
303032390,1,1,110.0,110.0
303061131,1,1,66.0,66.0
303077093,1,1,7.1,7.1
303090541,1,1,1.0,1.0
303105690,1,1,45.0,45.0
303122483,2,2,4.0,2.0
303128637,3,1,13.0,13.0
303129589,19,6,2.9,0.483333333333333
303252325,4,0,0,0
303269114,1,1,67.0,67.0
303274061,2,1,2.3,2.3
303300985,1,1,56.0,56.0
303311021,1,1,0.9,0.9
303315809,1,1,10.5,10.5
303320631,1,1,0.4,0.4
303322239,1,1,2.0,2.0
303325128,1,1,42.0,42.0
303326013,2,2,29.2,14.6
303345566,1,1,8.8,8.8
303398143,1,1,23.0,23.0
303413869,1,1,5.9,5.9
303426048,2,2,35.5,17.75
303442756,10,0,0,0
303456254,1,1,22.0,22.0
303465665,1,1,4.5,4.5
303467308,7,2,4.2,2.1
303486706,1,1,35.0,35.0
303525289,8,5,19.3,3.86
303615424,2,2,2.4,1.2
303627886,1,1,1.0,1.0
303665569,1,1,0.2,0.2
303669225,1,0,0,0
303693006,1,1,6.9,6.9
303712259,1,1,3.8,3.8
303750703,1,1,0.7,0.7
303789064,4,3,2.9,0.966666666666667
303789257,2,2,1.1,0.55
303832667,1,1,6.1,6.1
303846149,1,1,7.6,7.6
303854541,3,2,0.9,0.45
303870889,1,1,29.0,29.0
303871659,1,1,0.2,0.2
303883231,1,1,41.0,41.0
303906239,2,1,0.4,0.4
303918601,2,1,22.0,22.0
303951866,2,2,0.7,0.35
303962685,1,1,4.8,4.8
303986455,1,1,1.5,1.5
304032401,1,1,72.0,72.0
304037281,2,2,1.0,0.5
304056467,1,1,22.0,22.0
304062371,1,1,35.0,35.0
304081461,9,3,4.7,1.56666666666667
304084564,1,1,0.9,0.9
304107339,2,2,109.6,54.8
304213220,2,1,55.0,55.0
304215530,2,2,4.7,2.35
304222866,1,1,1.6,1.6
304224083,3,2,15.8,7.9
304236660,1,1,1.0,1.0
304251785,1,1,2.5,2.5
304265629,2,2,3.1,1.55
304294579,1,0,0,0
304312065,1,1,0.6,0.6
304353788,2,2,8.6,4.3
304358859,1,1,14.5,14.5
304395604,1,1,6.3,6.3
304396588,3,1,12.9,12.9
304403687,1,1,0.8,0.8
304435173,1,1,13.1,13.1
304467587,1,0,0,0
304497512,1,1,23.0,23.0
304497842,1,1,1.6,1.6
304539641,1,1,30.0,30.0
304674551,1,1,1.2,1.2
304744338,1,0,0,0
304788598,1,1,0.7,0.7
304834885,3,2,15.3,7.65
304848876,3,1,42.0,42.0
304908910,1,1,9.3,9.3
304912866,1,1,21.0,21.0
304971849,14,8,21.2,2.65
305014808,1,1,6.9,6.9
305019410,1,0,0,0
305037794,1,1,11.2,11.2
305086197,1,1,2.0,2.0
305093062,1,1,1.2,1.2
305130721,2,1,0.1,0.1
305190256,4,3,52.7,17.5666666666667
305242867,1,1,0.5,0.5
305303802,3,1,0.6,0.6
305390769,3,2,1.7,0.85
305417173,1,1,3.8,3.8
305552753,1,1,0.6,0.6
305575697,1,0,0,0
305580641,1,1,3.6,3.6
305676867,1,1,1.3,1.3
305697665,1,1,30.0,30.0
305808638,1,1,81.0,81.0
305835588,1,0,0,0
305889009,1,1,15.7,15.7
305912574,2,2,22.4,11.2
305993961,2,1,0.1,0.1
306041509,1,1,1.5,1.5
306042038,4,3,1.6,0.533333333333333
306162738,1,1,0.3,0.3
306167161,1,1,0.3,0.3
306298588,1,1,2.6,2.6
306358885,1,1,0.3,0.3
306375195,1,1,0.4,0.4
306547522,7,4,8.1,2.025
306592834,1,0,0,0
306617101,2,1,82.0,82.0
306636026,1,0,0,0
306690580,4,1,20.0,20.0
306778978,1,0,0,0
306839937,1,1,7.9,7.9
306860604,1,0,0,0
306893799,1,1,47.0,47.0
306931395,1,1,0.5,0.5
306950369,1,1,0.6,0.6
306955075,1,1,48.0,48.0
306957991,1,1,2.3,2.3
306971738,7,6,8.7,1.45
306993682,4,2,15.6,7.8
307038639,1,1,2.5,2.5
307057657,1,0,0,0
307062543,1,1,21.0,21.0
307181486,1,1,42.0,42.0
307186538,1,1,3.1,3.1
307232663,1,1,36.0,36.0
307233796,1,1,0.3,0.3
307239317,1,1,0.7,0.7
307242646,1,1,4.8,4.8
307269300,1,1,0.3,0.3
307288211,2,2,37.9,18.95
307351018,3,1,15.4,15.4
307389446,1,0,0,0
307519874,1,1,1.8,1.8
307541221,1,1,0.2,0.2
307597897,1,1,1.1,1.1
307631446,1,1,14.2,14.2
307639284,1,1,16.2,16.2
307663333,1,0,0,0
307671219,1,1,0.6,0.6
307674833,2,2,1.3,0.65
307688442,3,2,65.3,32.65
307701164,1,1,0.9,0.9
307704705,1,1,3.2,3.2
307705649,1,1,0.8,0.8
307708163,1,1,0.7,0.7
307729778,2,0,0,0
307750400,1,1,0.9,0.9
307788609,1,1,14.9,14.9
307846753,1,1,25.0,25.0
307879703,1,1,1.9,1.9
307886547,1,1,36.0,36.0
307901099,1,1,0.2,0.2
307915393,3,2,16.4,8.2
307949159,1,0,0,0
307998745,1,1,0.3,0.3
308098481,1,1,8.7,8.7
308100652,1,1,0.2,0.2
308101403,2,1,23.0,23.0
308114190,1,1,2.5,2.5
308118796,1,1,0.9,0.9
308122123,1,1,6.9,6.9
308161513,1,1,0.6,0.6
308165484,1,1,0.5,0.5
308178753,1,1,14.6,14.6
308202228,1,1,24.0,24.0
308220794,1,1,1.7,1.7
308221775,1,1,2.4,2.4
308238255,1,1,18.1,18.1
308280913,1,1,2.3,2.3
308305300,3,2,2.1,1.05
308309772,1,1,7.1,7.1
308327488,1,0,0,0
308362795,1,1,0.9,0.9
308378702,1,1,9.8,9.8
308402974,2,2,2.2,1.1
308406683,1,1,3.6,3.6
308440565,1,1,4.9,4.9
308452993,1,1,7.0,7.0
308459721,1,1,1.3,1.3
308468736,3,2,1.3,0.65
308503685,1,1,12.3,12.3
308563852,1,1,8.4,8.4
308615060,1,1,0.8,0.8
308638385,1,1,37.0,37.0
308653033,2,1,0.6,0.6
308691324,1,1,3.1,3.1
308692673,1,1,2.9,2.9
308695132,4,4,11.1,2.775
308760273,3,3,2.1,0.7
308770654,1,1,0.8,0.8
308819212,1,1,6.4,6.4
308851352,1,0,0,0
308851621,1,1,36.0,36.0
308880998,1,1,0.6,0.6
308894258,1,1,2.1,2.1
308925132,1,1,3.8,3.8
308925147,1,0,0,0
308940605,1,1,5.8,5.8
308954355,1,1,4.1,4.1
308970742,1,1,0.6,0.6
308971716,1,1,1.3,1.3
308997600,1,1,5.1,5.1
309038666,1,1,2.3,2.3
309052991,3,2,0.9,0.45
309058572,1,1,5.2,5.2
309107542,1,1,6.7,6.7
309138595,1,1,0.8,0.8
309167186,1,1,1.1,1.1
309181805,2,1,3.2,3.2
309188905,2,2,6.9,3.45
309213952,1,1,13.8,13.8
309216884,1,1,4.0,4.0
309228590,1,1,0.3,0.3
309255941,1,1,5.7,5.7
309262440,3,1,1.2,1.2
309265377,2,2,2.8,1.4
309375103,1,0,0,0
309404240,5,5,18.4,3.68
309434439,1,1,0.8,0.8
309554670,1,1,5.9,5.9
309626088,1,1,6.7,6.7
309812026,2,0,0,0
309824202,1,1,0.7,0.7
309903146,1,1,0.2,0.2
