game,total_purchasers,purchased_and_played,conversion_rate
"007 Legends",1,1,100.0
0RBITALIS,3,3,100.0
"10,000,000",1,1,100.0
"15 Days",1,1,100.0
"1701 A.D. Sunken Dragon",1,1,100.0
"1953 NATO vs Warsaw Pact",1,1,100.0
1Quest,1,1,100.0
"3 Stars of Destiny",1,1,100.0
"3089 -- Futuristic Action RPG",1,1,100.0
"3D Mini Golf",1,1,100.0
3DMark,18,18,100.0
"3DMark 11",1,1,100.0
"3DMark Vantage",1,1,100.0
"4 Elements",4,4,100.0
"500 Years Act 1",1,1,100.0
"9 Clues 2 The Ward",1,1,100.0
"A.R.E.S. Extinction Agenda EX",1,1,100.0
"AKIBA'S TRIP Undead & Undressed",2,2,100.0
APOX,1,1,100.0
"Abandoned Chestnut Lodge Asylum",1,1,100.0
Abducted,1,1,100.0
"Absolute Drift",3,3,100.0
Achron,3,3,100.0
"Action! - Gameplay Recording and Streaming",3,3,100.0
"Actual Sunlight",1,1,100.0
"Adventure Chronicles The Search For Lost Treasure",1,1,100.0
"Adventure Park",1,1,100.0
"Adventure Time  Explore the Dungeon Because I DONT KNOW!",1,1,100.0
"Adventures of Bertram Fiddle Episode 1 A Dreadly Business",1,1,100.0
"Aeon Command",3,3,100.0
"Afterfall InSanity - Dirty Arena Edition",2,2,100.0
"Afterlife Empire",1,1,100.0
"Age of Chivalry",58,58,100.0
"Aion Collectors Edition",1,1,100.0
"Air Brawl",2,2,100.0
"Airline Tycoon Deluxe",1,1,100.0
"Airport Madness World Edition",1,1,100.0
"Akaneiro Demon Hunters",1,1,100.0
Akuatica,1,1,100.0
"Albino Lullaby Episode 1",1,1,100.0
"Alex Hunter - Lord of the Mind",1,1,100.0
"Alien Shooter Revisited",1,1,100.0
"Alien Shooter Vengeance",3,3,100.0
"Alien Swarm",289,289,100.0
"Alter World",1,1,100.0
"Amazing Adventures Around the World",1,1,100.0
"Amazing Adventures The Lost Tomb",1,1,100.0
"Amazing Princess Sarah",1,1,100.0
"Amnesia Memories",2,2,100.0
"An Assassin in Orlandes",1,1,100.0
"Ancient Planet",1,1,100.0
"Angels Fall First",3,3,100.0
"Angry Birds Space",1,1,100.0
Angvik,1,1,100.0
"Anna's Quest",2,2,100.0
"Anno 2205",1,1,100.0
Apollo4x,1,1,100.0
Apotheon,5,5,100.0
"Aqua Kitty - Milk Mine Defender",2,2,100.0
"Arcane Worlds",1,1,100.0
"Armada 2526",3,3,100.0
Armello,2,2,100.0
Armikrog,1,1,100.0
"ArtRage Studio Pro",1,1,100.0
"Assassin's Creed Syndicate",3,3,100.0
"Assault Android Cactus",2,2,100.0
Asteria,1,1,100.0
"Asteroids Outpost",1,1,100.0
"Audiosurf 2",7,7,100.0
"Aura Fate of the Ages",3,3,100.0
"Autobahn Police Simulator",2,2,100.0
Autocraft,1,1,100.0
"Automation - The Car Company Tycoon Game",2,2,100.0
"Azure Striker Gunvolt",1,1,100.0
B.U.T.T.O.N.,1,1,100.0
"BAD END",1,1,100.0
"Babel Rising",2,2,100.0
"Ballad of Solar",1,1,100.0
"Bard's Gold",1,1,100.0
"Battle Academy",1,1,100.0
"Battle Academy 2 Eastern Front",1,1,100.0
"Battle Brothers",1,1,100.0
"Battle Los Angeles",1,1,100.0
"Battle of Empires  1914-1918",3,3,100.0
"Battleplan American Civil War",1,1,100.0
"Beast Boxing Turbo",2,2,100.0
"Beasts of Prey",4,4,100.0
Bedlam,1,1,100.0
"Bejeweled 2 Deluxe",3,3,100.0
"Bejeweled Deluxe",1,1,100.0
"Better Late Than DEAD",1,1,100.0
"Bientt l't",1,1,100.0
"Big Brain Wolf",2,2,100.0
"Big Money! Deluxe",1,1,100.0
"Big Pharma",3,3,100.0
"Black Ice",1,1,100.0
"Black Ink",3,3,100.0
"Blacklight Tango Down",2,2,100.0
"Blitzkrieg 2 Anthology",3,3,100.0
"Block Story",1,1,100.0
Blockscape,1,1,100.0
"Blood Bowl 2",6,6,100.0
"Blood One Unit Whole Blood",3,3,100.0
"BloodLust Shadowhunter",1,1,100.0
"Bloodbath Kavkaz",1,1,100.0
"Bloody Trapland",13,13,100.0
"Bloons TD5",8,8,100.0
"Blue Rose",1,1,100.0
"Bob Came in Pieces",4,4,100.0
"Bob Was Hungry",2,2,100.0
"Boo Bunny Plague",1,1,100.0
"BookWorm Adventures Volume 2",2,2,100.0
"Booster Trooper",3,3,100.0
"Borderless Gaming",1,1,100.0
"Boson X",6,6,100.0
Breezeblox,1,1,100.0
"Broken Sword 4 - the Angel of Death",1,1,100.0
"Buccaneer The Pursuit of Infamy",1,1,100.0
Build-A-Lot,1,1,100.0
"Build-A-Lot 2",1,1,100.0
"Build-A-Lot 4",1,1,100.0
"Bullet Heaven 2",1,1,100.0
"Buzz Aldrin's Space Program Manager",1,1,100.0
"CAFE 0 ~The Drowned Mermaid~",1,1,100.0
"CID The Dummy",1,1,100.0
CRYENGINE,1,1,100.0
CRYPTARK,1,1,100.0
"Cabela's African Adventures",1,1,100.0
"Cabela's Dangerous Hunts 2013",1,1,100.0
"Cabela's Hunting Expeditions",1,1,100.0
"Cabelas Trophy Bucks",1,1,100.0
"Call of Juarez The Cartel",16,16,100.0
"Call to Arms",3,3,100.0
"CameraBag 2",1,1,100.0
"Cannon Brawl",3,3,100.0
"Captain Forever Remix",1,1,100.0
"Car Mechanic Simulator 2015",13,13,100.0
Caribbean!,1,1,100.0
"Carnage Racing",1,1,100.0
"Cast of the Seven Godsends",1,1,100.0
"Castaway Paradise",1,1,100.0
"Castle In The Darkness",1,1,100.0
"Castle Never Judge a Book by its Cover",1,1,100.0
"Castle of Illusion",1,1,100.0
"Catmouth Island",1,1,100.0
"Chainsaw Warrior",2,2,100.0
"Chainsaw Warrior Lords of the Night",2,2,100.0
"Championship Manager 2008",1,1,100.0
"Championship Manager 2010",1,1,100.0
Chessmaster,1,1,100.0
"Chip's Challenge 2",1,1,100.0
"Chocolatier Decadence by Design",1,1,100.0
"Choice Chamber",1,1,100.0
"Choice of Robots",1,1,100.0
"Choice of the Deathless",1,1,100.0
"Chris Sawyer's Locomotion",1,1,100.0
"Chronicles of a Dark Lord Episode 1 Tides of Fate Complete",2,2,100.0
"Chuzzle Deluxe",1,1,100.0
Citadels,1,1,100.0
"Cities XL",2,2,100.0
"Civil War II",1,1,100.0
"Clash of Puppets",1,1,100.0
"Clockwork Empires",1,1,100.0
"Clockwork Tales Of Glass and Ink",3,3,100.0
"Close Combat - Gateway to Caen",1,1,100.0
"Cloud Chamber",1,1,100.0
"Cloudberry Kingdom",1,1,100.0
"Cloudy with a Chance of Meatballs",1,1,100.0
"Codename Gordon",11,11,100.0
"Codename Panzers - Cold War",2,2,100.0
"Coffin Dodgers",4,4,100.0
Collapse,2,2,100.0
"Colonial Conquest",1,1,100.0
"Comanche 4",1,1,100.0
"Commander Conquest of the Americas",5,5,100.0
"Community College Hero Trial by Fire",1,1,100.0
Coniclysm,1,1,100.0
"Constant C",1,1,100.0
Convoy,2,2,100.0
Cosmonautica,3,3,100.0
Cosmophony,1,1,100.0
Cradle,3,3,100.0
Crawl,1,1,100.0
CreaVures,1,1,100.0
"Creeper World 3 Arc Eternal",4,4,100.0
"Cricket Captain 2014",2,2,100.0
"Critter Crunch",1,1,100.0
"Crusaders Thy Kingdom Come",1,1,100.0
"Crysis 2",7,7,100.0
Cubot,1,1,100.0
"Cultures - Northland",1,1,100.0
Cyto,1,1,100.0
"D.I.P.R.I.P. Warm Up",14,14,100.0
D.U.S.T.,1,1,100.0
"D4 Dark Dreams Don't Die",1,1,100.0
"DC Universe Online",154,154,100.0
"DCS Black Shark",1,1,100.0
"Damnation City of Death",1,1,100.0
"Dangerous High School Girls in Trouble!",2,2,100.0
"Dangerous Waters",1,1,100.0
"Dark Arcana The Carnival",2,2,100.0
"Dark Echo",1,1,100.0
DarkEnd,1,1,100.0
Darkstone,1,1,100.0
Daylight,3,3,100.0
"Dead Mountaineer's Hotel",1,1,100.0
"Dead State",2,2,100.0
"Dead or Alive 5 Last Round",1,1,100.0
"Death Skid Marks",1,1,100.0
Deathtrap,2,2,100.0
"Delta Force 2",1,1,100.0
"Dementium II HD",3,3,100.0
"Demon Hunter Chronicles from Beyond",1,1,100.0
"Depths of Peril",1,1,100.0
Descent,3,3,100.0
"Descent 2",2,2,100.0
"Desktop Dungeons",3,3,100.0
"Desperados - Wanted Dead or Alive",2,2,100.0
"Devil May Cry 4 Special Edition",3,3,100.0
"Diamond Dan",1,1,100.0
"Diaper Dash",1,1,100.0
"Diner Dash Hometown Hero",1,1,100.0
"DinerTown Tycoon",1,1,100.0
"Disciples Sacred Lands Gold",1,1,100.0
"Disney Infinity 2.0",1,1,100.0
"Distant Worlds Universe",1,1,100.0
"Dive to the Titanic",1,1,100.0
"Divinity II - Ego Draconis",2,2,100.0
"Doctor Who The Eternity Clock",2,2,100.0
Dodge,1,1,100.0
"Dominions 4",2,2,100.0
"Don Bradman Cricket 14",1,1,100.0
"Doodle God",1,1,100.0
"Dota 2",4841,4841,100.0
"Down To One",1,1,100.0
"Draconian Wars",1,1,100.0
"Dragon Age II",5,5,100.0
"Dragon Age Origins Character Creator",8,8,100.0
"Dragon The Game",1,1,100.0
"Dragon's Lair 2 Time Warp",1,1,100.0
"Drawn The Painted Tower",1,1,100.0
Droplitz,8,8,100.0
"Duck Dynasty",1,1,100.0
"Duck Game",7,7,100.0
"Dungeon Souls",2,2,100.0
"Dungeons & Dragons Daggerdale",6,6,100.0
"Dungeons 2",6,6,100.0
"Dustoff Heli Rescue",1,1,100.0
"Dynasty Warriors 8 - Empires",2,2,100.0
"Dynomite! Deluxe",1,1,100.0
"Dysan the Shapeshifter",1,1,100.0
ENKI,1,1,100.0
"East India Company Pirate Bay",1,1,100.0
"East India Company Privateer",1,1,100.0
"Eastside Hockey Manager",1,1,100.0
"Eaten Alive",1,1,100.0
Echelon,1,1,100.0
"Echo of the Wilds",1,1,100.0
"Eden Star  Destroy - Build - Protect",3,3,100.0
"Electronic Super Joy",8,8,100.0
Eleusis,1,1,100.0
"Else Heart.Break()",1,1,100.0
"Emergency 2012",1,1,100.0
"Emergency 2013",2,2,100.0
"Emergency 5 - Deluxe Edition",1,1,100.0
Empires,5,5,100.0
"Empyrion - Galactic Survival",7,7,100.0
"Enemy Front",5,5,100.0
"Enforcer Police Crime Action",3,3,100.0
"Enigmatis The Ghosts of Maple Creek",2,2,100.0
"Environmental Station Alpha",1,1,100.0
Eradicator,1,1,100.0
"Escape Goat",3,3,100.0
"Eschalon Book 1",1,1,100.0
"Estranged Act I",12,12,100.0
"Eternal Silence",10,10,100.0
"European Ship Simulator",1,1,100.0
"EverQuest Secrets of Faydwer",1,1,100.0
"EverQuest Seeds of Destruction",1,1,100.0
"Everyday Genius SquareLogic",1,1,100.0
"Evochron Mercenary",5,5,100.0
Evolve,34,34,100.0
"Executive Assault",1,1,100.0
"F1 2010",6,6,100.0
"F1 2014",8,8,100.0
"F1 Race Stars",4,4,100.0
"FIFA Manager 09",1,1,100.0
"FIFA Manager 11",1,1,100.0
FLOCK!,1,1,100.0
FRONTIERS,1,1,100.0
"FX Football - The Manager for Every Football Fan",3,3,100.0
FaceRig,13,13,100.0
"Fading Hearts",2,2,100.0
"Fair Strike",1,1,100.0
"Fairy Tale Mysteries The Puppet Thief Collector's Edition",1,1,100.0
"Fall of the New Age Premium Edition",1,1,100.0
"Fallen Enchantress",4,4,100.0
"Family Guy Back to the Multiverse",1,1,100.0
"Fancy Skulls",2,2,100.0
"Farlight Explorers",1,1,100.0
"Farm for your Life",2,2,100.0
"Farming Giant",1,1,100.0
"Farming Simulator 2011",8,8,100.0
"Fast & Furious Showdown",1,1,100.0
"Fatty Maze's Adventures",1,1,100.0
"Fiends of Imprisonment",1,1,100.0
"Final Hours of Titanfall",1,1,100.0
"Final Slam 2",1,1,100.0
Fingered,4,4,100.0
"Finn and Jake's Epic Quest",1,1,100.0
Fire,1,1,100.0
Flashback,1,1,100.0
"Flower Shop Winter In Fairbrook",2,2,100.0
"Folk Tale",4,4,100.0
"FootLOL Epic Fail League",6,6,100.0
"Football Manager 2013",104,104,100.0
"Football Manager 2016",27,27,100.0
"Football Tactics",1,1,100.0
"Ford Racing 3",1,1,100.0
"Foreign Legion Buckets of Blood",5,5,100.0
"Foreign Legion Multi Massacre",1,1,100.0
"Formula Fusion",1,1,100.0
"Franchise Hockey Manager 2",1,1,100.0
"Franchise Hockey Manager 2014",3,3,100.0
"Freight Tycoon Inc.",1,1,100.0
"Fritz Chess 14",1,1,100.0
"From The Depths",2,2,100.0
GALAK-Z,2,2,100.0
"GUILTY GEAR XX ACCENT CORE PLUS R",1,1,100.0
"Game Dev Tycoon",71,71,100.0
"GameMaker Studio",26,26,100.0
GamersGoMakers,1,1,100.0
Gaokao.Love.100Days,2,2,100.0
Gateways,1,1,100.0
"Gemini Wars",2,2,100.0
"GestureWorks Gameplay",1,1,100.0
"Ghost Encounters Deadwood - Collector's Edition",1,1,100.0
"Ghost in the Shell Stand Alone Complex First Assault Online",2,2,100.0
"Ghostbusters Sanctum of Slime",1,1,100.0
"Global Agenda - Beta",1,1,100.0
"Governor of Poker 2 Premium Edition",1,1,100.0
"Grand Ages Medieval",3,3,100.0
"Grand Class Melee 2",1,1,100.0
"Gravity Ghost",1,1,100.0
"Grey Goo",12,12,100.0
"Grey's Anatomy The Video Game",1,1,100.0
"Grim Legends 2 Song of the Dark Swan",1,1,100.0
"Guild Commander",1,1,100.0
"Guilty Gear Isuka",1,1,100.0
GunWorld,1,1,100.0
"Gunslugs 2",1,1,100.0
"Gunspell Steam Edition",1,1,100.0
HELLDIVERS,6,6,100.0
"Hard Truck Apocalypse / Ex Machina",1,1,100.0
Hardland,1,1,100.0
"Harvest Massive Encounter",3,3,100.0
Hatred,7,7,100.0
"Haunt the House Terrortown",2,2,100.0
Haunted,1,1,100.0
"Haunted House",1,1,100.0
"Heavy Bullets",2,2,100.0
"Hegemony Gold Wars of Ancient Greece",2,2,100.0
"Hegemony III Clash of the Ancients",1,1,100.0
"Hegemony Philip of Macedon",1,1,100.0
"Hegemony Rome The Rise of Caesar",1,1,100.0
"Hello Kitty and Sanrio Friends Racing",1,1,100.0
"Heroes Over Europe",1,1,100.0
"Heroes and Titans Online",1,1,100.0
"Heroes of a Broken Land",1,1,100.0
"Hidden Object Bundle 4 in 1",1,1,100.0
"Higurashi When They Cry - Ch.1 Onikakushi",1,1,100.0
"Hollywood Visionary",2,2,100.0
"Holy Potatoes! A Weapon Shop?!",4,4,100.0
"Homebrew - Vehicle Sandbox",1,1,100.0
Hook,1,1,100.0
"Horizon Shift",1,1,100.0
"Hotel Dash",1,1,100.0
"Hotel Giant 2",1,1,100.0
Hurtworld,9,9,100.0
I-Fluid,1,1,100.0
INK,1,1,100.0
"Ice Age Continental Drift Arctic Games",1,1,100.0
Ikaruga,2,2,100.0
"Imagine Earth",1,1,100.0
"Immortal Empire",2,2,100.0
Immune,1,1,100.0
"Industry Giant 2",1,1,100.0
"Infect and Destroy",1,1,100.0
Infinifactory,2,2,100.0
"Insane 2",1,1,100.0
"Inside The Gear",1,1,100.0
"Inside a Star-filled Sky ",1,1,100.0
"Insurgency Modern Infantry Combat",67,67,100.0
"Introduction to 3D Prop Modeling and Design - Viking Armor and Weapons",1,1,100.0
"Invisible, Inc.",9,9,100.0
Ironcast,1,1,100.0
"Island Flight Simulator",1,1,100.0
"Jack Keane",1,1,100.0
"Jacob Jones and the Bigfoot Mystery  Episode 2",1,1,100.0
"Jagged Alliance Flashback",2,2,100.0
"Jets'n'Guns Gold",2,2,100.0
"Joe Danger",3,3,100.0
"Journey Of The Light",2,2,100.0
Jumpdrive,1,1,100.0
"Just Cause 2 Multiplayer Mod",86,86,100.0
"Just Cause 3",15,15,100.0
KHOLAT,2,2,100.0
KWAAN,1,1,100.0
"Karate Master 2 Knock Down Blow",1,1,100.0
Kidnapped,2,2,100.0
"Kill Fun Yeah",1,1,100.0
"Killing Floor Beta",1,1,100.0
"Kinetic Void",3,3,100.0
"King of Dragon Pass",1,1,100.0
"King's Quest",3,3,100.0
Kingdom,4,4,100.0
"Kingdom Tales 2",2,2,100.0
Kingdoms,1,1,100.0
"Kingdoms Rise",2,2,100.0
"Kings of Kung Fu",1,1,100.0
"Knightmare Tower",1,1,100.0
"Kohan II Kings of War",1,1,100.0
"Kohan Immortal Sovereigns",1,1,100.0
"Korwin The Game",1,1,100.0
Kuros,1,1,100.0
"LA Cops",1,1,100.0
"LEGO Jurassic World",7,7,100.0
"LEVEL 22",1,1,100.0
"Lakeview Cabin Collection",4,4,100.0
Landmark,5,5,100.0
"Last Knight Rogue Rider Edition",1,1,100.0
"Left in the Dark No One on Board",2,2,100.0
"Legend of Fae",1,1,100.0
"Legends of Eisenwald",2,2,100.0
"Legends of Pegasus",3,3,100.0
"Leo's Fortune",1,1,100.0
"Life is Feudal Your Own",13,13,100.0
"Life is Hard",1,1,100.0
"Life of Pixel",1,1,100.0
"Lili Child of Geos",1,1,100.0
"Little Big Adventure 2",1,1,100.0
"Little Farm",1,1,100.0
"Lords of Magic Special Edition",1,1,100.0
"Lords of the Black Sun",3,3,100.0
"Lords of the Realm II",1,1,100.0
"Lost Horizon",3,3,100.0
"Lost Planet Extreme Condition - Colonies Edition",2,2,100.0
Lucidity,1,1,100.0
Lumines,1,1,100.0
"Lunch Truck Tycoon",1,1,100.0
"MASSIVE CHALICE",4,4,100.0
MDK,1,1,100.0
"MX vs. ATV Supercross Encore",1,1,100.0
"Magic The Gathering - Duels of the Planeswalkers 2013",18,18,100.0
"Magicka Wizards of the Square Tablet",1,1,100.0
Manyland,1,1,100.0
"Mars Colony Challenger",1,1,100.0
"Max and the Magic Marker",1,1,100.0
"Memento Mori 2",1,1,100.0
"Mensa Academy",2,2,100.0
"Metaverse Construction Kit",3,3,100.0
"Microsoft Flight",2,2,100.0
"Midnight Mysteries 3 Devil on the Mississippi",2,2,100.0
"Midnight Mysteries 4 Haunted Houdini",2,2,100.0
"Midnight Mysteries Salem Witch Trials",2,2,100.0
"Might & Magic Heroes VII ",4,4,100.0
"Millennium - A New Hope",1,1,100.0
"Mind Path to Thalamus Enhanced Edition",3,3,100.0
"Minecraft Story Mode - A Telltale Games Series",7,7,100.0
Minimon,1,1,100.0
"Mission Control NanoMech",1,1,100.0
"MoW Face Off XL",2,2,100.0
Monochroma,1,1,100.0
Monopoly,4,4,100.0
"Mordheim City of the Damned",2,2,100.0
"Mortal Kombat X",38,38,100.0
MotoGP13,1,1,100.0
MotoGP14,2,2,100.0
Motorbike,1,1,100.0
"Mountain Crime Requital",1,1,100.0
"Movie Studio 13 Platinum - Steam Powered",1,1,100.0
"Mr. Bree+",1,1,100.0
"Mushroom 11",1,1,100.0
"Music Creator 6 Touch",1,1,100.0
"Mystery P.I. The Lottery Ticket",2,2,100.0
"Mystery PI The Vegas Heist",2,2,100.0
"Mystery of Neuschwanstein",1,1,100.0
"NASCAR The Game 2013",1,1,100.0
"NEKOPARA Vol. 1",9,9,100.0
"NOBUNAGA'S AMBITION Kakushin with Power Up Kit",1,1,100.0
"NOBUNAGA'S AMBITION Sphere of Influence",3,3,100.0
"NOT A HERO",3,3,100.0
"Nail'd",5,5,100.0
"Nancy Drew Alibi in Ashes",1,1,100.0
"Nancy Drew Ghost Dogs of Moon Lake ",2,2,100.0
"Nancy Drew Ghost of Thornton Hall",2,2,100.0
"Nancy Drew The Captive Curse",1,1,100.0
"Nancy Drew The Creature of Kapu Cave",1,1,100.0
"Nancy Drew The Deadly Device",2,2,100.0
"Nancy Drew The Haunted Carousel",1,1,100.0
"Nancy Drew Tomb of the Lost Queen",2,2,100.0
"Narco Terror",1,1,100.0
"Necronomicon The Dawning of Darkness",1,1,100.0
Nevermind,1,1,100.0
"New Star Soccer 5",1,1,100.0
"Night Mysteries The Amphora Prisoner",1,1,100.0
"NightShift Code",1,1,100.0
"Nimble Writer",1,1,100.0
"Ninja Reflex Steamworks Edition",2,2,100.0
"Nobunaga's Ambition Souzou with Power Up Kit",3,3,100.0
"Noir Syndrome",2,2,100.0
"Nom Nom Galaxy",1,1,100.0
"Nostradamus The Last Prophecy",1,1,100.0
"Nuclear Throne",11,11,100.0
"OCEAN CITY RACING",1,1,100.0
"OMSI 2",5,5,100.0
Obludia,1,1,100.0
"Obscure 2",1,1,100.0
"Oceanhorn Monster of Uncharted Seas",1,1,100.0
"Of Guards And Thieves",2,2,100.0
"Offworld Trading Company",6,6,100.0
Oh...Sir!,1,1,100.0
"One Late Night Deadline",1,1,100.0
"One Night",1,1,100.0
"Onimusha 3 Demon Siege",1,1,100.0
"Operation Z",1,1,100.0
"Order of War Challenge",1,1,100.0
"Out There  Edition",3,3,100.0
"Out of the Park Baseball 16",2,2,100.0
"Outcast 1.1",2,2,100.0
"Over the Dream",1,1,100.0
"PC Gamer",6,6,100.0
"PT Boats Knights of the Sea",1,1,100.0
"PT Boats South Gambit",1,1,100.0
"Pandora First Contact",2,2,100.0
"Panzer Corps",2,2,100.0
"Panzer Tactics HD",1,1,100.0
Parcel,1,1,100.0
Perpetuum,4,4,100.0
"Petz Horsez 2",1,1,100.0
"Pixel Space",1,1,100.0
"PixelJunk Shooter Ultimate",1,1,100.0
"Planet Explorers",12,12,100.0
"Planet of the Eyes",1,1,100.0
Planetbase,8,8,100.0
"Please, Dont Touch Anything",2,2,100.0
"Point Perfect",1,1,100.0
"Poly Bridge",12,12,100.0
"Portal of Evil Stolen Runes Collector's Edition",1,1,100.0
"Pound of Ground",1,1,100.0
"Pretty Girls Mahjong Solitaire",1,1,100.0
"Primal Carnage Extinction",7,7,100.0
"Prison Tycoon 3 Lockdown",1,1,100.0
"Pro Cycling Manager 2013",3,3,100.0
"Pro Cycling Manager 2014",2,2,100.0
"Pro Evolution Soccer 2013",1,1,100.0
"Pro Evolution Soccer 2014",3,3,100.0
"Pro Evolution Soccer 2015",12,12,100.0
"Pro Evolution Soccer 2016",3,3,100.0
"Pro Rugby Manager 2015",1,1,100.0
"Project AURA",1,1,100.0
"Psycho Starship Rampage",1,1,100.0
"Putt-Putt Joins the Circus",1,1,100.0
"Putt-Putt Saves the Zoo",1,1,100.0
"Puzzle Chronicles",1,1,100.0
"Puzzle Quest 2",1,1,100.0
"Puzzle Quest Galactrix",1,1,100.0
Pyroblazer,1,1,100.0
"Quantum of Solace",2,2,100.0
"Quarries of Scred",1,1,100.0
"R.B.I. Baseball 15",1,1,100.0
RECYCLE,1,1,100.0
"RESCUE 2",1,1,100.0
"RIDE Game",3,3,100.0
"RISK Factions",6,6,100.0
RONIN,1,1,100.0
"RPG Maker MV",1,1,100.0
"RPG Tycoon",3,3,100.0
"RWBY Grimm Eclipse",3,3,100.0
"Rabbit Hole 3D Steam Edition",2,2,100.0
"Raiden Legacy",1,1,100.0
"Railroad Pioneer",1,1,100.0
Rake,2,2,100.0
"Rampage Knights",6,6,100.0
"Randal's Monday",2,2,100.0
"Reach for the Sun",1,1,100.0
Reassembly,6,6,100.0
"Rebel Galaxy",10,10,100.0
"Rebuild 3 Gangs of Deadsville",1,1,100.0
"Red Bull X-Fighters",1,1,100.0
"Reign Of Kings",32,32,100.0
"Renowned Explorers International Society",2,2,100.0
"Reprisal Universe",2,2,100.0
"Rescue Team 5",1,1,100.0
"Retro-Pixel Castles",1,1,100.0
"Revelations 2012",2,2,100.0
"Reverse Crawl",1,1,100.0
Reversi,1,1,100.0
"Ride! Carnival Tycoon",1,1,100.0
"Riding Star",1,1,100.0
Rigonauts,1,1,100.0
"Rising World",2,2,100.0
"Road Not Taken",3,3,100.0
"Road Redemption",6,6,100.0
"Robot Rescue Revolution",1,1,100.0
"Rogue Shooter The FPS Roguelike",3,3,100.0
Roguelands,1,1,100.0
"Romance of the Three Kingdoms Maker",1,1,100.0
"Rooms The Unsolvable Puzzle",1,1,100.0
"Royal Defense",1,1,100.0
"Rugby Challenge 2",1,1,100.0
"Rugby League Team Manager 2015",2,2,100.0
"Rulers of Nations",1,1,100.0
Runers,1,1,100.0
"Runestone Keeper",4,4,100.0
"SAMURAI WARRIORS 4-II",1,1,100.0
"SCHAR Blue Shield Alliance",1,1,100.0
SOMA,13,13,100.0
SPACECOM,1,1,100.0
"Sakura Angels",4,4,100.0
"Sakura Swim Club",1,1,100.0
Salt,1,1,100.0
"Salvation Prophecy",2,2,100.0
"Sam & Max 104 Abe Lincoln Must Die!",7,7,100.0
"Samantha Swift and the Golden Touch",1,1,100.0
Sandmason,1,1,100.0
Sanitarium,1,1,100.0
"Satellite Reign",5,5,100.0
Saw,1,1,100.0
"Science Girls",1,1,100.0
"Season Match 3 - Curse of the Witch Crow",1,1,100.0
"Second Chance Heroes",1,1,100.0
"Secret Ponchos",2,2,100.0
"Secrets of Grindea",3,3,100.0
"Serious Sam HD The Second Encounter",113,113,100.0
Servo,1,1,100.0
"Seven Kingdoms 2 HD",1,1,100.0
"Shallow Space",1,1,100.0
"Shantae and the Pirate's Curse",4,4,100.0
"Shark Attack Deathmatch 2",1,1,100.0
"Shelter 2",3,3,100.0
Sheltered,5,5,100.0
"Ship Simulator Maritime Search and Rescue",1,1,100.0
"Shoppe Keep",5,5,100.0
SickBrick,1,1,100.0
"Signal Ops",1,1,100.0
"Silent Hunter 5 Battle of the Atlantic",3,3,100.0
"Silent Hunter III",6,6,100.0
SimpleRockets,1,1,100.0
"Ski Region Simulator",2,2,100.0
"Sky Nations",1,1,100.0
"Slam Bolt Scrappers",2,2,100.0
"SlamIt Pinball Big Score",1,1,100.0
Smashball,14,14,100.0
"Smooth Operators",1,1,100.0
"Sniper Elite Zombie Army 2",1,1,100.0
"Software Inc.",5,5,100.0
"Sol Survivor",3,3,100.0
"Sorcerer King",2,2,100.0
"Source Filmmaker",66,66,100.0
"Space Ace",2,2,100.0
"Space Colony",1,1,100.0
"Space Rangers HD A War Apart",5,5,100.0
"Space Warp",1,1,100.0
"SpaceForce Rogue Universe",1,1,100.0
"Special Forces Team X",2,2,100.0
Spectraball,4,4,100.0
Spermination,2,2,100.0
"Splatter - Blood Red Edition",1,1,100.0
Split/Second,2,2,100.0
Squad,2,2,100.0
Squirreltopia,1,1,100.0
"Star Crusade CCG",2,2,100.0
"Star Ruler 2",2,2,100.0
"Star Traders 4X Empires",1,1,100.0
"StarDrive 2",4,4,100.0
StarForge,19,19,100.0
"Stargate Resistance",1,1,100.0
Starscape,1,1,100.0
Steredenn,1,1,100.0
"Stick RPG 2",1,1,100.0
Stonehearth,6,6,100.0
Stormrise,4,4,100.0
"Strategic War in Europe",2,2,100.0
"Street Fighter IV",9,9,100.0
"Street Fighter V Beta",2,2,100.0
"Street Fighter X Tekken",4,4,100.0
"Stubbs the Zombie in Rebel Without a Pulse",2,2,100.0
"Sublevel Zero",1,1,100.0
Submerged,1,1,100.0
"Substance Painter",1,1,100.0
"Sunrider Academy",1,1,100.0
"Super 3-D Noah's Ark",1,1,100.0
"Super Chibi Knight",1,1,100.0
"Super Game Jam",1,1,100.0
"Supreme Ruler 2020 Gold",2,2,100.0
"Survival Postapocalypse Now",9,9,100.0
Synergy,44,44,100.0
"T.E.C. 3001",1,1,100.0
TIS-100,2,2,100.0
TOXIKK,1,1,100.0
"Take On Mars",4,4,100.0
"Tales of Maj'Eyal",4,4,100.0
"Tales of Zestiria",7,7,100.0
"Talismania Deluxe",1,1,100.0
"Tap Heroes",2,2,100.0
Taxi,1,1,100.0
"Team Fortress 2",2323,2323,100.0
"Teddy Floppy Ear - Kayaking",1,1,100.0
"Teddy Floppy Ear - The Race",2,2,100.0
"Teenage Mutant Ninja Turtles Out of the Shadows",6,6,100.0
"Terminator Salvation",1,1,100.0
TerraTech,6,6,100.0
"Test Drive Ferrari Racing Legends",1,1,100.0
"Tetrobot and Co.",1,1,100.0
"The Adventures of Tree",1,1,100.0
"The Albino Hunter",3,3,100.0
"The Beast of Lycan Isle - Collector's Edition",1,1,100.0
"The Black Watchmen",1,1,100.0
"The Bug Butcher",1,1,100.0
"The Campaign Series Fall Weiss",1,1,100.0
"The Clans - Saga of the Twins",1,1,100.0
"The Clockwork Man",2,2,100.0
"The Crew",20,20,100.0
"The Curious Expedition",1,1,100.0
"The Cursed Crusade",4,4,100.0
"The Dreamatorium of Dr. Magnus 2",1,1,100.0
"The Egyptian Prophecy The Fate of Ramses",1,1,100.0
"The Entente Gold",1,1,100.0
"The Escapists The Walking Dead",2,2,100.0
"The Few",1,1,100.0
"The Fifth Day",2,2,100.0
"The Flame in the Flood",1,1,100.0
"The Golf Club",2,2,100.0
"The Good Life",1,1,100.0
"The Graveyard",1,1,100.0
"The Haunted Hells Reach",1,1,100.0
"The Impossible Game",1,1,100.0
"The Incredible Adventures of Van Helsing Final Cut",1,1,100.0
"The Incredible Adventures of Van Helsing III",2,2,100.0
"The Jackbox Party Pack 2",1,1,100.0
"The Lady",1,1,100.0
"The Last Federation",4,4,100.0
"The Magic Circle",1,1,100.0
"The Mean Greens - Plastic Warfare",2,2,100.0
"The Musketeers Victoria's Quest",1,1,100.0
"The Otherside",1,1,100.0
"The Path - Prologue",3,3,100.0
"The Political Machine 2016",1,1,100.0
"The Repopulation",2,2,100.0
"The Settlers 7 Paths to a Kingdom",3,3,100.0
"The Silent Age",2,2,100.0
"The Sims(TM) 3",44,44,100.0
"The Sims(TM) Medieval",4,4,100.0
"The Stalin Subway",1,1,100.0
"The Stomping Land",9,9,100.0
"The Treasures of Montezuma 4",4,4,100.0
"The Universim",1,1,100.0
"The Walking Dead Survival Instinct",1,1,100.0
"The Wizard's Pen",1,1,100.0
"Theme Park Studio",1,1,100.0
"Thief Town",1,1,100.0
"Time Mysteries 3 The Final Enigma",2,2,100.0
"Time Mysteries Inheritance - Remastered",1,1,100.0
"Tkl Online",1,1,100.0
"To End All Wars",2,2,100.0
"Toast Time",1,1,100.0
"Tobe's Vertical Adventure",1,1,100.0
"Tom Clancy's H.A.W.X. 2",7,7,100.0
"Tom Clancy's Rainbow Six Siege",8,8,100.0
"Total Annihilation",3,3,100.0
"Total War ATTILA",36,36,100.0
"Towtruck Simulator 2015",1,1,100.0
"Toy Soldiers War Chest",2,2,100.0
"TrackMania United",6,6,100.0
"Tradewinds Caravans",1,1,100.0
"Train Fever",9,9,100.0
"TransOcean The Shipping Company",4,4,100.0
"Traps N' Gemstones",1,1,100.0
"Treasure Planet Battle at Procyon",1,1,100.0
"Tree of Life",2,2,100.0
"Treeker The Lost Glasses",1,1,100.0
"Trials Evolution Gold Edition",25,25,100.0
"Triple Town",1,1,100.0
"Trouble In The Manor",1,1,100.0
Tryst,1,1,100.0
"TyranoBuilder Visual Novel Studio",1,1,100.0
"Ultimate General Gettysburg",5,5,100.0
"Ultionus A Tale of Petty Revenge",1,1,100.0
"Undead Overlord",1,1,100.0
Unium,1,1,100.0
"Universe Sandbox ",7,7,100.0
"Unstoppable Gorg",2,2,100.0
"Urizen Shadows of the Cold",1,1,100.0
"Viking Brothers",1,1,100.0
"Virtua Tennis 4",2,2,100.0
"Virtual Villagers A New Home",1,1,100.0
"Void Destroyer",2,2,100.0
Volume,1,1,100.0
Vox,1,1,100.0
WARP,2,2,100.0
"WORLD END ECONOMiCA episode.01",4,4,100.0
"WRC 5",2,2,100.0
"WWE 2K15",5,5,100.0
"War of the Human Tanks",3,3,100.0
"Warehouse and Logistics Simulator",1,1,100.0
"Warhammer 40,000 Armageddon",1,1,100.0
"Warhammer 40,000 Regicide",2,2,100.0
"Warhammer End Times - Vermintide",17,17,100.0
"Warhammer Quest",2,2,100.0
"Warrior Kings Battles",1,1,100.0
"Watchmen The End Is Nigh",1,1,100.0
"Way of the Samurai 4",3,3,100.0
"Weapons Genius",2,2,100.0
"Weather Lord The Successor's Path",1,1,100.0
"Westerado Double Barreled",2,2,100.0
Westward,1,1,100.0
"Westward 3",1,1,100.0
"Who's That Flying?!",1,1,100.0
"Wildlife Park 2",2,2,100.0
Windborne,1,1,100.0
Windward,6,6,100.0
"Wings of Prey",11,11,100.0
"Wings! Remastered Edition",2,2,100.0
"Winning Post 8 2015",1,1,100.0
"Wolfenstein The New Order German Edition",10,10,100.0
"Wolfenstein The Old Blood German Edition",2,2,100.0
"World of Mixed Martial Arts 3",1,1,100.0
"World of Zoo",2,2,100.0
"Worldwide Soccer Manager 2009",1,1,100.0
"X-Plane 10 Global - 64 Bit",4,4,100.0
X-note,1,1,100.0
Xeodrifter,1,1,100.0
"You Must Build A Boat",1,1,100.0
ZOMBI,1,1,100.0
"Zombie Army Trilogy",5,5,100.0
"Zombie Grinder",1,1,100.0
"Zombie Panic Source",86,86,100.0
"Zombie Tycoon 2 Brainhov's Revenge",1,1,100.0
Zoombinis,1,1,100.0
Zotrix,1,1,100.0
"Zuma's Revenge! - Adventure",2,2,100.0
"aerofly RC 7",1,1,100.0
eden*,2,2,100.0
"fault milestone one",1,1,100.0
"fault milestone two sideabove",1,1,100.0
hocus,1,1,100.0
"iBomber Attack",1,1,100.0
"liteCam Game 100 FPS Game Capture",1,1,100.0
rFactor,1,1,100.0
"rFactor 2",1,1,100.0
"realMyst Masterpiece Edition",2,2,100.0
rymdkapsel,1,1,100.0
"theHunter Primal",4,4,100.0
"Fallout 4",168,167,99.4
H1Z1,138,137,99.28
DayZ,249,246,98.8
"Football Manager 2012",80,79,98.75
"Grand Theft Auto V",273,269,98.53
Starbound,134,132,98.51
"Killing Floor 2",49,48,97.96
"Plague Inc Evolved",46,45,97.83
"Magic 2014 ",45,44,97.78
"The Forest",131,128,97.71
"Arma 3",161,157,97.52
"Counter-Strike Global Offensive",1412,1377,97.52
"Football Manager 2014",80,78,97.5
"Football Manager 2015",79,77,97.47
"Project Zomboid",38,37,97.37
"Stranded Deep",38,37,97.37
"The Escapists",38,37,97.37
"Elite Dangerous",34,33,97.06
"METAL GEAR SOLID V THE PHANTOM PAIN",68,66,97.06
"DRAGON BALL XENOVERSE",33,32,96.97
"ARK Survival Evolved",163,158,96.93
Besiege,94,91,96.81
Rust,214,207,96.73
"Europa Universalis IV",52,50,96.15
"Project CARS",25,24,96.0
"The Binding of Isaac Rebirth",84,80,95.24
"7 Days to Die",103,98,95.15
"Call of Duty Black Ops III",41,39,95.12
"F1 2012",20,19,95.0
"Rocket League",157,149,94.9
"Darkest Dungeon",39,37,94.87
"Assetto Corsa",19,18,94.74
BeamNG.drive,19,18,94.74
"DiRT Rally",19,18,94.74
"Men of War Assault Squad 2",19,18,94.74
"Tabletop Simulator",19,18,94.74
"Ace of Spades",75,71,94.67
"The Elder Scrolls V Skyrim",717,677,94.42
"Divinity Original Sin",71,67,94.37
"Tropico 5",35,33,94.29
"Cities Skylines",122,115,94.26
"Dying Light",85,80,94.12
"Rogue Legacy",67,63,94.03
"Sins of a Solar Empire Rebellion",50,47,94.0
"Sid Meier's Civilization Beyond Earth",65,61,93.85
"Craft The World",16,15,93.75
"Galactic Civilizations III",16,15,93.75
Godus,16,15,93.75
"Medieval Engineers",16,15,93.75
"Stronghold Crusader 2",16,15,93.75
"Space Engineers",109,102,93.58
Banished,93,87,93.55
"Farming Simulator 15",31,29,93.55
"The Long Dark",31,29,93.55
"LEGO Worlds",30,28,93.33
"Rayman Legends",15,14,93.33
"Shovel Knight",15,14,93.33
"The Cave",15,14,93.33
"Anno 2070",59,55,93.22
"Infestation Survivor Stories",72,67,93.06
Watch_Dogs,43,40,93.02
"Sid Meier's Civilization V",596,554,92.95
CastleStorm,14,13,92.86
"Genesis Online",14,13,92.86
"Grim Dawn",14,13,92.86
"IL-2 Sturmovik Cliffs of Dover",14,13,92.86
"Sins of a Solar Empire Trinity",14,13,92.86
"Starpoint Gemini 2",14,13,92.86
Subnautica,14,13,92.86
Terraria,496,460,92.74
"Borderlands The Pre-Sequel",82,76,92.68
"Endless Legend",41,38,92.68
"Mad Max",27,25,92.59
"Train Simulator",54,50,92.59
"South Park The Stick of Truth",107,99,92.52
"Battlefield Bad Company 2",120,111,92.5
"DLC Quest",26,24,92.31
Krater,13,12,92.31
"Lead and Gold - Gangs of the Wild West",13,12,92.31
"Magic The Gathering - Duels of the Planeswalkers",13,12,92.31
"NBA 2K16",13,12,92.31
Verdun,26,24,92.31
"DARK SOULS II",77,71,92.21
"Total War ROME II - Emperor Edition",166,153,92.17
"Football Manager 2010",38,35,92.11
"Kerbal Space Program",98,90,91.84
"Cities XL 2012",12,11,91.67
"Sunless Sea",12,11,91.67
"Tom Clancy's Ghost Recon Future Soldier",12,11,91.67
"War for the Overworld",12,11,91.67
"Wasteland 2",24,22,91.67
"Mortal Kombat Komplete Edition",71,65,91.55
"Euro Truck Simulator 2",187,171,91.44
"Farming Simulator 2013",35,32,91.43
Nidhogg,35,32,91.43
"PAYDAY 2",427,390,91.33
"Football Manager 2011",34,31,91.18
"Garry's Mod",731,666,91.11
"Torchlight II",224,204,91.07
"The Walking Dead",122,111,90.98
"Castle Story",11,10,90.91
GRAV,11,10,90.91
HuniePop,22,20,90.91
"The Legend of Heroes Trails in the Sky",11,10,90.91
"Ryse Son of Rome",21,19,90.48
"Total War SHOGUN 2",198,179,90.4
"Democracy 3",31,28,90.32
"Need for Speed Hot Pursuit",62,56,90.32
"Next Car Game Wreckfest",31,28,90.32
"100% Orange Juice",10,9,90.0
"Dead Realm",10,9,90.0
"Hyperdimension Neptunia Re;Birth1",10,9,90.0
"I Am Alive",10,9,90.0
LYNE,10,9,90.0
"Magic 2015",20,18,90.0
"Magic The Gathering  Duels of the Planeswalkers 2012",20,18,90.0
"Shoot Many Robots",10,9,90.0
"Sniper Ghost Warrior 2",40,36,90.0
"The Stanley Parable",110,99,90.0
"Universe at War Earth Assault",10,9,90.0
"World in Conflict Soviet Assault",10,9,90.0
"Borderlands 2",429,386,89.98
"Call of Duty Black Ops II - Multiplayer",168,151,89.88
"Call of Duty 4 Modern Warfare",67,60,89.55
"Homeworld Remastered Collection",38,34,89.47
"Lords Of The Fallen",19,17,89.47
Nether,38,34,89.47
"Call of Duty Black Ops",254,227,89.37
"Rocksmith 2014",28,25,89.29
"Defense Grid The Awakening",46,41,89.13
"Goat Simulator",146,130,89.04
"Age of Wonders III",36,32,88.89
"Magicka 2",18,16,88.89
"NBA 2K14",18,16,88.89
"Octodad Dadliest Catch",27,24,88.89
"Scribblenauts Unmasked",9,8,88.89
"Test Drive Unlimited 2",27,24,88.89
"The Secret World",18,16,88.89
"The Settlers 7 Paths to a Kingdom - Gold Edition",9,8,88.89
"Transformers Fall of Cybertron",18,16,88.89
"Trials 2 Second Edition",9,8,88.89
"Killing Floor",215,191,88.84
"Resident Evil 6 / Biohazard 6",44,39,88.64
"Ori and the Blind Forest",35,31,88.57
Spintires,35,31,88.57
"Sniper Elite Nazi Zombie Army",26,23,88.46
"The Binding of Isaac",190,168,88.42
"METAL GEAR RISING REVENGEANCE",43,38,88.37
"Call of Duty Modern Warfare 3",239,211,88.28
"Risk of Rain",85,75,88.24
"NARUTO SHIPPUDEN Ultimate Ninja STORM 3 Full Burst",42,37,88.1
"Aliens Colonial Marines",25,22,88.0
"FINAL FANTASY XIV A Realm Reborn",25,22,88.0
Audiosurf,91,80,87.91
"State of Decay",73,64,87.67
Blur,8,7,87.5
"CastleMiner Z",16,14,87.5
Chime,8,7,87.5
"Cities XL 2011",8,7,87.5
"DYNASTY WARRIORS 8 Xtreme Legends Complete Edition",8,7,87.5
"Dead Effect",8,7,87.5
"Far Cry 4",40,35,87.5
"Football Manager 2016 Demo",8,7,87.5
"Hatoful Boyfriend",8,7,87.5
"Hearts of Iron III",24,21,87.5
"Might & Magic X - Legacy ",8,7,87.5
"Spacebase DF-9",8,7,87.5
"The Path",8,7,87.5
"Far Cry 3",207,181,87.44
"Emily is Away",55,48,87.27
"Pillars of Eternity",47,41,87.23
"NBA 2K15",23,20,86.96
"Turbo Dismount",23,20,86.96
"Chivalry Medieval Warfare",222,193,86.94
"Mount & Blade Warband",130,113,86.92
"Aliens vs. Predator",84,73,86.9
"DARK SOULS II Scholar of the First Sin",38,33,86.84
"Gauntlet ",38,33,86.84
"A Game of Thrones - Genesis",15,13,86.67
"Blood Bowl Chaos Edition",15,13,86.67
Broforce,30,26,86.67
"Construction-Simulator 2015",15,13,86.67
Deadpool,15,13,86.67
"Middle-earth Shadow of Mordor",112,97,86.61
"Call of Duty Modern Warfare 2",343,297,86.59
Spore,67,58,86.57
"The Witcher 3 Wild Hunt",89,77,86.52
"Castle Crashers",177,153,86.44
R.U.S.E,43,37,86.05
"Among the Sleep",7,6,85.71
"Batman Arkham Asylum",7,6,85.71
"Blade Symphony",14,12,85.71
"Command and Conquer 3 Kane's Wrath",14,12,85.71
"Dishonored (RU)",21,18,85.71
Divekick,7,6,85.71
"Driver San Francisco",21,18,85.71
"Dungeon of the Endless",21,18,85.71
"F1 2015",7,6,85.71
"Grow Home",14,12,85.71
"Knights of Honor",7,6,85.71
"Lethal League",14,12,85.71
"Mini Metro",7,6,85.71
"NEKOPARA Vol. 0",7,6,85.71
"Neverwinter Nights 2 Platinum",14,12,85.71
"Phantom Breaker Battle Grounds",7,6,85.71
"Rise of Venice",7,6,85.71
"RollerCoaster Tycoon 3 Platinum!",49,42,85.71
"Sacred 3",7,6,85.71
"Section 8 Prejudice",14,12,85.71
"Sonic Adventure 2 ",14,12,85.71
"Titan Attacks",7,6,85.71
"Town of Salem",14,12,85.71
"TrackMania Stadium",14,12,85.71
"Transformers War for Cybertron",14,12,85.71
Xenonauts,14,12,85.71
"Sniper Elite 3",62,53,85.48
"GRID Autosport",34,29,85.29
"Sniper Ghost Warrior",61,52,85.25
"Fallout New Vegas",337,287,85.16
"Duke Nukem Forever",47,40,85.11
"SimCity 4 Deluxe",67,57,85.07
Magicite,20,17,85.0
"Sniper Elite Nazi Zombie Army 2",20,17,85.0
Spelunky,40,34,85.0
"Plants vs. Zombies Game of the Year",66,56,84.85
"Call of Duty Modern Warfare 2 - Multiplayer",343,291,84.84
"BattleBlock Theater",125,106,84.8
"Universe Sandbox",59,50,84.75
"Deus Ex Human Revolution",163,138,84.66
"Dragomon Hunter",13,11,84.62
"Lichdom Battlemage",13,11,84.62
Minimum,13,11,84.62
"Planetary Annihilation TITANS",13,11,84.62
"Port Royale 3",13,11,84.62
SpeedRunners,65,55,84.62
"Viscera Cleanup Detail",13,11,84.62
"You Need A Budget 4 (YNAB)",13,11,84.62
"Prison Architect",116,98,84.48
Depth,32,27,84.38
"Hero Siege",32,27,84.38
"Left 4 Dead 2",951,801,84.23
"Crypt of the NecroDancer",19,16,84.21
"From Dust",38,32,84.21
"RollerCoaster Tycoon Deluxe",19,16,84.21
"Stronghold 3",57,48,84.21
Undertale,38,32,84.21
"Unreal Tournament 3 Black Edition",44,37,84.09
"Age of Empires II HD Edition",238,200,84.03
"Injustice Gods Among Us Ultimate Edition",56,47,83.93
"Rise of Nations Extended Edition",31,26,83.87
Dishonored,173,145,83.82
"Endless Space",61,51,83.61
"Angry Video Game Nerd Adventures",12,10,83.33
Bleed,6,5,83.33
Damned,12,10,83.33
"DuckTales Remastered",6,5,83.33
"Dungeons & Dragons Chronicles of Mystara",6,5,83.33
"F1 2011",6,5,83.33
"Freedom Planet",6,5,83.33
"Grim Legends The Forsaken Bride",6,5,83.33
Guncraft,6,5,83.33
"Her Story",6,5,83.33
"Interstellar Marines",12,10,83.33
"Killer is Dead",12,10,83.33
"Kingdoms of Amalur Reckoning",54,45,83.33
"Lifeless Planet",6,5,83.33
"Madballs in...Babo Invasion",12,10,83.33
Overgrowth,6,5,83.33
"Rayman Origins",12,10,83.33
"The Maw",6,5,83.33
"Portal 2",544,453,83.27
"This War of Mine",65,54,83.08
"Five Nights at Freddy's",53,44,83.02
"XCOM Enemy Unknown",194,161,82.99
"LEGO MARVEL Super Heroes",47,39,82.98
"The Talos Principle",29,24,82.76
"Wolfenstein The New Order",75,62,82.67
"Monday Night Combat",23,19,82.61
"Hotline Miami",114,94,82.46
"Dead Rising 3",17,14,82.35
Fuse,17,14,82.35
"Microsoft Flight Simulator X Steam Edition",34,28,82.35
"Baldur's Gate Enhanced Edition",28,23,82.14
Bulletstorm,28,23,82.14
Creativerse,28,23,82.14
BRINK,39,32,82.05
"Call of Duty Modern Warfare 3 - Multiplayer",239,196,82.01
"Warhammer 40,000 Dawn of War II",161,132,81.99
"Guns of Icarus Online",83,68,81.93
"Dungeon Defenders Eternity",11,9,81.82
"Keep Talking and Nobody Explodes",11,9,81.82
"Wargame Red Dragon",33,27,81.82
"Sleeping Dogs",104,85,81.73
"Super Meat Boy",153,125,81.7
"Ultra Street Fighter IV",49,40,81.63
"Dungeon Defenders",136,111,81.62
"Planetary Annihilation",81,66,81.48
"Empire Total War",263,214,81.37
"Metro Last Light",102,83,81.37
"Gotham City Impostors",16,13,81.25
"King Arthur II - The Role-playing Wargame",16,13,81.25
"Lego Harry Potter",16,13,81.25
"NARUTO SHIPPUDEN Ultimate Ninja STORM Revolution",16,13,81.25
"Savage Lands",16,13,81.25
"Slender The Arrival",16,13,81.25
"Call of Juarez Gunslinger",58,47,81.03
"Assassins Creed Unity",21,17,80.95
"Beat Hazard",42,34,80.95
"Dark Souls Prepare to Die Edition",136,110,80.88
"Fallout 3",47,38,80.85
"Napoleon Total War",167,135,80.84
"Valkyria Chronicles",36,29,80.56
"Grand Theft Auto IV",281,226,80.43
"Papers, Please",92,74,80.43
"Tom Clancy's Splinter Cell Blacklist",46,37,80.43
"Call of Duty Advanced Warfare - Multiplayer",76,61,80.26
"FTL Faster Than Light",157,126,80.25
Magicka,241,193,80.08
"9 Clues The Secret of Serpent Creek",5,4,80.0
Aberoth,5,4,80.0
"Act of Aggression",5,4,80.0
"Age of Mythology Extended Edition",45,36,80.0
"Axiom Verge",5,4,80.0
"Bookworm Adventures Deluxe",5,4,80.0
"Broken Age",20,16,80.0
"Brothers in Arms Hell's Highway",5,4,80.0
"Carmageddon Reincarnation",5,4,80.0
"Day One Garry's Incident",5,4,80.0
"Dragon's Lair",5,4,80.0
"Duke Nukem Forever ",5,4,80.0
"Epic Battle Fantasy 4",5,4,80.0
"Evil Genius",15,12,80.0
"F1 2013",15,12,80.0
"Fairy Fencer F",5,4,80.0
"Fearless Fantasy",5,4,80.0
"Flight Control HD",5,4,80.0
"FortressCraft Evolved",5,4,80.0
"Foul Play",5,4,80.0
"Geometry Dash",15,12,80.0
"Icewind Dale Enhanced Edition",5,4,80.0
Kenshi,5,4,80.0
"Lara Croft and the Temple of Osiris",5,4,80.0
"Lineage II",5,4,80.0
Miscreated,5,4,80.0
"Plug & Play",5,4,80.0
"Poker Night 2",35,28,80.0
"RPG MO",10,8,80.0
"Rivals of Aether",5,4,80.0
Rodina,5,4,80.0
Shadowgate,5,4,80.0
"Space Hulk Ascension",5,4,80.0
"The Amazing Spider-Man 2",5,4,80.0
"The Legend of Korra",15,12,80.0
"The Political Machine",5,4,80.0
"The Room",5,4,80.0
"Titan Souls",5,4,80.0
"TrackMania Canyon",5,4,80.0
"TrackMania Valley",5,4,80.0
"Victim of Xen",10,8,80.0
"Victor Vran",5,4,80.0
Ziggurat,5,4,80.0
Borderlands,183,146,79.78
"FINAL FANTASY VII",79,63,79.75
Homefront,54,43,79.63
"Alien Isolation",39,31,79.49
"Tomb Raider",257,204,79.38
"Star Wars - Battlefront II",140,111,79.29
"Command and Conquer 4 Tiberian Twilight",24,19,79.17
"Life Is Strange",48,38,79.17
"Warhammer 40,000 Space Marine",62,49,79.03
"LEGO The Lord of the Rings",38,30,78.95
"Order of War",19,15,78.95
Torchlight,95,75,78.95
"Don't Starve",199,157,78.89
"Might & Magic Heroes VI",52,41,78.85
"Max Payne 3",118,93,78.81
"Dead Island",231,182,78.79
"Cities in Motion",14,11,78.57
Gnomoria,14,11,78.57
"I am Bread",14,11,78.57
"Resident Evil / biohazard HD REMASTER",14,11,78.57
"Batman Arkham City",37,29,78.38
"Vampire The Masquerade - Bloodlines",37,29,78.38
"Age of Empires III Complete Collection",106,83,78.3
"L.A. Noire",92,72,78.26
"Saints Row IV",165,129,78.18
"Call of Duty World at War",87,68,78.16
"Call of Duty Black Ops - Multiplayer",254,198,77.95
"A Bird Story",9,7,77.78
"Assassin's Creed III",72,56,77.78
"Batman Arkham Knight",36,28,77.78
"Call of Duty Ghosts",90,70,77.78
"Call of Duty Ghosts - Multiplayer",90,70,77.78
"Car Mechanic Simulator 2014",27,21,77.78
"Dead Pixels",9,7,77.78
"Dead Rising 2",27,21,77.78
"Double Dragon Neon",9,7,77.78
"Kentucky Route Zero",9,7,77.78
"King's Bounty Warriors of the North",9,7,77.78
Miasmata,9,7,77.78
"Primal Carnage",27,21,77.78
"Puzzle Quest",9,7,77.78
"The Vanishing of Ethan Carter",27,21,77.78
"Wargame AirLand Battle",36,28,77.78
"X Rebirth",9,7,77.78
"Company of Heroes 2",112,87,77.68
"The Secret of Monkey Island Special Edition",40,31,77.5
"Mafia II",150,116,77.33
"The Elder Scrolls Online Tamriel Unlimited",22,17,77.27
Battlepaths,13,10,76.92
"Medal of Honor Airborne",13,10,76.92
"Rise of the Triad",13,10,76.92
"Robot Roller-Derby Disco Dodgeball",13,10,76.92
StarDrive,13,10,76.92
"Strike Vector",13,10,76.92
"Ultimate Tic-Tac-Toe",13,10,76.92
"Worms Reloaded",65,50,76.92
Insurgency,190,146,76.84
Reus,64,49,76.56
"Just Cause 2",243,186,76.54
"BIT.TRIP BEAT",17,13,76.47
"Command and Conquer Red Alert 3",34,26,76.47
"Defense Grid 2",17,13,76.47
"Door Kickers",17,13,76.47
"Nation Red",17,13,76.47
"PAC-MAN Championship Edition DX+",17,13,76.47
"The Banner Saga",38,29,76.32
Skullgirls,42,32,76.19
"Sonic & All-Stars Racing Transformed",42,32,76.19
"Surgeon Simulator",109,83,76.15
"Assassin's Creed IV Black Flag",71,54,76.06
"Saints Row The Third",259,197,76.06
Bastion,141,107,75.89
"FINAL FANTASY XIII",29,22,75.86
RAGE,87,66,75.86
"DiRT 2",33,25,75.76
"Arma 2 Operation Arrowhead",250,189,75.6
"Shadowrun Returns",53,40,75.47
"DmC Devil May Cry",57,43,75.44
Contagion,65,49,75.38
Crysis,73,55,75.34
"Mitos.is The Game",73,55,75.34
A.R.E.S.,12,9,75.0
"AION Free-to-Play",4,3,75.0
"Arma Combat Operations",4,3,75.0
"Artemis Spaceship Bridge Simulator",4,3,75.0
"BRAINPIPE A Plunge to Unhumanity",4,3,75.0
Basement,4,3,75.0
"Battle for Graxia",4,3,75.0
"BlazBlue Continuum Shift Extend",4,3,75.0
"Blazing Angels 2 Secret Missions of WWII",4,3,75.0
Breach,4,3,75.0
"Cabela's Big Game Hunter Pro Hunts",4,3,75.0
"Call of Duty Black Ops - OSX",4,3,75.0
"Castlevania Lords of Shadow - Ultimate Edition",20,15,75.0
"Coin Crypt",4,3,75.0
"Command and Conquer 3 Tiberium Wars",24,18,75.0
"Crazy Machines",4,3,75.0
CubeGun,4,3,75.0
Darkspore,8,6,75.0
"Dawn of Discovery - Venice",8,6,75.0
"Death Rally",4,3,75.0
Delver,4,3,75.0
"Deponia The Complete Journey",8,6,75.0
Devilian,16,12,75.0
"Dig or Die",4,3,75.0
"Doc Clock The Toasted Sandwich of Time",4,3,75.0
"Doorways Prelude",4,3,75.0
"Doorways The Underworld",4,3,75.0
"Elven Legacy",4,3,75.0
"Fahrenheit Indigo Prophecy Remastered",4,3,75.0
"Fate of the World",8,6,75.0
"Five Nights at Freddy's 4",16,12,75.0
"GUILTY GEAR Xrd -SIGN-",4,3,75.0
"Genesis Rising",4,3,75.0
"Guild of Dungeoneering",4,3,75.0
"Gunman Clive",4,3,75.0
"Heavy Fire Afghanistan",4,3,75.0
"Heroes of Might & Magic V",16,12,75.0
"Hunted The Demon's Forge",8,6,75.0
"IL-2 Sturmovik 1946",12,9,75.0
"Impossible Creatures",4,3,75.0
"Indigo Prophecy",4,3,75.0
"Intergalactic Bubbles",4,3,75.0
"Ironclad Tactics",4,3,75.0
"Layers of Fear",4,3,75.0
"Lego Star Wars 3 The Clone Wars",4,3,75.0
Love,4,3,75.0
"Lucius II",4,3,75.0
"METAL SLUG 3",28,21,75.0
"MLB 2K12",4,3,75.0
"Major Mayhem",4,3,75.0
Moonrise,4,3,75.0
"NBA 2K13",8,6,75.0
"Nexus The Jupiter Incident",4,3,75.0
"Nightmares from the Deep 2 The Siren`s Call",4,3,75.0
"Nightmares from the Deep The Cursed Heart",4,3,75.0
"ONE PIECE PIRATE WARRIORS 3",4,3,75.0
"Oddworld New 'n' Tasty",8,6,75.0
"Phoenix Force",4,3,75.0
"Plain Sight",16,12,75.0
"Postal 3",4,3,75.0
Primordia,4,3,75.0
"Professional Farmer 2014",12,9,75.0
"Quest of Dungeons",4,3,75.0
"RPG Maker 2003",4,3,75.0
"RUNNING WITH RIFLES",4,3,75.0
"SONIC THE HEDGEHOG 4 Episode I",4,3,75.0
"Silent Hill Homecoming",8,6,75.0
"Solar Flux",4,3,75.0
"Space Hulk",8,6,75.0
"Space Quest Collection",4,3,75.0
"Strike Suit Zero Director's Cut",4,3,75.0
"Subspace Continuum",4,3,75.0
"Super House of Dead Ninjas",4,3,75.0
"Super Time Force Ultra",4,3,75.0
"Supreme Ruler Cold War",4,3,75.0
"TDP4Team Battle",8,6,75.0
"Tales from the Borderlands",20,15,75.0
"The Amazing Spider-Man",4,3,75.0
"The Jackbox Party Pack",8,6,75.0
"Tom Clancy's EndWar",4,3,75.0
"Tony Hawk's Pro Skater HD",8,6,75.0
"Total War Battles KINGDOM",24,18,75.0
Towns,8,6,75.0
"War of the Vikings",4,3,75.0
"Warhammer 40,000 Kill Team",4,3,75.0
"Ys The Oath in Felghana",4,3,75.0
Yury,4,3,75.0
"Zombie Driver HD",4,3,75.0
"Zuma's Revenge",4,3,75.0
Outlast,95,71,74.74
"Dragon Age Origins - Ultimate Edition",79,59,74.68
"How to Survive",75,56,74.67
"Natural Selection 2",130,97,74.62
"Sakura Clicker",63,47,74.6
"Dungeon Defenders II",114,85,74.56
"Crusader Kings II",102,76,74.51
"METAL GEAR SOLID V GROUND ZEROES",47,35,74.47
"Five Nights at Freddy's 2",31,23,74.19
"Fable III",23,17,73.91
"The Testament of Sherlock Holmes",23,17,73.91
"Tropico 4",92,68,73.91
"Assassin's Creed II",80,59,73.75
"Battlefield 2",19,14,73.68
"The LEGO Movie - Videogame",19,14,73.68
"Victoria II",19,14,73.68
Demigod,15,11,73.33
"Sakura Spirit",15,11,73.33
"Sniper Elite V2",242,177,73.14
"Counter-Strike Source",978,715,73.11
FORCED,37,27,72.97
"PAYDAY The Heist",277,202,72.92
"Black Mesa",11,8,72.73
"Devil May Cry 3 Special Edition",11,8,72.73
"Football Manager 2009",55,40,72.73
"Lost Planet 2",11,8,72.73
Lucius,33,24,72.73
"Space Run",11,8,72.73
"Zombie Driver",11,8,72.73
"Left 4 Dead",281,204,72.6
"FINAL FANTASY VIII",40,29,72.5
Hammerwatch,69,50,72.46
DiggerOnline,47,34,72.34
"Fallout 3 - Game of the Year Edition",141,102,72.34
"God Mode",18,13,72.22
"Sleeping Dogs Definitive Edition",18,13,72.22
"Wolfenstein The Old Blood ",18,13,72.22
"The Wolf Among Us",61,44,72.13
"Hitman Absolution",197,142,72.08
Evoland,25,18,72.0
"Hotline Miami 2 Wrong Number",25,18,72.0
"Mass Effect",96,69,71.88
"The Witcher Enhanced Edition",167,120,71.86
"Sonic Generations",39,28,71.79
"Spec Ops The Line",78,56,71.79
Gunpoint,53,38,71.7
"BioShock Infinite",296,212,71.62
"1... 2... 3... KICK IT! (Drop That Beat Like an Ugly Baby)",7,5,71.43
"60 Seconds!",7,5,71.43
"Airline Tycoon 2",7,5,71.43
"Alchemy Mysteries Prague Legends",7,5,71.43
"Blocks That Matter",21,15,71.43
Brawlhalla,91,65,71.43
Caster,28,20,71.43
"Dreamfall Chapters",7,5,71.43
"Earth 2160",14,10,71.43
"FINAL FANTASY XIII-2",14,10,71.43
"Geometry Wars Retro Evolved",14,10,71.43
"Hand Of Fate",7,5,71.43
"LIGHTNING RETURNS FINAL FANTASY XIII",7,5,71.43
"Long Live The Queen",21,15,71.43
"Magic Duels",98,70,71.43
"Majesty 2",7,5,71.43
"Majesty 2 Collection",7,5,71.43
"March of the Eagles",7,5,71.43
"Need for Speed SHIFT",14,10,71.43
NotGTAV,7,5,71.43
"Prince of Persia The Sands of Time",21,15,71.43
"Rock of Ages",28,20,71.43
"Sherlock Holmes Crimes and Punishments",7,5,71.43
"Star Trek D-A-C",7,5,71.43
"Steam Marines",7,5,71.43
"Sword of the Stars II Enhanced Edition",7,5,71.43
"The Beginner's Guide",7,5,71.43
"Thirty Flights of Loving",7,5,71.43
"WRC 4 FIA WORLD RALLY CHAMPIONSHIP",7,5,71.43
"Warlock 2 the Exiled",7,5,71.43
"Supreme Commander 2",73,52,71.23
"Shadow Warrior",45,32,71.11
"DiRT 3",69,49,71.01
"Mark of the Ninja",100,71,71.0
"Mount & Blade With Fire and Sword",62,44,70.97
"One Finger Death Punch",31,22,70.97
Portal,588,417,70.92
"Fable Anniversary",24,17,70.83
"Omerta - City of Gangsters",24,17,70.83
"Trine 2",185,131,70.81
"RPG Maker VX Ace",41,29,70.73
"Assassin's Creed",51,36,70.59
"E.Y.E Divine Cybermancy",34,24,70.59
"Need for Speed Undercover",17,12,70.59
"Shattered Horizon",17,12,70.59
"Yet Another Zombie Defense",34,24,70.59
"Atom Zombie Smasher ",27,19,70.37
"GRID 2",81,57,70.37
"BIT.TRIP Presents... Runner2 Future Legend of Rhythm Alien",37,26,70.27
"Tom Clancy's Splinter Cell Conviction",57,40,70.18
"12 Labours of Hercules",10,7,70.0
"Castlevania Lords of Shadow 2",10,7,70.0
"EVE Online",30,21,70.0
"FlatOut 2",20,14,70.0
"King Arthur - The Role-playing Wargame",20,14,70.0
"Sonic CD",10,7,70.0
"The Chronicles of Riddick Assault on Dark Athena",10,7,70.0
"Trials Fusion",10,7,70.0
"Ys Origin",10,7,70.0
Trine,103,72,69.9
"DOOM 3 BFG Edition",33,23,69.7
"Recettear An Item Shop's Tale",23,16,69.57
"PROTOTYPE 2",36,25,69.44
"Alice Madness Returns",39,27,69.23
"Anno 1404",13,9,69.23
"DUNGEONS - Steam Special Edition",13,9,69.23
"Devil May Cry 4",26,18,69.23
"Retro City Rampage DX",13,9,69.23
Rocksmith,13,9,69.23
"Shift 2 Unleashed",13,9,69.23
"Sid Meier's Starships",13,9,69.23
"Sparkle 2 Evo",13,9,69.23
"Wanderlust Rebirth",13,9,69.23
"Warmachine Tactics",13,9,69.23
"Wild Warfare",13,9,69.23
"Orcs Must Die! 2",136,94,69.12
"Game of Thrones - A Telltale Games Series",29,20,68.97
"Mars War Logs",16,11,68.75
"Post Apocalyptic Mayhem",16,11,68.75
Thief,99,68,68.69
"Call of Duty Black Ops II - Zombies",168,115,68.45
"Call of Duty Advanced Warfare",76,52,68.42
"Dungeons of Dredmor",38,26,68.42
"Halo Spartan Assault",19,13,68.42
"Pixel Piracy",38,26,68.42
"Talisman Digital Edition",19,13,68.42
Unturned,1563,1069,68.39
"Scribblenauts Unlimited",98,67,68.37
"Warhammer 40,000 Dawn of War II  Retribution",101,69,68.32
"Mount Your Friends",22,15,68.18
"Orcs Must Die!",91,62,68.13
"Fable - The Lost Chapters",53,36,67.92
McPixel,28,19,67.86
"Medieval II Total War",112,76,67.86
"Alan Wake",130,88,67.69
"Kingdom Wars",34,23,67.65
"Worms Revolution",71,48,67.61
"POSTAL 2",74,50,67.57
"Space Pirates and Zombies",46,31,67.39
"S.T.A.L.K.E.R. Shadow of Chernobyl",55,37,67.27
"Call of Duty Black Ops II",168,113,67.26
"Assassin's Creed Brotherhood",58,39,67.24
"Fishing Planet",73,49,67.12
"12 Labours of Hercules II The Cretan Bull",12,8,66.67
"16bit Trader",3,2,66.67
"A Walk in the Dark",3,2,66.67
Aftermath,81,54,66.67
"Agarest Generations of War",12,8,66.67
"Akane the Kunoichi",3,2,66.67
"Anno 1404 Venice",6,4,66.67
"Astro Lords",3,2,66.67
Auditorium,3,2,66.67
"BIT.TRIP RUNNER",60,40,66.67
"Before the Echo",15,10,66.67
"Blob From Space",3,2,66.67
"Blood Knights",3,2,66.67
"BloodRayne 2",3,2,66.67
Botanicula,24,16,66.67
"Broken Sword 5 - the Serpent's Curse",9,6,66.67
"Cards and Castles",3,2,66.67
"Cargo! - The quest for gravity",3,2,66.67
"Cat Goes Fishing",3,2,66.67
"Cities XL - Limited Edition",3,2,66.67
"Cities XXL",6,4,66.67
ComaMortuary,3,2,66.67
"Company of Heroes Europe at War",3,2,66.67
"Crazy Plant Shop",3,2,66.67
"Cricket Revolution",3,2,66.67
Cubemen,12,8,66.67
"Dead Horde",6,4,66.67
"Deadlings - Rotten Edition",3,2,66.67
"Delve Deeper",3,2,66.67
"Dragon Quest Heroes",3,2,66.67
"Emergency 2014",3,2,66.67
"Euro Fishing",3,2,66.67
"FINAL FANTASY TYPE-0 HD",6,4,66.67
FOTONICA,3,2,66.67
"Fairy Bloom Freesia",9,6,66.67
FarSky,3,2,66.67
"Fester Mudd Curse of the Gold - Episode 1",3,2,66.67
"Final Exam",6,4,66.67
"Firefighters 2014",3,2,66.67
"Five Nights at Freddy's 3",12,8,66.67
"Flight of the Icarus",3,2,66.67
Fortix,6,4,66.67
"Freedom Fall",3,2,66.67
"Frozen Synapse Prime",6,4,66.67
"GoD Factory Wingmen",3,2,66.67
"GridRunner Revolution",3,2,66.67
"Guild Wars Game of the Year",3,2,66.67
"Gurumin A Monstrous Adventure",3,2,66.67
Hacknet,6,4,66.67
"Hamilton's Great Adventure",3,2,66.67
"Hard Truck Apocalypse Rise Of Clans / Ex Machina Meridian 113",3,2,66.67
"Heroes of Hellas 3 Athens",3,2,66.67
Horizon,6,4,66.67
Hylics,3,2,66.67
"IL-2 Sturmovik Battle of Stalingrad",3,2,66.67
"If My Heart Had Wings",3,2,66.67
"Infested Planet",9,6,66.67
"Krosmaster Arena",6,4,66.67
"Legend of Dungeon",9,6,66.67
"Light of Altair",3,2,66.67
"London 2012 The Official Video Game of the Olympic Games",3,2,66.67
Lucid,3,2,66.67
"M.U.D. TV",3,2,66.67
MURI,3,2,66.67
"MXGP - The Official Motocross Videogame",3,2,66.67
"MacGuffin's Curse",3,2,66.67
"Mad Games Tycoon",3,2,66.67
Maia,3,2,66.67
"Marble Mayhem Fragile Ball",3,2,66.67
"Max The Curse of Brotherhood",3,2,66.67
"Merchants of Kaidan",3,2,66.67
"Mishap An Accidental Haunting",3,2,66.67
Monaco,96,64,66.67
"Myst Masterpiece Edition",6,4,66.67
"Myst V",3,2,66.67
"NBA 2K12",3,2,66.67
"Nancy Drew Ransom of the Seven Ships ",3,2,66.67
"Nimble Quest",3,2,66.67
OTTTD,3,2,66.67
"Out of the Park Baseball 15",6,4,66.67
"Over 9000 Zombies!",3,2,66.67
"Paint the Town Red",3,2,66.67
"Paranormal State Poison Spring Collector's Edition",3,2,66.67
"Party of Sin",6,4,66.67
"Pat & Mat",3,2,66.67
"Port Royale 2",3,2,66.67
"Project Explore",3,2,66.67
"Rag Doll Kung Fu",6,4,66.67
"Red Crucible Firestorm",69,46,66.67
Republique,3,2,66.67
"Restaurant Empire II",3,2,66.67
"Robin Hood",3,2,66.67
"RollerCoaster Tycoon 2 Triple Thrill Pack",12,8,66.67
"SONIC THE HEDGEHOG 4 Episode II",6,4,66.67
"STAR WARS X-Wing Alliance",3,2,66.67
STARWHAL,3,2,66.67
"Sang-Froid - Tales of Werewolves",15,10,66.67
"Shadow Puppeteer",3,2,66.67
"Shadows of War",3,2,66.67
"ShootMania Storm",3,2,66.67
"Silent Hunter Wolves of the Pacific",3,2,66.67
Singularity,12,8,66.67
"Skyward Collapse",3,2,66.67
"Sometimes Success Requires Sacrifice",3,2,66.67
"Space Farmers",6,4,66.67
"Star Trek",6,4,66.67
"Styx Master of Shadows",21,14,66.67
"Super Motherload",3,2,66.67
"Swarm Arena",3,2,66.67
"The Book of Unwritten Tales 2",3,2,66.67
"The Collider",3,2,66.67
"The Marvellous Miss Take",3,2,66.67
"The Polynomial",12,8,66.67
"The Raven - Legacy of a Master Thief",6,4,66.67
"The Witcher Adventure Game",3,2,66.67
"Tiny Troopers",3,2,66.67
"Ubersoldier II",3,2,66.67
Ultratron,6,4,66.67
Unmechanical,3,2,66.67
inMomentum,3,2,66.67
Counter-Strike,856,568,66.36
"The Witcher 2 Assassins of Kings Enhanced Edition",257,170,66.15
"Wargame European Escalation",56,37,66.07
Trove,384,253,65.89
Antichamber,76,50,65.79
"Bully Scholarship Edition",35,23,65.71
Awesomenauts,104,68,65.38
"The Elder Scrolls IV Oblivion ",101,66,65.35
"Resident Evil 5 / Biohazard 5",49,32,65.31
"ORION Prelude",123,80,65.04
"Frozen Synapse",40,26,65.0
Grimm,20,13,65.0
"Peggle Deluxe",20,13,65.0
"Batman Arkham Origins",151,98,64.9
"Quantum Conundrum",17,11,64.71
"Takedown Red Sabre",17,11,64.71
WAKFU,51,33,64.71
"Star Wars Knights of the Old Republic",127,82,64.57
"Darksiders II",104,67,64.42
"Burnout Paradise The Ultimate Box",129,83,64.34
"Tower Wars",28,18,64.29
Transistor,53,34,64.15
"Amnesia A Machine for Pigs",39,25,64.1
"World of Goo",64,41,64.06
"Metro Conflict",25,16,64.0
"Sir, You Are Being Hunted",25,16,64.0
"Solar 2",25,16,64.0
"The Walking Dead Season Two",75,48,64.0
"Block N Load",72,46,63.89
BioShock,224,143,63.84
"Analogue A Hate Story",11,7,63.64
"Apotheon Arena",11,7,63.64
Blockstorm,11,7,63.64
"Crusaders of the Lost Idols",11,7,63.64
"Gems of War",11,7,63.64
"Ghost Master",11,7,63.64
"Golden Rush",11,7,63.64
MapleStory,33,21,63.64
"Patrician IV Steam Special Edition",11,7,63.64
"Peggle Nights",11,7,63.64
"Valdis Story Abyssal City",11,7,63.64
"World of Soccer online",22,14,63.64
"AdVenture Capitalist",222,141,63.51
"Poker Night at the Inventory",52,33,63.46
"Everlasting Summer",60,38,63.33
"Loadout Campaign Beta",30,19,63.33
"Viscera Cleanup Detail Santa's Rampage",30,19,63.33
"Red Faction Guerrilla Steam Edition",68,43,63.24
Eufloria,19,12,63.16
LIMBO,133,84,63.16
Mountain,19,12,63.16
"Soccer Manager 2015",19,12,63.16
"SteamWorld Dig",38,24,63.16
"Grand Theft Auto San Andreas",179,113,63.13
"Mirror's Edge",189,119,62.96
"Relic Hunters Zero",35,22,62.86
"99 Levels To Hell",8,5,62.5
"AaAaAA!!! - A Reckless Disregard for Gravity",8,5,62.5
"Alien Rage - Unlimited",8,5,62.5
"Aliens versus Predator Classic 2000",16,10,62.5
"Another World",8,5,62.5
"Brothers - A Tale of Two Sons",64,40,62.5
"Bunch Of Heroes",16,10,62.5
"DOOM 3",32,20,62.5
Distance,8,5,62.5
"Go! Go! Nippon! ~My First Trip to Japan~",8,5,62.5
GooCubelets,8,5,62.5
"LEGO Batman 3 Beyond Gotham",8,5,62.5
Legendary,16,10,62.5
"Little Racers STREET",8,5,62.5
"Pool Nation",16,10,62.5
"Remember Me",40,25,62.5
Sengoku,8,5,62.5
"The Wonderful End of the World",8,5,62.5
"They Bleed Pixels",16,10,62.5
"Toki Tori",32,20,62.5
"Warhammer 40,000 Dawn of War  Soulstorm",40,25,62.5
Shatter,29,18,62.07
"Dear Esther",50,31,62.0
"Dungeon Siege III",50,31,62.0
"Endless Sky",21,13,61.9
"Tom Clancy's Rainbow Six Vegas 2",21,13,61.9
"Serious Sam 3 BFE",118,73,61.86
"Boring Man - Online Tactical Stickman Combat",34,21,61.76
"Two Worlds II",47,29,61.7
"Call of Duty 2",13,8,61.54
"EasyAntiCheat eSports",13,8,61.54
"Guild Wars",13,8,61.54
"Portal 2 - The Final Hours",13,8,61.54
"Star Wars Empire at War Gold",65,40,61.54
"The Evil Within",26,16,61.54
"Zeno Clash",26,16,61.54
"the static speaks my name",13,8,61.54
"The Darkness II",57,35,61.4
"The Incredible Adventures of Van Helsing",62,38,61.29
"Cook, Serve, Delicious!",18,11,61.11
"Spooky's House of Jump Scares",54,33,61.11
"The Ball",18,11,61.11
"The Incredible Adventures of Van Helsing II",23,14,60.87
"Borderlands 2 RU",33,20,60.61
Prototype,33,20,60.61
"Dust An Elysian Tail",76,46,60.53
"Echo of Soul",38,23,60.53
"SEGA Genesis & Mega Drive Classics",38,23,60.53
"Far Cry 3 Blood Dragon",81,49,60.49
"Batman Arkham Asylum GOTY Edition",182,110,60.44
"Dirty Bomb",323,195,60.37
"Legend of Grimrock",58,35,60.34
"Metro 2033 Redux",63,38,60.32
"A Valley Without Wind",10,6,60.0
"Agarest Zero",5,3,60.0
"Blitzkrieg Anthology",5,3,60.0
"Burn Zombie Burn",5,3,60.0
"Bus Driver",10,6,60.0
"Carpe Diem",5,3,60.0
"Combat Wings Battle of Britain",5,3,60.0
"Deadfall Adventures",5,3,60.0
"Democracy 2",5,3,60.0
"Dracula's Legacy",5,3,60.0
"Dungeon Hearts",5,3,60.0
"Eador. Masters of the Broken World",10,6,60.0
"Earth Defense Force Insect Armageddon",5,3,60.0
"Edge of Space",10,6,60.0
"Ether One",5,3,60.0
"Europa Universalis Rome - Gold Edition",5,3,60.0
"FINAL FANTASY III",10,6,60.0
"Freedom Force",10,6,60.0
"Galaxy on Fire 2 Full HD",20,12,60.0
"Gang Beasts",15,9,60.0
"Gas Guzzlers Extreme",10,6,60.0
Gomo,5,3,60.0
Gravilon,10,6,60.0
"Guns'N'Zombies",5,3,60.0
"Hearts of Iron II Complete",5,3,60.0
"Hydrophobia Prophecy",20,12,60.0
"Iron Brigade",10,6,60.0
"Jigoku Kisetsukan Sense of the Seasons",10,6,60.0
Kairo,5,3,60.0
"Kingdom Rush",15,9,60.0
LISA,10,6,60.0
"Labyronia RPG",5,3,60.0
"Lunar Flight",10,6,60.0
"MLB Front Office Manager",5,3,60.0
"Marlow Briggs",5,3,60.0
"NASCAR '14",5,3,60.0
"Neverending Nightmares",5,3,60.0
"No Time to Explain",5,3,60.0
"Not The Robots",5,3,60.0
"Oddworld Stranger's Wrath HD",15,9,60.0
"Pro Cycling Manager 2015",5,3,60.0
QuantZ,5,3,60.0
"Ravaged Zombie Apocalypse",10,6,60.0
"Resident Evil Operation Raccoon City",5,3,60.0
SNOW,5,3,60.0
"Seduce Me the Otome",5,3,60.0
"Sherlock Holmes Nemesis",5,3,60.0
"Soccer Manager 2016",20,12,60.0
"Speedball 2 Tournament",10,6,60.0
"Squishy the Suicidal Pig",20,12,60.0
"Steel Ocean",20,12,60.0
"Super Amazing Wagon Adventure",5,3,60.0
"Survivor Squad",5,3,60.0
"THE KING OF FIGHTERS XIII STEAM EDITION",35,21,60.0
"Tank Universal",5,3,60.0
"The Adventures of Mr. Bobley",5,3,60.0
"Tiny Bridge Ratventure",5,3,60.0
"Tropico 3 Absolute Power",20,12,60.0
Unepic,30,18,60.0
"Wasteland Angel",5,3,60.0
"Year Walk",5,3,60.0
"Ys I",5,3,60.0
"Zack Zero",5,3,60.0
FEZ,87,52,59.77
WARMODE,82,49,59.76
"Anomaly Warzone Earth",62,37,59.68
Osmos,37,22,59.46
"Dead Bits",32,19,59.38
UberStrike,59,35,59.32
"Dino D-Day",108,64,59.26
"Rising Storm/Red Orchestra 2 Multiplayer",201,119,59.2
"Super Hexagon",49,29,59.18
Darksiders,154,91,59.09
"Woodle Tree Adventures",22,13,59.09
Robocraft,689,407,59.07
"Crysis 2 Maximum Edition",151,89,58.94
"Card Hunter",34,20,58.82
"Chaos on Deponia",17,10,58.82
"Revolution Ace",17,10,58.82
VVVVVV,63,37,58.73
"The Last Remnant",46,27,58.7
"Costume Quest",29,17,58.62
"Don't Starve Together Beta",256,150,58.59
"Clicker Heroes",246,144,58.54
"Rome Total War",106,62,58.49
"Age of Conan Unchained - EU version",12,7,58.33
Blockland,12,7,58.33
"Bound By Flame",12,7,58.33
Chip,12,7,58.33
"Front Mission Evolved",12,7,58.33
"King Arthur Collection",12,7,58.33
"Metal Reaper Online",12,7,58.33
"Might & Magic Clash of Heroes",12,7,58.33
"Moonbase Alpha",60,35,58.33
"Toy Soldiers",12,7,58.33
"Urban Trial Freestyle",12,7,58.33
"Valiant Hearts The Great War / Soldats Inconnus  Mmoires de la Grande Guerre",24,14,58.33
"resident evil 4 / biohazard 4",24,14,58.33
"The Elder Scrolls III Morrowind",67,39,58.21
"Resident Evil Revelations / Biohazard Revelations",31,18,58.06
"Cave Story+",50,29,58.0
"Mount & Blade",50,29,58.0
"ACE COMBAT ASSAULT HORIZON Enhanced Edition",19,11,57.89
"Ghostbusters The Video Game",19,11,57.89
"LEGO The Hobbit",19,11,57.89
"Return to Castle Wolfenstein",19,11,57.89
"Unreal Tournament 2004",19,11,57.89
"Infinite Crisis",64,37,57.81
"Assassin's Creed Revelations",52,30,57.69
"Stronghold 2",26,15,57.69
"The Ultimate DOOM",26,15,57.69
Machinarium,59,34,57.63
"Sanctum 2",92,53,57.61
"Strike Suit Zero",33,19,57.58
"BLOCKADE 3D",209,120,57.42
"The Mighty Quest For Epic Loot",143,82,57.34
AirMech,75,43,57.33
"Warhammer 40,000 Dawn of War II - Chaos Rising",96,55,57.29
Borealis,7,4,57.14
"Breach & Clear",7,4,57.14
"Brilliant Bob",7,4,57.14
"Cossacks II Battle for Europe",7,4,57.14
"Darkest Hour A Hearts of Iron Game",7,4,57.14
Despair,7,4,57.14
"Expeditions Conquistador",7,4,57.14
FlatOut,14,8,57.14
GRID,49,28,57.14
"Galcon Legends",7,4,57.14
"Gone Home",42,24,57.14
"Gumboy Crazy Features",7,4,57.14
"How To Survive Third Person",7,4,57.14
"Insaniquarium! Deluxe",7,4,57.14
"Jagged Alliance 2 - Wildfire ",7,4,57.14
"Jagged Alliance Online - Steam Edition",7,4,57.14
"King Arthur's Gold",21,12,57.14
"Lost Lands A Hidden Object Adventure",7,4,57.14
Lume,7,4,57.14
"Next Car Game Sneak Peek 2.0",28,16,57.14
Outland,14,8,57.14
"Pixel Puzzles Japan",14,8,57.14
"Rush Bros",14,8,57.14
"Scourge Outbreak",7,4,57.14
"Small World 2",7,4,57.14
SolForge,21,12,57.14
"Star Wolves 3 Civil War",7,4,57.14
"Strike Suit Infinity",14,8,57.14
"The Fall",7,4,57.14
"World of Guns Gun Disassembly",121,69,57.02
"Far Cry 2",93,53,56.99
sZone-Online,102,58,56.86
"Little Inferno",44,25,56.82
"Cry of Fear",162,92,56.79
"Lost Planet Extreme Condition",30,17,56.67
"The Culling Of The Cows",30,17,56.67
"Grim Fandango Remastered",23,13,56.52
"Organ Trail Director's Cut",23,13,56.52
"Dead Island Riptide",94,53,56.38
"Dragon Age Origins",55,31,56.36
"Guacamelee! Gold Edition",55,31,56.36
"Path of Exile",339,191,56.34
"Memories of a Vagabond",16,9,56.25
"Tap Tap Infinity",16,9,56.25
"X3 Terran Conflict",32,18,56.25
"Realm of the Mad God",171,96,56.14
"Metro 2033",312,175,56.09
"Tom Clancy's Ghost Recon Phantoms - EU",245,137,55.92
Deadlight,68,38,55.88
Forge,34,19,55.88
"Cubic Castles",52,29,55.77
"Half-Life 2",639,356,55.71
"Deus Ex Human Revolution - Director's Cut",97,54,55.67
"Arx Fatalis",9,5,55.56
FUEL,9,5,55.56
"Fight The Dragon",9,5,55.56
"Gladiators Online Death Before Dishonor",9,5,55.56
"Men of War Assault Squad",36,20,55.56
"Mercenary Kings",18,10,55.56
"Sam & Max 101 Culture Shock",9,5,55.56
"Sam & Max 102 Situation Comedy",9,5,55.56
Screencheat,9,5,55.56
"Snuggle Truck",9,5,55.56
"The Bridge",36,20,55.56
"ibb & obb",9,5,55.56
SMITE,145,80,55.17
8BitMMO,49,27,55.1
"Anna - Extended Edition",20,11,55.0
"Fallen Enchantress Legendary Heroes",20,11,55.0
"Time Clickers",51,28,54.9
"Spore Galactic Adventures",31,17,54.84
"Arma 2",269,147,54.65
"Divinity Dragon Commander",22,12,54.55
"Draw a Stickman EPIC",11,6,54.55
"FlatOut Ultimate Carnage",11,6,54.55
"Indiana Jones and the Fate of Atlantis",11,6,54.55
"Indiana Jones and the Last Crusade",11,6,54.55
"Kings Bounty Legions",11,6,54.55
"Knights of Pen and Paper +1",22,12,54.55
"LEGO Batman The Videogame",11,6,54.55
"MURDERED SOUL SUSPECT",33,18,54.55
"Never Alone (Kisima Ingitchuna)",11,6,54.55
"Shadowrun Hong Kong",11,6,54.55
"Trine 3 The Artifacts of Power",11,6,54.55
Warside,11,6,54.55
"Worms Clan Wars",22,12,54.55
Deponia,48,26,54.17
"Hacker Evolution",24,13,54.17
Sanctum,72,39,54.17
"Star Wars The Force Unleashed Ultimate Sith Edition",61,33,54.1
Toribash,154,83,53.9
"Lego Star Wars Saga",13,7,53.85
"Might & Magic Heroes Online",13,7,53.85
"PlanetSide 2",390,210,53.85
"Rustbucket Rumble",13,7,53.85
"The Longest Journey",13,7,53.85
"The Misadventures of P.B. Winterbottom",13,7,53.85
"The Typing of The Dead Overkill",13,7,53.85
"TowerFall Ascension",13,7,53.85
"Child of Light",41,22,53.66
"Sid Meier's Pirates!",41,22,53.66
"Revenge of the Titans",28,15,53.57
"Crayon Physics Deluxe",43,23,53.49
"Frozen Hearth",15,8,53.33
"System Shock 2",45,24,53.33
Cogs,47,25,53.19
"Codename CURE",64,34,53.13
"Penumbra Overture",32,17,53.13
"To the Moon",64,34,53.13
"Baldur's Gate II Enhanced Edition",17,9,52.94
CroNix,17,9,52.94
"Scania Truck Driving Simulator",17,9,52.94
"The Hat Man Shadow Ward",17,9,52.94
TERA,223,118,52.91
"Zombies Monsters Robots",53,28,52.83
"Serious Sam HD The First Encounter",55,29,52.73
"APB Reloaded",262,138,52.67
ArcheAge,76,40,52.63
"Battlestations Pacific",19,10,52.63
"Sniper Elite",19,10,52.63
Uncrowded,19,10,52.63
"Waking Mars",19,10,52.63
"X3 Albion Prelude",19,10,52.63
"The Lord of the Rings War in the North",97,51,52.58
"No More Room in Hell",438,230,52.51
Vessel,21,11,52.38
"Joe Danger 2 The Movie",25,13,52.0
Polarity,25,13,52.0
Braid,77,40,51.95
"Thomas Was Alone",52,27,51.92
Eldevin,27,14,51.85
Psychonauts,81,42,51.85
"Hard Reset",29,15,51.72
Teeworlds,35,18,51.43
"Batman Arkham City GOTY",212,109,51.42
"War Thunder",590,303,51.36
"Gratuitous Space Battles",37,19,51.35
"Fistful of Frags",154,79,51.3
"Stronghold Crusader HD",45,23,51.11
"Warhammer 40,000 Dawn of War  Dark Crusade",45,23,51.11
"Heroes & Generals",658,335,50.91
"Mass Effect 2",110,56,50.91
Warface,329,167,50.76
"S.K.I.L.L. - Special Force 2",71,36,50.7
"The Ship",85,43,50.59
"Star Trek Online",99,50,50.51
Warframe,847,424,50.06
"1000 Amps",2,1,50.0
"12 Labours of Hercules III Girl Power",6,3,50.0
"18 Wheels of Steel American Long Haul",2,1,50.0
404Sight,14,7,50.0
9.03m,2,1,50.0
"A Golden Wake",2,1,50.0
AXYOS,2,1,50.0
"Abyss The Wraiths of Eden",2,1,50.0
"Adventurer Manager",2,1,50.0
"Age of Conan Rise of the Godslayer",2,1,50.0
"Aggression Europe Under Fire",2,1,50.0
"Air Conflicts - Secret Wars",4,2,50.0
"All Zombies Must Die!",6,3,50.0
"Alone in the Dark",2,1,50.0
"Alpha Kimori Episode One ",4,2,50.0
"Always Sometimes Monsters",24,12,50.0
"Amnesia The Dark Descent",226,113,50.0
Ampu-Tea,6,3,50.0
"Angels of Fasaria Version 2.0",2,1,50.0
Antisquad,2,1,50.0
"Aperture Tag The Paint Gun Testing Initiative",4,2,50.0
Arcadia,2,1,50.0
ArchonClassic,2,1,50.0
"Arms Dealer",2,1,50.0
"Assassin's Creed Rogue",2,1,50.0
Astebreed,4,2,50.0
"BIT.TRIP FATE",4,2,50.0
"Battle Group 2",2,1,50.0
"Battle Islands",22,11,50.0
"Battle vs Chess",2,1,50.0
Bermuda,4,2,50.0
"Beyond Eyes",2,1,50.0
"Beyond Space",2,1,50.0
"Black Viper Sophia's Fate",2,1,50.0
"Blaster Shooter GunGuy!",6,3,50.0
"BlazBlue Calamity Trigger",4,2,50.0
BlazeRush,2,1,50.0
"Blood Bowl Dark Elves Edition",2,1,50.0
"Blood of the Werewolf",2,1,50.0
BloodRayne,2,1,50.0
"BloodRayne Betrayal",4,2,50.0
"Bridge It (plus)",4,2,50.0
"Bus-Simulator 2012",2,1,50.0
"Call of Duty Black Ops - Multiplayer OSX",4,2,50.0
"Call of Duty United Offensive",8,4,50.0
"Call of Tomsk-7",2,1,50.0
"Carmageddon 2 Carpocalypse Now",4,2,50.0
Castle,2,1,50.0
"Castlevania Lords of Shadow  Mirror of Fate HD",4,2,50.0
Chains,12,6,50.0
"Children of the Nile",2,1,50.0
"Children of the Nile Alexandria",2,1,50.0
"Chroma Squad",4,2,50.0
Chrome,2,1,50.0
"Chrome Specforce",2,1,50.0
Circuits,2,1,50.0
"Cities in Motion 2",38,19,50.0
"City Life 2008",2,1,50.0
"City of Heroes",2,1,50.0
Clickr,2,1,50.0
"Clickteam Fusion 2.5",2,1,50.0
"Clown House (Palyao Evi)",14,7,50.0
Clutch,2,1,50.0
"Condemned Criminal Origins",2,1,50.0
"Controller Companion",2,1,50.0
"Corporate Lifestyle Simulator",2,1,50.0
"Cosmic DJ",2,1,50.0
"Cossacks Back to War",8,4,50.0
"Cossacks II Napoleonic Wars",10,5,50.0
Crimsonland,4,2,50.0
"Crossfire Europe",8,4,50.0
"Crouching Pony Hidden Dragon",2,1,50.0
Crowntakers,2,1,50.0
"Crusader Kings Complete",4,2,50.0
Cryostasis,6,3,50.0
"Curse The Eye of Isis",2,1,50.0
"DUNGEONS - The Dark Lord (Steam Special Edition)",10,5,50.0
Damnation,2,1,50.0
"Dark Fall Lost Souls",2,1,50.0
"Dark Void Zero",2,1,50.0
"Darkwind War on Wheels",10,5,50.0
"Deadly 30",6,3,50.0
DeathSpank,8,4,50.0
"Defend Your Life",4,2,50.0
"Defy Gravity",52,26,50.0
"Delta Force Black Hawk Down",2,1,50.0
"Delta Force Black Hawk Down - Team Sabre",2,1,50.0
"Descent Underground",2,1,50.0
"Detective Grimoire",2,1,50.0
Dex,2,1,50.0
"Dinosaur Hunt Africa Contract",2,1,50.0
"Disciples II Gallean's Return",10,5,50.0
"Disciples III Reincarnation",8,4,50.0
"Distant Star Revenant Fleet",2,1,50.0
"Dollar Dash",2,1,50.0
Downwell,4,2,50.0
Drakensang,4,2,50.0
Dream,4,2,50.0
"Dreaming Sarah",2,1,50.0
"Droid Assault",4,2,50.0
"Dungeons The Eye of Draconus",2,1,50.0
"East India Company",2,1,50.0
"Edna & Harvey The Breakout",8,4,50.0
Element4l,6,3,50.0
"Elite Dangerous Horizons",2,1,50.0
"Empire TV Tycoon",2,1,50.0
"Enemy Territory Quake Wars",2,1,50.0
"Eryi's Action",2,1,50.0
"Eschalon Book 2",2,1,50.0
"FRACT OSC",2,1,50.0
"Faces of War",4,2,50.0
"Farming Simulator 2013 - Modding Tutorials",4,2,50.0
"Farming World",2,1,50.0
"Fat Chicken",2,1,50.0
"Final Dusk",4,2,50.0
"Firefly Online Cortex",4,2,50.0
"Foosball - Street Edition",2,1,50.0
"Frankenstein Master of Death",10,5,50.0
"Freddi Fish and Luther's Maze Madness",2,1,50.0
"Frederic Evil Strikes Back",2,1,50.0
"Frontlines Fuel of War",8,4,50.0
"Galcon 2",16,8,50.0
"Game Tycoon 1.5",4,2,50.0
"GemCraft - Chasing Shadows",2,1,50.0
"Geometry Wars 3 Dimensions Evolved",2,1,50.0
Glare,2,1,50.0
Glowfish,2,1,50.0
"Gold Rush! Classic",2,1,50.0
"Gothic 3",20,10,50.0
"Gothic 3 Forsaken Gods Enhanced Edition",8,4,50.0
"Gray Matter",4,2,50.0
Grimind,6,3,50.0
"Grotesque Tactics Evil Heroes",10,5,50.0
"Guardians of Orion",2,1,50.0
"Guilty Gear X2 #Reload",4,2,50.0
GundeadliGne,2,1,50.0
"Gundemonium Recollection",2,1,50.0
Gunscape,14,7,50.0
Gunship!,2,1,50.0
Habitat,2,1,50.0
Halfway,2,1,50.0
"Hamlet or the last game without MMORPG features, shaders and product placement",2,1,50.0
"Hazard Ops",28,14,50.0
"Helicopter Simulator 2014 Search and Rescue",8,4,50.0
"Hero of the Kingdom",6,3,50.0
Hexcells,2,1,50.0
"Hitogata Happa",2,1,50.0
"Hunting Unlimited 2010",4,2,50.0
"I, Zombie",8,4,50.0
Iesabel,2,1,50.0
Impire,8,4,50.0
Influent,4,2,50.0
"International Snooker",2,1,50.0
Interplanetary,6,3,50.0
"Into the Dark",2,1,50.0
"It came from space, and ate our brains",4,2,50.0
"Jade Empire Special Edition",8,4,50.0
Jazzpunk,16,8,50.0
"Jet Gunner",10,5,50.0
"Joe Dever's Lone Wolf HD Remastered",2,1,50.0
"Judge Dredd Dredd vs Death",2,1,50.0
"Just Get Through",2,1,50.0
"Keen Dreams",2,1,50.0
"Khet 2.0",2,1,50.0
"King's Bounty Dark Side",2,1,50.0
"King's Bounty The Legend",18,9,50.0
"Kingdom Wars 2 Battles",2,1,50.0
"Kingdoms CCG",6,3,50.0
"Kung Fury Street Rage",4,2,50.0
Kyn,2,1,50.0
La-Mulana,10,5,50.0
"Lambda Wars Beta",16,8,50.0
"Legend of Dungeon Masters",6,3,50.0
"Lost Planet 3",28,14,50.0
"Lovely Planet",4,2,50.0
"Lumino City",2,1,50.0
"MLB 2K10",2,1,50.0
"MLB 2K11",2,1,50.0
Maelstrom,2,1,50.0
"Magnetic By Nature",2,1,50.0
"Maszyny Rolnicze 2015",2,1,50.0
"Mega Man Legacy Collection",2,1,50.0
"Melissa K. and the Heart of Gold Collector's Edition",4,2,50.0
"Men of War",24,12,50.0
"Metal Gear Solid Legacy",10,5,50.0
"Metal Planet",2,1,50.0
"Metal War Online Retribution",8,4,50.0
Metrocide,4,2,50.0
"Mighty Gunvolt",4,2,50.0
Millie,2,1,50.0
"NBA 2K11",2,1,50.0
"NBA 2K9",14,7,50.0
"NEED FOR MADNESS ?",4,2,50.0
"NEO Scavenger",8,4,50.0
"Nancy Drew Curse of Blackmoor Manor ",2,1,50.0
"Nancy Drew Danger By Design",2,1,50.0
"Nancy Drew Danger on Deception Island ",2,1,50.0
"Nancy Drew Last Train to Blue Moon Canyon",2,1,50.0
"Nancy Drew Lights, Camera, Curses!",2,1,50.0
"Nancy Drew Secret of the Scarlet Hand ",2,1,50.0
"Nancy Drew Secrets can Kill",2,1,50.0
"Nancy Drew Shadow at the Water's Edge",2,1,50.0
"Nancy Drew The White Wolf of Icicle Creek",2,1,50.0
"Nancy Drew Warnings at Waverly Academy",2,1,50.0
Nightbanes,6,3,50.0
Nimbus,6,3,50.0
"Nuclear Dawn",24,12,50.0
"Numen Contest of Heroes",4,2,50.0
NyxQuest,4,2,50.0
O.R.B.,2,1,50.0
Obscure,2,1,50.0
Omegalodon,2,1,50.0
Oniken,2,1,50.0
"Organic Panic",2,1,50.0
Overture,4,2,50.0
"Parkan 2",2,1,50.0
Particulars,2,1,50.0
"Party Hard",2,1,50.0
"Pirates of Black Cove",4,2,50.0
"Pixel Puzzles UndeadZ",2,1,50.0
Pongo,2,1,50.0
"Port of Call",4,2,50.0
"Post Master ",2,1,50.0
"Potatoman Seeks the Troof",2,1,50.0
Power-Up,4,2,50.0
"Pre-Civilization Marble Age",2,1,50.0
Prey,8,4,50.0
"Pride of Nations",2,1,50.0
"Prime World Defenders",10,5,50.0
"Pro Cycling Manager Season 2009",2,1,50.0
"Putt-Putt Travels Through Time",2,1,50.0
"Putt-Putt and Pep's Balloon-o-Rama",2,1,50.0
"Puzzler World 2",2,1,50.0
Quake,16,8,50.0
Qvadriga,2,1,50.0
"RADical ROACH Deluxe Edition",16,8,50.0
ROCKETSROCKETSROCKETS,4,2,50.0
"RPG Maker 2000",2,1,50.0
"Real Boxing",4,2,50.0
"Realms of Arkania 3 - Shadows over Riva Classic",2,1,50.0
"Residue Final Cut",2,1,50.0
Retention,4,2,50.0
Retrovirus,2,1,50.0
"Return to Mysterious Island 2",2,1,50.0
"Rhythm Zone",2,1,50.0
"Rig 'n' Roll",4,2,50.0
"Ring Runner Flight of the Sages",6,3,50.0
RoboBlitz,2,1,50.0
"Rogue's Tale",2,1,50.0
"RollerCoaster Tycoon",2,1,50.0
Rotieer,2,1,50.0
"Runespell Overture",2,1,50.0
"S.T.A.L.K.E.R. Call of Pripyat",50,25,50.0
"STAR WARS X-Wing vs. TIE Fighter",2,1,50.0
"Sacred Gold",12,6,50.0
"Saturday Morning RPG",2,1,50.0
Scarygirl,2,1,50.0
"Schrdinger's Cat and the Raiders of the Lost Quark",2,1,50.0
"Secret Files Puritas Cordis",2,1,50.0
"Secret Files Sam Peters",2,1,50.0
"Secret of the Magic Crystal",6,3,50.0
"Secrets of Rtikon",8,4,50.0
"Section 8",6,3,50.0
"Shad'O",2,1,50.0
"Shadow of Kingdoms",2,1,50.0
"Shadowgate MacVenture Series",4,2,50.0
"Shan Gui",2,1,50.0
Shelter,10,5,50.0
"Sherlock Holmes and The Hound of The Baskervilles",2,1,50.0
"Shiny The Firefly",2,1,50.0
Shipwreck,2,1,50.0
Showtime!,2,1,50.0
"Shufflepuck Cantina Deluxe VR",6,3,50.0
"Silent Hunter Wolves of the Pacific U-Boat Missions",2,1,50.0
"Sinister City",12,6,50.0
"Sins of a Dark Age",26,13,50.0
Slip,2,1,50.0
"Sniper Elite Zombie Army",2,1,50.0
"Song of the Myrne What Lies Beneath",2,1,50.0
"Sonic and SEGA All Stars Racing",4,2,50.0
"Soul Gambler",6,3,50.0
"Space Siege",2,1,50.0
"Speed Kills",2,1,50.0
"Speedball 2 HD",12,6,50.0
"Sphere III Enchanted World",4,2,50.0
"Spoiler Alert",4,2,50.0
"Spooky Cats",2,1,50.0
"Star Wolves",4,2,50.0
StarMade,10,5,50.0
"Stardust Vanguards",2,1,50.0
"State of Decay Year-One",4,2,50.0
"Stellar Impact",2,1,50.0
Stonerid,2,1,50.0
Strider,22,11,50.0
"Strife Veteran Edition",2,1,50.0
"Sugar Cube Bittersweet Factory",2,1,50.0
"Super Hipster Lumberjack",2,1,50.0
"Super Killer Hornet Resurrection",20,10,50.0
Swipecart,8,4,50.0
"Swords and Soldiers HD",12,6,50.0
"System Protocol One",2,1,50.0
"THE KING OF FIGHTERS '98 ULTIMATE MATCH FINAL EDITION",2,1,50.0
"THE KING OF FIGHTERS 2002 UNLIMITED MATCH",4,2,50.0
"TRANSFORMERS Rise of the Dark Spark",2,1,50.0
"TRI Of Friendship and Madness",2,1,50.0
"Take Command Second Manassas",2,1,50.0
"Tales of Monkey Island Chapter 1 - Launch of the Screaming Narwhal",10,5,50.0
"Teddy Floppy Ear - Mountain Adventure",2,1,50.0
"Temper Tantrum",8,4,50.0
"The 7th Guest",4,2,50.0
"The Age of Decadence",2,1,50.0
"The Book of Unwritten Tales",18,9,50.0
"The Clockwork Man The Hidden World",2,1,50.0
"The Club",2,1,50.0
"The Dead Linger",4,2,50.0
"The Defenders The Second Wave",2,1,50.0
"The Floor is Jelly",2,1,50.0
"The Guild II Renaissance",24,12,50.0
"The Howler",8,4,50.0
"The Journey Down Chapter One",10,5,50.0
"The Kings' Crusade",4,2,50.0
"The Masterplan",2,1,50.0
"The Movies",2,1,50.0
"The Next BIG Thing",4,2,50.0
"The Nightmare Cooperative",2,1,50.0
"The Slaughtering Grounds",6,3,50.0
"The Sun at Night",2,1,50.0
"The Swindle",2,1,50.0
"The Undying Plague",2,1,50.0
"Tiamat X",2,1,50.0
Timberman,4,2,50.0
"Time Mysteries 2 The Ancient Spectres",2,1,50.0
TimeShift,6,3,50.0
"Tiny Brains",4,2,50.0
"Titan Quest",116,58,50.0
"Tom Clancy's Ghost Recon",4,2,50.0
"Tom Clancy's H.A.W.X.",4,2,50.0
"Tom Clancy's Rainbow Six 3 Gold Edition",6,3,50.0
"Trapped Dead",8,4,50.0
"Turok Dinosaur Hunter",2,1,50.0
"Twin Sector",2,1,50.0
"UFO Aftermath",2,1,50.0
"Unity of Command",2,1,50.0
"Unreal Gold",16,8,50.0
"Uriel's Chasm",14,7,50.0
Vagante,2,1,50.0
"Vanguard Princess",8,4,50.0
VelocityUltra,2,1,50.0
"Victory At Sea",2,1,50.0
"Victory The Age of Racing",2,1,50.0
"Vintage Year",2,1,50.0
Violett,2,1,50.0
"Vlad the Impaler",2,1,50.0
VoidExpanse,2,1,50.0
Volt,2,1,50.0
"WRC Powerslide",4,2,50.0
"War in a Box Paper Tanks",2,1,50.0
"War of Beach",4,2,50.0
"Watchmen The End Is Nigh Part 2",2,1,50.0
"White Noise Online",4,2,50.0
"Wildlife Park 2 - Dino World",2,1,50.0
"Wildlife Park 2 - Marine World",2,1,50.0
"Wildlife Park 3",6,3,50.0
"Wind of Luck Arena",10,5,50.0
"World Basketball Manager 2010",2,1,50.0
"YOU DON'T KNOW JACK",2,1,50.0
"Your Doodles Are Bugged!",2,1,50.0
"Ys VI The Ark of Napishtim",2,1,50.0
Z,2,1,50.0
"Zero Gear",4,2,50.0
"Zombie Zoeds",4,2,50.0
"iBomber Defense",4,2,50.0
iO,2,1,50.0
oO,2,1,50.0
"planetarian ~the reverie of a little planet~",2,1,50.0
realMyst,6,3,50.0
theHunter,248,124,50.0
Loadout,358,177,49.44
"Red Orchestra Ostfront 41-45",63,31,49.21
"Portal Stories Mel",49,24,48.98
HAWKEN,225,110,48.89
"Worms Armageddon",43,21,48.84
"Star Wars Republic Commando",68,33,48.53
"Duke Nukem 3D Megaton Edition",33,16,48.48
"Max Payne",33,16,48.48
"Alpha Protocol",31,15,48.39
"Painkiller Hell & Damnation",31,15,48.39
Transformice,93,45,48.39
"Magicka Wizard Wars",238,115,48.32
Nosgoth,354,171,48.31
"Happy Wars",114,55,48.25
"Star Conflict",112,54,48.21
Fallout,54,26,48.15
"Stealth Bastard Deluxe",27,13,48.15
"The Swapper",54,26,48.15
"Race The Sun",52,25,48.08
"Canyon Capers",25,12,48.0
"Greed Corp",25,12,48.0
"STAR WARS Knights of the Old Republic II The Sith Lords",100,48,48.0
"Ticket to Ride",25,12,48.0
"Dungeon Siege",23,11,47.83
"HIS (Heroes In the Sky)",23,11,47.83
"Giana Sisters Twisted Dreams",44,21,47.73
"Piercing Blow",21,10,47.62
"Lone Survivor The Director's Cut",40,19,47.5
"War of the Roses",97,46,47.42
"Brtal Legend",76,36,47.37
POSTAL,19,9,47.37
SkyDrift,19,9,47.37
Neverwinter,288,136,47.22
Echoes+,17,8,47.06
"Pirates, Vikings, & Knights II",32,15,46.88
"S.T.A.L.K.E.R. Clear Sky",32,15,46.88
"Star Wars Jedi Knight Jedi Academy",79,37,46.84
"Only If",77,36,46.75
"Champions Online",45,21,46.67
"Disney Infinity 3.0 Play Without Limits",15,7,46.67
"Legend of Grimrock 2",15,7,46.67
"Might & Magic Duel of Champions",30,14,46.67
"Really Big Sky",45,21,46.67
"Resident Evil Revelations 2 / Biohazard Revelations 2",30,14,46.67
"Saints Row IV Inauguration Station",15,7,46.67
"School of Dragons How to Train Your Dragon",60,28,46.67
"Smashmuck Champions",15,7,46.67
"The Way of Life Free Edition",45,21,46.67
"Counter-Strike Nexon Zombies",395,184,46.58
RIFT,161,75,46.58
"Gear Up",116,54,46.55
SpaceChem,71,33,46.48
Gish,28,13,46.43
"Spiral Knights",138,64,46.38
"Afterfall InSanity Extended Edition",67,31,46.27
"Deus Ex Game of the Year Edition",80,37,46.25
"Bloodline Champions",52,24,46.15
"Disciples III Renaissance",13,6,46.15
"Dragon's Prophet",13,6,46.15
EDGE,26,12,46.15
"ENSLAVED Odyssey to the West Premium Edition",13,6,46.15
"Villagers and Heroes",39,18,46.15
"Gun Monkeys",63,29,46.03
"Blacklight Retribution",176,81,46.02
"Blood Bowl Legendary Edition",37,17,45.95
"Super Crate Box",74,34,45.95
"Double Action Boogaloo",98,45,45.92
"Fallout 2",48,22,45.83
"Unreal Tournament Game of the Year Edition",24,11,45.83
"F.E.A.R. 3",116,53,45.69
Survarium,173,79,45.66
"Heroes of Might & Magic V Tribes of the East",11,5,45.45
"Kung Fu Strike The Warrior's Rise",11,5,45.45
Loom,11,5,45.45
"Men of War Vietnam",11,5,45.45
"Missing Translation",11,5,45.45
"Peggle Extreme",11,5,45.45
"PixelJunk Shooter",11,5,45.45
QuestRun,11,5,45.45
"Railroad Tycoon 3",11,5,45.45
"STORM Frontline Nation",11,5,45.45
"Arma 2 DayZ Mod",130,59,45.38
"Galactic Civilizations II Ultimate Edition",53,24,45.28
"Bejeweled 3",31,14,45.16
"Metro Last Light Redux",62,28,45.16
Home,20,9,45.0
"Running Shadow",20,9,45.0
"Shadow Warrior Classic Redux",20,9,45.0
Jamestown,49,22,44.9
Rochard,29,13,44.83
"Command and Conquer Red Alert 3 - Uprising",67,30,44.78
"Stronghold Kingdoms",105,47,44.76
Brick-Force,92,41,44.57
"A Virus Named TOM",27,12,44.44
"Call of Cthulhu Dark Corners of the Earth",9,4,44.44
"Defender's Quest Valley of the Forgotten",9,4,44.44
Eldritch,9,4,44.44
Elsword,63,28,44.44
"Hack 'n' Slash",9,4,44.44
"Heroes of Might & Magic III - HD Edition",18,8,44.44
"Jurassic Park The Game",9,4,44.44
"LEGO Batman 2",9,4,44.44
Nihilumbra,9,4,44.44
Obulis,9,4,44.44
"PARTICLE MACE",9,4,44.44
"Quake 4",9,4,44.44
Requiem,9,4,44.44
"Shadows on the Vatican - Act I Greed",18,8,44.44
Survivalist,9,4,44.44
"Tiny and Big Grandpa's Leftovers",36,16,44.44
"Volgarr the Viking",9,4,44.44
Wickland,9,4,44.44
"You Have to Win the Game",43,19,44.19
Dustforce,34,15,44.12
"Max Payne 2 The Fall of Max Payne",34,15,44.12
"Supreme Commander Forged Alliance",59,26,44.07
"America's Army Proving Grounds",121,53,43.8
"Bridge Project",16,7,43.75
"Quake III Arena",16,7,43.75
"Risen 2 - Dark Waters",80,35,43.75
"Shank 2",32,14,43.75
"Sigils of Elohim",16,7,43.75
"Tom Clancy's Splinter Cell",16,7,43.75
Deadbreed,39,17,43.59
"Shadowrun Dragonfall - Director's Cut",39,17,43.59
"Dragon Nest Europe",46,20,43.48
"Full Mojo Rampage",23,10,43.48
"Out There Somewhere",23,10,43.48
"RACE 07",92,40,43.48
Waveform,23,10,43.48
"Red Faction Armageddon",113,49,43.36
"Far Cry",60,26,43.33
"Overlord II",67,29,43.28
"Grand Theft Auto Vice City",104,45,43.27
"Europa Universalis III",37,16,43.24
"Medieval II Total War Kingdoms",79,34,43.04
"A.V.A - Alliance of Valiant Arms",63,27,42.86
"Agricultural Simulator 2013 Steam Edition",7,3,42.86
"Bionic Dues",14,6,42.86
"Bloody Good Time",7,3,42.86
"Bridge Constructor",14,6,42.86
"Call of Juarez Bound in Blood",14,6,42.86
"Cargo Commander",7,3,42.86
"Carrier Command Gaea Mission",14,6,42.86
"Cortex Command",14,6,42.86
"Cossacks Art of War",7,3,42.86
"DarkStar One",7,3,42.86
"Disciples II Rise of the Elves",7,3,42.86
DisplayFusion,7,3,42.86
"Fieldrunners 2",7,3,42.86
Fingerbones,7,3,42.86
"Flatout 3",7,3,42.86
"Infinity Wars - Animated Trading Card Game",35,15,42.86
"Jolly Rover",7,3,42.86
"KickBeat Steam Edition",14,6,42.86
Knock-knock,7,3,42.86
"Marvel Puzzle Quest",21,9,42.86
"Meridian New World",7,3,42.86
"Of Orcs And Men",14,6,42.86
"Patrician IV Rise of a Dynasty",7,3,42.86
"Pyramid Raid",7,3,42.86
Serena,14,6,42.86
"Space Empires IV Deluxe",7,3,42.86
"Strong Bad Episode 1 Homestar Ruiner",7,3,42.86
"Sword of the Stars The Pit",7,3,42.86
Terrorhedron,7,3,42.86
Teslagrad,7,3,42.86
"The Dream Machine",7,3,42.86
"The Tiny Bang Story",14,6,42.86
"X2 The Threat",14,6,42.86
"Zombie Shooter 2",7,3,42.86
"Super Monday Night Combat",82,35,42.68
Defiance,218,93,42.66
Vindictus,61,26,42.62
Archeblade,139,59,42.45
"The Expendabros",151,64,42.38
"Tom Clancy's Ghost Recon Phantoms - NA",314,133,42.36
DEFCON,52,22,42.31
"Spore Creepy & Cute Parts Pack",26,11,42.31
"MicroVolts Surge",45,19,42.22
"F.E.A.R. Online",64,27,42.19
"Insanely Twisted Shadow Planet",19,8,42.11
"Magic Barrage - Bitferno",19,8,42.11
"MechWarrior Online",19,8,42.11
"Penumbra Black Plague",19,8,42.11
"War Inc. Battlezone",76,32,42.11
"Gotham City Impostors Free To Play",162,68,41.98
"Titan Quest Immortal Throne",74,31,41.89
Batla,36,15,41.67
"Cities XL Platinum",36,15,41.67
"Dr. Langeskov, The Tiger, and The Terribly Cursed Emerald A Whirlwind Heist",12,5,41.67
"Faerie Solitaire",12,5,41.67
"Jagged Alliance - Back in Action",12,5,41.67
LUFTRAUSERS,24,10,41.67
"Dead Space",157,65,41.4
Blackguards,29,12,41.38
Stacking,29,12,41.38
"Tribes Ascend",104,43,41.35
"Gothic II Gold Edition",17,7,41.18
HOARD,34,14,41.18
"Indie Game The Movie",17,7,41.18
"Sine Mora",17,7,41.18
"The Showdown Effect",34,14,41.18
"DiRT Showdown",56,23,41.07
"Tactical Intervention",151,62,41.06
"Cthulhu Saves the World ",39,16,41.03
Shank,39,16,41.03
"Grand Theft Auto Episodes from Liberty City",181,74,40.88
"Dragons and Titans",59,24,40.68
Altitude,32,13,40.63
"Bad Rats",32,13,40.63
"The Plan",32,13,40.63
"Day of Defeat Source",409,166,40.59
"And Yet It Moves",37,15,40.54
"Global Agenda",37,15,40.54
"Guns and Robots",74,30,40.54
"Aces Wild Manic Brawling Action!",5,2,40.0
"Age of Wonders",5,2,40.0
"Age of Wonders 2",5,2,40.0
"Anno Online",20,8,40.0
"Battle Nations",20,8,40.0
"Black Mirror",5,2,40.0
"Brothers in Arms Road to Hill 30",5,2,40.0
Burstfire,5,2,40.0
"Clive Barker's Jericho",5,2,40.0
Cloudbuilt,5,2,40.0
"Crimzon Clover  WORLD IGNITION",5,2,40.0
"Cubemen 2",5,2,40.0
DARK,5,2,40.0
Demonicon,5,2,40.0
"Deus Ex Human Revolution - The Missing Link",55,22,40.0
"Divinity II - The Dragon Knight Saga",5,2,40.0
"Dysfunctional Systems Learning to Manage Chaos",5,2,40.0
"Epic Arena",10,4,40.0
"Eternal Fate",10,4,40.0
Firefall,195,78,40.0
"Full Spectrum Warrior",5,2,40.0
"Gigantic Army",5,2,40.0
"Gods Will Be Watching",5,2,40.0
"Imperium Romanum Gold Edition",10,4,40.0
"Intrusion 2",25,10,40.0
"Mutant Mudds Deluxe",5,2,40.0
Platypus,5,2,40.0
Puddle,5,2,40.0
Quintet,10,4,40.0
"Racer 8",25,10,40.0
"Risen 3 - Titan Lords",10,4,40.0
"Rome Total War - Alexander",45,18,40.0
"SC2VN - The eSports Visual Novel",5,2,40.0
Scoregasm,5,2,40.0
"Season of Mystery  The Cherry Blossom Murders",5,2,40.0
"Shadow Harvest Phantom Ops",5,2,40.0
"Sherlock Holmes versus Jack the Ripper",5,2,40.0
"Skara - The Blade Remains",5,2,40.0
"Skulls of the Shogun",10,4,40.0
"Starlaxis Supernova Edition",5,2,40.0
"Stellar 2D",5,2,40.0
"Still Life",5,2,40.0
"Sword Coast Legends",5,2,40.0
"TDP5 Arena 3D",10,4,40.0
"Tea Party Simulator 2015",5,2,40.0
"The Baconing",15,6,40.0
"The Detail",5,2,40.0
"The Four Kings Casino and Slots",20,8,40.0
"The Novelist",10,4,40.0
"The Old Tree",10,4,40.0
"The Void",10,4,40.0
"Theatre of War",5,2,40.0
"Tom Clancy's Ghost Recon Advanced Warfighter",5,2,40.0
"Tower of Guns",10,4,40.0
"Velvet Sundown",40,16,40.0
Walkover,5,2,40.0
Windosill,15,6,40.0
"World War II Panzer Claws",5,2,40.0
"X Beyond the Frontier",10,4,40.0
"YOU DON'T KNOW JACK Vol. 1 XL",5,2,40.0
"Sid Meier's Civilization IV",98,39,39.8
"Fallen Earth",121,48,39.67
Shadowgrounds,43,17,39.53
"Serious Sam 2",33,13,39.39
"Haunted Memories",56,22,39.29
"Nosferatu The Wrath of Malachi",28,11,39.29
"Pinball FX2",28,11,39.29
Proteus,28,11,39.29
"Renegade Ops",23,9,39.13
"Toki Tori 2+",23,9,39.13
"Copa Petrobras de Marcas",41,16,39.02
"Game of Thrones ",41,16,39.02
"PixelJunk Monsters Ultimate",18,7,38.89
"Prince of Persia The Forgotten Sands",18,7,38.89
Syberia,18,7,38.89
"Trainz Simulator 12",18,7,38.89
"Half-Life 2 Episode Two",365,141,38.63
140,13,5,38.46
AirBuccaneers,13,5,38.46
DETOUR,13,5,38.46
Epigenesis,13,5,38.46
"Heroes of Scene",13,5,38.46
"Savant - Ascent",13,5,38.46
"Why So Evil",13,5,38.46
"Dragon Nest",34,13,38.24
"Soldier Front 2",34,13,38.24
"Medal of Honor(TM) Single Player",113,43,38.05
"Crysis Warhead",61,23,37.7
"Half-Life 2 Episode One",394,148,37.56
Aerena,8,3,37.5
"Air Conflicts Pacific Carriers",8,3,37.5
"Avernum Escape From the Pit",8,3,37.5
"Blades of Time",16,6,37.5
"Break Into Zatwor",8,3,37.5
Chantelise,8,3,37.5
"DeathSpank Thongs Of Virtue",8,3,37.5
"Dogfight 1942",8,3,37.5
Fieldrunners,8,3,37.5
"Fractured Space",72,27,37.5
"Gemini Rue",16,6,37.5
"Iron Grip Warlord",8,3,37.5
"Jet Set Radio",8,3,37.5
"MEDIEVAL Total War - Gold Edition",8,3,37.5
"METAL SLUG DEFENSE",24,9,37.5
"Men of War Condemned Heroes",8,3,37.5
"New kind of adventure",8,3,37.5
"One Manga Day",8,3,37.5
"Pink Heaven",8,3,37.5
Q.U.B.E.,8,3,37.5
RUSH,24,9,37.5
"Saints Row 2",152,57,37.5
"Steel Storm Burning Retribution",24,9,37.5
"Tom Clancy's Splinter Cell Chaos Theory",24,9,37.5
"Voices from the Sea",8,3,37.5
"Warhammer 40,000 Dawn of War - Game of the Year Edition",88,33,37.5
"Why So Evil 2 Dystopia",8,3,37.5
"Anarchy Arcade",27,10,37.04
"Superbrothers Sword & Sworcery EP",54,20,37.04
"Dungeons & Dragons Online",46,17,36.96
"Navy Field 2  Conqueror of the Ocean",46,17,36.96
"Marvel Heroes 2015",301,111,36.88
"Binary Domain",19,7,36.84
"Goodbye Deponia",19,7,36.84
"Talisman Prologue",19,7,36.84
"Lara Croft and the Guardian of Light",71,26,36.62
"Dark Messiah of Might & Magic Single Player",52,19,36.54
Dungeonland,74,27,36.49
"A Story About My Uncle",11,4,36.36
Anoxemia,11,4,36.36
BEEP,22,8,36.36
"Deadly Premonition The Director's Cut",11,4,36.36
Greyfox,11,4,36.36
Mafia,11,4,36.36
"PixelJunk Eden",22,8,36.36
"Railroad Tycoon 2 Platinum",11,4,36.36
"Leviathan Warships",25,9,36.0
"Dead Island Epidemic",353,127,35.98
"Quake Live",214,77,35.98
"BioShock 2",184,66,35.87
"La Tale",53,19,35.85
"Let the Cat In",14,5,35.71
"One Way Heroics",14,5,35.71
"Solstice Arena",14,5,35.71
Spirits,14,5,35.71
"The Dig",14,5,35.71
X-Blades,28,10,35.71
"Grand Theft Auto III",90,32,35.56
Strife,96,34,35.42
"FreeStyle2 Street Basketball",257,91,35.41
"Medal of Honor(TM) Multiplayer",113,40,35.4
"Rise of Flight United",17,6,35.29
"Divine Souls",37,13,35.14
"Worms Ultimate Mayhem",37,13,35.14
"Modular Combat",43,15,34.88
"Oddworld Abe's Exoddus",23,8,34.78
"Company of Heroes",179,62,34.64
"Oil Rush",26,9,34.62
RaiderZ,29,10,34.48
"Back to the Future Ep 1 - It's About Time",32,11,34.38
"March of War",50,17,34.0
"Supreme Commander",53,18,33.96
"Stronghold HD",62,21,33.87
"Warlock - Master of the Arcane",65,22,33.85
"10 Second Ninja",6,2,33.33
"99 Spirits",3,1,33.33
"A-Train 8",3,1,33.33
"AI War Fleet Command",24,8,33.33
"AZMD! Scorepocalypse ",3,1,33.33
"Abyss Odyssey",15,5,33.33
"Agricultural Simulator 2011 Extended Edition",3,1,33.33
"Airport Simulator 2014",3,1,33.33
"Ancient Space",3,1,33.33
ArcaniA,30,10,33.33
Ascendant,3,1,33.33
"Ashes of the Singularity",3,1,33.33
"Axis Game Factory's AGFPRO 3.0",15,5,33.33
"Back to Bed",3,1,33.33
"Bad Hotel",3,1,33.33
"Ballpoint Universe Infinite",9,3,33.33
"Battle Battalions",12,4,33.33
Betrayer,18,6,33.33
"Beware Planet Earth",3,1,33.33
"Bionic Commando",3,1,33.33
"Black Sails",3,1,33.33
"Blazing Angels Squadrons of WWII",3,1,33.33
Boid,3,1,33.33
"Bridge Constructor Medieval",3,1,33.33
Burgers,6,2,33.33
"Call of Juarez",6,2,33.33
Capsized,30,10,33.33
"Carmageddon Max Pack",3,1,33.33
Chaser,6,2,33.33
Cinders,6,2,33.33
"Clergy Splode",3,1,33.33
"Cognition An Erica Reed Thriller",3,1,33.33
Coil,3,1,33.33
"Color Symphony",15,5,33.33
"Containment The Zombie Puzzler",3,1,33.33
"Dark Fall 1 The Journal",3,1,33.33
"Dark Void",3,1,33.33
Darkout,3,1,33.33
"Decay - The Mare",3,1,33.33
Deepworld,18,6,33.33
"Demise of Nations Rome",3,1,33.33
"Depression Quest",12,4,33.33
"Depth Hunter 2 Deep Dive",3,1,33.33
"Devils Share",3,1,33.33
"Drakensang The River of Time",3,1,33.33
"Drunken Robot Pornography",3,1,33.33
"Dungeonbowl Knockout Edition",3,1,33.33
"Dynamite Jack",6,2,33.33
"Enigmatis 2 The Mists of Ravenwood",3,1,33.33
"Escape Rosecliff Island",6,2,33.33
"Etherlords II",3,1,33.33
"F.E.A.R. 2 Project Origin",114,38,33.33
"FINAL FANTASY XI",6,2,33.33
"FLY'N",6,2,33.33
"Feeding Frenzy 2 Shipwreck Showdown Deluxe",6,2,33.33
"Fist Puncher",3,1,33.33
"Full Spectrum Warrior Ten Hammers",6,2,33.33
GUN,3,1,33.33
"Galactic Civilizations I Ultimate Edition",9,3,33.33
"Grand Ages Rome",9,3,33.33
"Gravity Badgers",3,1,33.33
"Great Permutator",3,1,33.33
"Grimoire Manastorm",21,7,33.33
"Guardians of Graxia",3,1,33.33
"Hero Academy",15,5,33.33
Ichi,6,2,33.33
Ignite,6,2,33.33
"Ionball 2  Ionstorm",15,5,33.33
"Journey of a Roach",6,2,33.33
"Karos Returns",6,2,33.33
"LEGO Pirates of the Caribbean The Video Game",3,1,33.33
"Letter Quest Grimm's Journey",3,1,33.33
"Letter Quest Grimm's Journey Remastered",3,1,33.33
"METAL SLUG X",3,1,33.33
Mainland,3,1,33.33
"Making History The Calm & The Storm",3,1,33.33
"Mechanic Escape",18,6,33.33
"MoW Face Off M",3,1,33.33
"Monkey Island 2 Special Edition",27,9,33.33
"Monster Bash",3,1,33.33
"Monster Loves You!",3,1,33.33
"Montague's Mount",3,1,33.33
"Mr. Robot",3,1,33.33
NaissanceE,3,1,33.33
"Nightmares from the Deep 3 Davy Jones",3,1,33.33
"No Time To Explain Remastered",9,3,33.33
"Oozi Earth Adventure",3,1,33.33
"Oscura Lost Light",3,1,33.33
"Pacific Storm Allies",3,1,33.33
"Painkiller Gold Edition",3,1,33.33
"Painkiller Overdose",12,4,33.33
"Paper Sorcerer",3,1,33.33
"Patrician III",6,2,33.33
"Pid ",45,15,33.33
"Pineview Drive",3,1,33.33
Praetorians,6,2,33.33
"Probably Archery",3,1,33.33
"Project Snowblind",6,2,33.33
R.O.O.T.S,3,1,33.33
"Race The WTCC Game",18,6,33.33
"Razor2 Hidden Skies",3,1,33.33
"Real Horror Stories Ultimate Edition",6,2,33.33
"Real Warfare",3,1,33.33
"Reaper - Tale of a Pale Swordsman",3,1,33.33
"Rescue Everyday Heroes",3,1,33.33
Retro/Grade,6,2,33.33
"Reveal The Deep",3,1,33.33
"Scratches Director's Cut",6,2,33.33
"Secret Of Magia",6,2,33.33
"Shadow Man",3,1,33.33
Sideway,6,2,33.33
Silverfall,3,1,33.33
"Skyscraper Simulator",6,2,33.33
Sokobond,3,1,33.33
"Space Empires V",3,1,33.33
"Space Trader Merchant Marine",9,3,33.33
"Street Racing Syndicate",9,3,33.33
"Super Panda Adventures",3,1,33.33
"SuperPower 2 Steam Edition",3,1,33.33
"Sword of the Stars Complete Collection",6,2,33.33
TRAUMA,12,4,33.33
TUG,3,1,33.33
"Terrain Test",3,1,33.33
"The Bard's Tale",18,6,33.33
"The Cat Lady",12,4,33.33
"The Chaos Engine",3,1,33.33
"The Dark Eye Chains of Satinav",9,3,33.33
"The Deer",3,1,33.33
"The Samaritan Paradox",3,1,33.33
"The Secret of Tremendous Corporation",3,1,33.33
"The Settlers Online",15,5,33.33
"The UnderGarden",3,1,33.33
"Theatre of War 2 Kursk 1943 ",3,1,33.33
"Third Eye Crime",3,1,33.33
Tidalis,12,4,33.33
Tinboy,6,2,33.33
"ToCA Race Driver 3",6,2,33.33
"Tom Clancy's Ghost Recon Advanced Warfighter 2",9,3,33.33
"Tomb Raider I",39,13,33.33
"UFO Extraterrestrials Gold",6,2,33.33
"Under the Ocean",3,1,33.33
"Velvet Assassin",12,4,33.33
"War, the Game",3,1,33.33
"Warhammer 40,000 Dawn of War  Winter Assault",45,15,33.33
"Warhammer Online Age of Reckoning",3,1,33.33
"Wizardry 7 Crusaders of the Dark Savant",3,1,33.33
"Woody Two-Legs Attack of the Zombie Pirates",3,1,33.33
"Xpand Rally Xtreme",3,1,33.33
Yosumin!,3,1,33.33
"bit Dungeon II",6,2,33.33
"Counter-Strike Condition Zero",679,225,33.14
Dizzel,91,30,32.97
"Company of Heroes (New Steam Version)",192,63,32.81
"Star Wars - Jedi Knight II Jedi Outcast",61,20,32.79
"Operation Flashpoint Dragon Rising",52,17,32.69
"Arma Cold War Assault",83,27,32.53
"Dead Space 2",83,27,32.53
"The Guild II",40,13,32.5
"Two Worlds Epic Edition",59,19,32.2
"Kane & Lynch 2 Dog Days",53,17,32.08
DogFighter,22,7,31.82
"Eternal Senia",22,7,31.82
"X3 Reunion",22,7,31.82
"AaaaaAAaaaAAAaaAAAAaAAAAA!!! for the Awesome",19,6,31.58
"Adventures of Shuggy",19,6,31.58
"Blender 2.76b",57,18,31.58
F.E.A.R.,76,24,31.58
"Saints Row Gat out of Hell",19,6,31.58
Wizorb,19,6,31.58
"ACE - Arena Cyber Evolution",35,11,31.43
"Floating Point",48,15,31.25
"On the Rain-Slick Precipice of Darkness, Episode One",16,5,31.25
"Sid Meier's Civilization IV Beyond the Sword",80,25,31.25
"GunZ 2 The Second Duel",221,69,31.22
"Crash Time II",45,14,31.11
"Sid Meier's Railroads!",45,14,31.11
Uplink,45,14,31.11
"Combat Arms",29,9,31.03
"DOOM II Hell on Earth",29,9,31.03
8BitBoy,26,8,30.77
"America's Army 3",52,16,30.77
"Blood of Old",13,4,30.77
"Commander Keen Complete Pack",13,4,30.77
"Curse of Mermos",13,4,30.77
"Galcon Fusion",13,4,30.77
GameGuru,13,4,30.77
"I Have No Mouth, and I Must Scream",13,4,30.77
Morphopolis,13,4,30.77
"Narcissu 1st & 2nd",26,8,30.77
Robotex,13,4,30.77
"SiN Episodes Emergence",13,4,30.77
TypeRider,13,4,30.77
"The Bureau XCOM Declassified",49,15,30.61
"Commandos 2 Men of Courage",36,11,30.56
"Men of War Red Tide",23,7,30.43
"Aura Kingdom",135,41,30.37
"Pinball Arcade",33,10,30.3
"Fallout Tactics",43,13,30.23
"Arma 2 Free",20,6,30.0
"Assassin's Creed Freedom Cry",10,3,30.0
"Beatbuddy Tale of the Guardians",30,9,30.0
"Beyond Good & Evil",10,3,30.0
"Call of Duty",10,3,30.0
"Evolution RTS",10,3,30.0
"Get Off My Lawn!",20,6,30.0
"Heretic Shadow of the Serpent Riders",10,3,30.0
"Overcast - Walden and the Werewolf",20,6,30.0
Ragnarok,30,9,30.0
"SUPER DISTRO",10,3,30.0
"Ship Simulator Extremes",10,3,30.0
"Simply Chess",10,3,30.0
"Tales Runner",10,3,30.0
"Tales of Monkey Island Chapter 2 - The Siege of Spinner Cay ",10,3,30.0
"Tales of Monkey Island Chapter 4 - The Trial and Execution of Guybrush Threepwood ",10,3,30.0
"Tales of Monkey Island Chapter 5 - Rise of the Pirate God",10,3,30.0
Half-Life,388,116,29.9
"Hitman Blood Money",77,23,29.87
"TOME Immortal Arena",27,8,29.63
Dwarfs!?,17,5,29.41
"Hacker Evolution - Untold",17,5,29.41
"Hospital Tycoon",17,5,29.41
"Victory Command",17,5,29.41
"Mortal Kombat Kollection",58,17,29.31
"Mortal Online",41,12,29.27
"X-COM UFO Defense",41,12,29.27
Closure,24,7,29.17
"Sid Meier's Civilization III Complete",79,23,29.11
"Knights and Merchants",62,18,29.03
"Ascend Hand of Kul",38,11,28.95
"The Lord of the Rings Online",114,33,28.95
Risen,45,13,28.89
"Rise of Incarnates",146,42,28.77
"Age of Wonders Shadow Magic",7,2,28.57
"Assassins Creed Chronicles China",7,2,28.57
Bardbarian,7,2,28.57
"Camera Obscura",14,4,28.57
"Card City Nights",7,2,28.57
"Close Your Eyes",7,2,28.57
"Cossacks European Wars",7,2,28.57
Darwinia,42,12,28.57
"Dead Rising 2 Off the Record",14,4,28.57
"Deus Ex Revision",7,2,28.57
DiRT,7,2,28.57
"Divinity II Developer's Cut",42,12,28.57
FATE,7,2,28.57
"Fortune Summoners Secret of the Elemental Stone",7,2,28.57
"Gumboy Crazy Adventures",7,2,28.57
"Hack, Slash, Loot",7,2,28.57
"LEGO Harry Potter Years 5-7",14,4,28.57
"Legend of Mysteria",7,2,28.57
"Mitsurugi Kamui Hikae",7,2,28.57
"Painkiller Redemption",14,4,28.57
"Papo & Yo",28,8,28.57
Particula,21,6,28.57
"Penguins Arena Sedna's World",14,4,28.57
"Quake II",14,4,28.57
"Remnants Of Isolation",7,2,28.57
Riven,7,2,28.57
Roogoo,7,2,28.57
"Runaway A Road Adventure",7,2,28.57
"Secret Files Tunguska",7,2,28.57
"Sun Blast",7,2,28.57
"Super Sanctum TD",14,4,28.57
"The Book of Unwritten Tales The Critter Chronicles",7,2,28.57
"The Cat and the Coup",7,2,28.57
"Uncharted Waters Online Gran Atlas",14,4,28.57
Voxelized,7,2,28.57
"Wrath of Athena",7,2,28.57
"Alan Wake's American Nightmare",85,24,28.24
"RaceRoom Racing Experience ",192,54,28.13
"The Ship Single Player",82,23,28.05
Enclave,107,30,28.04
"Back to Dinosaur Island ",25,7,28.0
"Half Minute Hero Super Mega Neo Climax Ultimate Boy",25,7,28.0
Overlord,79,22,27.85
"City of Steam Arkadia",18,5,27.78
HIT,18,5,27.78
"Passing Pineview Forest",18,5,27.78
"Prince of Persia",18,5,27.78
"Q.U.B.E Director's Cut",18,5,27.78
"Age of Empires Online",29,8,27.59
"Prime World",29,8,27.59
"Sam & Max 301 The Penal Zone",29,8,27.59
"All Is Dust",22,6,27.27
Anodyne,11,3,27.27
"Avadon The Black Fortress",11,3,27.27
"Two Worlds II Castle Defense",11,3,27.27
"Viking Battle for Asgard",33,9,27.27
"Wolfenstein 3D",11,3,27.27
"how do you Do It?",11,3,27.27
"Eets Munchies",37,10,27.03
NightSky,37,10,27.03
"SpellForce 2 - Faith in Destiny",26,7,26.92
"Crazy Machines 2",15,4,26.67
"King's Bounty Crossworlds",15,4,26.67
"Lugaru HD ",15,4,26.67
"Orbital Gear",15,4,26.67
"Red Faction",30,8,26.67
Symphony,15,4,26.67
"Sid Meier's Ace Patrol Pacific Skies",34,9,26.47
"Sunrider Mask of Arcadius",34,9,26.47
"EVGA PrecisionX 16",38,10,26.32
"Skullgirls Endless Beta",38,10,26.32
"The Basement Collection",19,5,26.32
Panzar,65,17,26.15
"Sonic Adventure DX",23,6,26.09
"Oddworld Abe's Oddysee",58,15,25.86
"Euro Truck Simulator",31,8,25.81
"EverQuest II",31,8,25.81
"Thinking with Time Machine",39,10,25.64
"Company of Heroes Tales of Valor",129,33,25.58
"Ragnarok Online 2",90,23,25.56
"Free to Play",131,33,25.19
AR-K,4,1,25.0
"Absconding Zatwor",8,2,25.0
"American Conquest",8,2,25.0
"Another Perspective",4,1,25.0
Aquaria,28,7,25.0
"BIT.TRIP CORE",4,1,25.0
"BIT.TRIP VOID",4,1,25.0
"Blackguards 2",12,3,25.0
"Blackwell Convergence",4,1,25.0
"BloodRealm Battlegrounds",12,3,25.0
"BookWorm Deluxe",8,2,25.0
"Broken Sword 1 - Shadow of the Templars Director's Cut",20,5,25.0
CaesarIA,12,3,25.0
"Cherry Tree High I! My! Girls!",4,1,25.0
"CivCity Rome",4,1,25.0
Claire,4,1,25.0
Contrast,8,2,25.0
"Cosmic Osmo",4,1,25.0
"Critical Mass",4,1,25.0
David.,4,1,25.0
"Destination Sol",16,4,25.0
"Destiny Warriors",4,1,25.0
"Dracula Origin",4,1,25.0
"Dreamfall The Longest Journey",8,2,25.0
Driftmoon,4,1,25.0
Eidolon,4,1,25.0
"Electronic Super Joy Groove City",4,1,25.0
"Ethan Meteor Hunter",8,2,25.0
"Ether Vapor Remaster",4,1,25.0
Etherium,4,1,25.0
"FATE Undiscovered Realms",4,1,25.0
"FINAL FANTASY IV",4,1,25.0
"Face Noir",4,1,25.0
"Forsaken Uprising",4,1,25.0
"Fortix 2",4,1,25.0
"Freaking Meatbags",4,1,25.0
"Frozen Free Fall Snowball Fight",8,2,25.0
"Greed Black Border",4,1,25.0
"Half-Life 2 Update",36,9,25.0
"Hate Plus",4,1,25.0
"HeXen II",12,3,25.0
"Heli Heroes",4,1,25.0
"Heroes of Might & Magic V Hammers of Fate",8,2,25.0
"Heroes of SoulCraft",12,3,25.0
"Huntsman - The Orphanage Halloween Edition",4,1,25.0
"Imperial Glory",4,1,25.0
"Into The War",4,1,25.0
"Invisible Apartment",4,1,25.0
"Iron Warriors T-72 Tank Command",4,1,25.0
"Jack Lumber",12,3,25.0
"Jagged Alliance 2 Gold Pack",4,1,25.0
KAMI,8,2,25.0
"King's Bounty Armored Princess",16,4,25.0
"Lamia Must Die",4,1,25.0
"Legends of Aethereus",4,1,25.0
Lightfish,4,1,25.0
"Lilly Looking Through",4,1,25.0
"Majesty Gold Edition",4,1,25.0
"Naval War Arctic Circle",4,1,25.0
"NecroVisioN Lost Company",4,1,25.0
"Ohm Studio",4,1,25.0
"One Way To Die Steam Edition",4,1,25.0
"Painkiller Recurring Evil",8,2,25.0
"Pink Hour",4,1,25.0
"Platypus II",12,3,25.0
"Post Mortem",4,1,25.0
Pressured,12,3,25.0
"Real World Racing",4,1,25.0
"Red Stone Online",4,1,25.0
Redshirt,4,1,25.0
Rexaura,4,1,25.0
"Rocketbirds Hardboiled Chicken",32,8,25.0
"Rogue Warrior",4,1,25.0
"Rune Classic",4,1,25.0
"Shantae Risky's Revenge - Director's Cut",4,1,25.0
"Shattered Planet",4,1,25.0
"Shattered Union",4,1,25.0
"Silent Storm Sentinels",4,1,25.0
Splice,12,3,25.0
"Star Wars Dark Forces",56,14,25.0
"Starion Tactics",4,1,25.0
"Super Puzzle Platformer Deluxe",4,1,25.0
"Tales from Space Mutant Blobs Attack",12,3,25.0
"The Guild Gold Edition",12,3,25.0
"The Inner World",4,1,25.0
"The Moon Sliver",4,1,25.0
"The Night of the Rabbit",8,2,25.0
"The Whispered World",8,2,25.0
"The Yawhg",4,1,25.0
"Theatre of War 2 Africa 1943",4,1,25.0
Tropico,8,2,25.0
"Universal Combat CE",4,1,25.0
"Unreal II The Awakening",16,4,25.0
Velocibox,4,1,25.0
Waves,4,1,25.0
"Wizardry 8",4,1,25.0
Wolfenstein,4,1,25.0
"Written in the Sky",4,1,25.0
"Zafehouse Diaries",4,1,25.0
"Zen Bound 2",16,4,25.0
"Zuma Deluxe",4,1,25.0
"Tropico 3 - Steam Special Edition",97,24,24.74
"Crysis Wars",61,15,24.59
"Football Superstars",37,9,24.32
"Breath of Death VII ",33,8,24.24
"Take On Helicopters",29,7,24.14
"Half-Life 2 Deathmatch",823,198,24.06
"Final DOOM",25,6,24.0
"Penny Arcade's On the Rain-Slick Precipice of Darkness 3",25,6,24.0
"Star Wars The Force Unleashed II",50,12,24.0
Viridi,25,6,24.0
"Anomaly 2",21,5,23.81
"Darkest Hour Europe '44-'45",63,15,23.81
"Forsaken World ",21,5,23.81
"Grand Theft Auto",42,10,23.81
"Thief Gold",55,13,23.64
Aion,17,4,23.53
"My Lands",17,4,23.53
"Teleglitch Die More Edition",51,12,23.53
"DiRT 3 Complete Edition",81,19,23.46
"Guardians of Middle-earth",43,10,23.26
"Red Orchestra 2 Heroes of Stalingrad - Single Player",168,39,23.21
"Cannons Lasers Rockets",13,3,23.08
"Commandos Behind Enemy Lines",26,6,23.08
"Midnight Club II",13,3,23.08
"Painkiller Black Edition",13,3,23.08
"Pool Nation FX",13,3,23.08
"Rusty Hearts",26,6,23.08
"Spartans Vs Zombies Defense",13,3,23.08
"Star Wars Starfighter",39,9,23.08
"Stronghold Legends",26,6,23.08
"Dwarfs F2P",35,8,22.86
"Arma Tactics",22,5,22.73
Eets,22,5,22.73
"Hitman Codename 47",66,15,22.73
"Sid Meier's Civilization IV Colonization",75,17,22.67
"Construct 2 Free",31,7,22.58
"Sacred Citadel",31,7,22.58
"Thief Deadly Shadows",49,11,22.45
"Black Fire",9,2,22.22
"Dawn of Discovery",9,2,22.22
DeadCore,9,2,22.22
"Defense Grid 2 A Matter of Endurance",9,2,22.22
"Disciples III Resurrection",9,2,22.22
"Hell Yeah!",18,4,22.22
Incredipede,9,2,22.22
"Sam & Max 103 The Mole, the Mob and the Meatball",9,2,22.22
"Sam & Max 105 Reality 2.0",9,2,22.22
"Sam & Max 106 Bright Side of the Moon",9,2,22.22
"Syder Arcade",9,2,22.22
"The Lost Crown",9,2,22.22
X-Tension,9,2,22.22
NEOTOKYO,68,15,22.06
"Stealth Inc 2",41,9,21.95
"Sacred 2 Gold",55,12,21.82
"Dungeon Siege 2",23,5,21.74
"Dream Of Mirror Online",14,3,21.43
Gothic,14,3,21.43
"Just Cause",56,12,21.43
"Legacy of Kain Soul Reaver",14,3,21.43
"SpellForce Platinum Edition",14,3,21.43
"Vertical Drop Heroes HD",14,3,21.43
"MX vs. ATV Reflex",33,7,21.21
"RAW - Realms of Ancient War",33,7,21.21
"Shadowgrounds Survivor",33,7,21.21
"Dark Messiah of Might & Magic Multi-Player",52,11,21.15
"Tomb Raider Anniversary",52,11,21.15
"Bionic Commando Rearmed",19,4,21.05
"Lost Saga North America",19,4,21.05
"Penumbra Requiem",19,4,21.05
"Murder Miners",24,5,20.83
"Amazing World",29,6,20.69
"Commandos 3 Destination Berlin",29,6,20.69
"Sid Meier's Ace Patrol",34,7,20.59
"Run and Fire",44,9,20.45
"A New Beginning - Final Cut",15,3,20.0
"A Valley Without Wind 2",10,2,20.0
"American Conquest - Fight Back",5,1,20.0
AquaNox,10,2,20.0
"Avadon 2 The Corruption",5,1,20.0
"Avernum 4",5,1,20.0
"Avernum 5",5,1,20.0
"Avernum 6",5,1,20.0
"Aveyond 3-1 Lord of Twilight",5,1,20.0
"Cherry Tree High Comedy Club",5,1,20.0
"Conflict Denied Ops",5,1,20.0
"Contraption Maker",10,2,20.0
"DOOM 3 Resurrection of Evil",25,5,20.0
"Demolition, Inc.",5,1,20.0
"Dogs of War Online - Beta",10,2,20.0
"Dragon's Prophet (EU)",20,4,20.0
"Dream Pinball 3D",5,1,20.0
"Edna & Harvey Harvey's New Eyes",15,3,20.0
"Electric Highways",5,1,20.0
"Enemy Mind",20,4,20.0
"Escape Machines",5,1,20.0
"FIST OF AWESOME",5,1,20.0
"Face of Mankind",35,7,20.0
"Flora's Fruit Farm",5,1,20.0
"Frontline Tactics",30,6,20.0
"GTR 2 - FIA GT Racing Game",5,1,20.0
"Hacker Evolution Duality",15,3,20.0
"Hostile Waters Antaeus Rising",15,3,20.0
"Larva Mortus",10,2,20.0
"Lilly and Sasha Curse of the Immortals",10,2,20.0
"Magical Diary",5,1,20.0
"Make it indie!",5,1,20.0
"Max Gentlemen",5,1,20.0
"Mini Motor Racing EVO",5,1,20.0
"N.P.P.D. RUSH - The milk of Ultra violet",5,1,20.0
Nexuiz,20,4,20.0
"Offspring Fling!",15,3,20.0
"Original War",5,1,20.0
"Pacific Storm",5,1,20.0
"Prince of Persia Warrior Within",15,3,20.0
ProtoGalaxy,10,2,20.0
"RIP 3 The Last Hero",5,1,20.0
"RPG Maker XP",10,2,20.0
"Rhythm Destruction",5,1,20.0
"Rogue Trooper",5,1,20.0
"Saints Row The Third - Initiation Station",5,1,20.0
Saira,30,6,20.0
"SanctuaryRPG Black Edition",5,1,20.0
"Shellshock 2 Blood Trails",5,1,20.0
"Star Ruler",15,3,20.0
"Tales of Monkey Island Chapter 3 - Lair of the Leviathan ",10,2,20.0
"The Gate",5,1,20.0
"Toybox Turbos",5,1,20.0
"Unholy Heights",5,1,20.0
"World in Conflict",10,2,20.0
"YOU DON'T KNOW JACK Vol. 2",5,1,20.0
"iBomber Defense Pacific",20,4,20.0
"Hitman Sniper Challenge",122,24,19.67
"Star Wars Jedi Knight Dark Forces II",51,10,19.61
"Half-Life Source",190,37,19.47
"Divinity Original Sin Enhanced Edition",72,14,19.44
"Grand Chase",36,7,19.44
Confrontation,31,6,19.35
"Operation Flashpoint Red River",47,9,19.15
"Among Ripples",21,4,19.05
"DCS World",84,16,19.05
"Space Channel 5 Part 2",21,4,19.05
"Superfrog HD",21,4,19.05
"Serious Sam Classic The First Encounter",37,7,18.92
"Back to the Future Ep 2 - Get Tannen!",32,6,18.75
"Prince of Persia The Two Thrones",16,3,18.75
Skyborn,32,6,18.75
"SpellForce 2 Gold Edition",16,3,18.75
"Alien Breed 2 Assault",38,7,18.42
Hammerfight,38,7,18.42
"Royal Quest",49,9,18.37
"Aveyond 3-2 Gates of Night",11,2,18.18
"Crystals of Time",11,2,18.18
"Earth 2150 Trilogy",11,2,18.18
Escape,11,2,18.18
"Esenthel Engine",11,2,18.18
"Game Character Hub",11,2,18.18
Orborun,11,2,18.18
"Penny Arcade's On the Rain-Slick Precipice of Darkness 4",11,2,18.18
"Shower With Your Dad Simulator 2015 Do You Still Shower With Your Dad",11,2,18.18
"Terra Incognita ~ Chapter One The Descendant",11,2,18.18
"Total War Battles SHOGUN",11,2,18.18
"Zeno Clash 2",11,2,18.18
"Half-Life 2 Lost Coast",981,177,18.04
"Hitman 2 Silent Assassin",78,14,17.95
"Audition Online",28,5,17.86
Dethroned!,17,3,17.65
"Day of Defeat",534,94,17.6
"Wallace & Gromit Ep 1 Fright of the Bumblebees",23,4,17.39
"Company of Heroes Opposing Fronts",144,25,17.36
"Tomb Raider Underworld",52,9,17.31
Mabinogi,29,5,17.24
"Puzzle Agent",29,5,17.24
"Kung Fury",41,7,17.07
"Tomb Raider Legend",53,9,16.98
BattleSpace,6,1,16.67
"Blood Omen 2 Legacy of Kain",12,2,16.67
"Bloodwood Reload",6,1,16.67
"Chaos Heroes Online",18,3,16.67
"Colin McRae Rally",12,2,16.67
"Conquest of Champions",6,1,16.67
DRAKERZ-Confrontation,6,1,16.67
"Deadly Profits",6,1,16.67
"Dev Guy",12,2,16.67
"Digital Combat Simulator A-10C Warthog",6,1,16.67
"EverQuest Free-to-Play",24,4,16.67
"Farm Machines Championships 2014",6,1,16.67
GASP,6,1,16.67
"Hector Ep 1",24,4,16.67
"Jagged Alliance Crossfire",6,1,16.67
"Kill The Bad Guy",6,1,16.67
"MirrorMoon EP",6,1,16.67
"Moon Breakers",18,3,16.67
"Mortal Kombat Legacy II - Ep. 1 Reunited in Macau",6,1,16.67
"Naval Warfare",6,1,16.67
"Neighbours from Hell",6,1,16.67
"Neighbours from Hell 2",6,1,16.67
"NiGHTS into Dreams...",18,3,16.67
Nux,12,2,16.67
"Oddworld Munch's Oddysee",12,2,16.67
OlliOlli,12,2,16.67
"Our Darker Purpose",6,1,16.67
"Paranautical Activity Deluxe Atonement Edition",6,1,16.67
"Puzzle Bots",6,1,16.67
"Quantum Rush Online",24,4,16.67
Receiver,42,7,16.67
"Runaway A Twist of Fate",6,1,16.67
"Spriter Pro",6,1,16.67
Startopia,12,2,16.67
"The Forgotten Ones",30,5,16.67
"Wizardry Online",6,1,16.67
Yesterday,6,1,16.67
"The Ship Tutorial",85,14,16.47
"Serious Sam Classic The Second Encounter",37,6,16.22
"Shadow Warrior Classic (1997)",31,5,16.13
"Thief 2",31,5,16.13
"Pox Nora",25,4,16.0
"Serious Sam Double D XXL",25,4,16.0
"Vertiginous Golf",25,4,16.0
"Deus Ex Invisible War",63,10,15.87
"District 187",19,3,15.79
Multiwinia,38,6,15.79
"X-COM Apocalypse",38,6,15.79
"X-COM Terror from the Deep",38,6,15.79
"Alien Breed Impact",32,5,15.63
Famaze,13,2,15.38
"Humanity Asset",13,2,15.38
"Serious Sam The Random Encounter",26,4,15.38
SiN,13,2,15.38
"PAYDAY The Web Series - Episode 1",20,3,15.0
"Battlestations Midway",27,4,14.81
"Arma 2 Private Military Company",48,7,14.58
Alganon,7,1,14.29
"Anomaly Warzone Earth Mobile Campaign",7,1,14.29
"Arctic Combat",21,3,14.29
"Ben There, Dan That!",35,5,14.29
"Cobi Treasure Deluxe",14,2,14.29
"Commando Jack",21,3,14.29
"Flesh Eaters",7,1,14.29
"Games of Glory",7,1,14.29
"Grand Theft Auto 2",42,6,14.29
"Gun Metal",14,2,14.29
"Ittle Dew",7,1,14.29
Light,7,1,14.29
"Puzzle Dimension",7,1,14.29
"Strong Bad Episode 2 Strong Badia the Free",7,1,14.29
"Strong Bad Episode 3 Baddest of the Bands",7,1,14.29
"Strong Bad Episode 4 Dangeresque 3",7,1,14.29
"Vigil Blood Bitterness",7,1,14.29
"Without Within",7,1,14.29
"Counter-Strike Condition Zero Deleted Scenes",679,94,13.84
"Deus Ex The Fall",29,4,13.79
"Master Levels for DOOM II",29,4,13.79
"Alien Breed 3 Descent",22,3,13.64
C9,44,6,13.64
"Samorost 2",22,3,13.64
"Kane & Lynch Dead Men",30,4,13.33
"Worms Crazy Golf",30,4,13.33
"Killing Floor Mod Defence Alliance 2",213,28,13.15
"Fiesta Online NA",23,3,13.04
"Half-Life Blue Shift",363,46,12.67
"Sid Meier's Civilization IV Warlords",79,10,12.66
"Back to the Future Ep 3 - Citizen Brown",32,4,12.5
"Battlegrounds of Eldhelm",8,1,12.5
"Epic Cards Battle(TCG)",8,1,12.5
"Finding Teddy",8,1,12.5
"Fork Parker's Holiday Profit Hike",16,2,12.5
"Grotesque Tactics 2 - Dungeons and Donuts",8,1,12.5
KnightShift,40,5,12.5
"Last Word",8,1,12.5
"Numba Deluxe",8,1,12.5
"On the Rain-Slick Precipice of Darkness, Episode Two",16,2,12.5
"Out of the Park Baseball 14",8,1,12.5
"Overlord Raising Hell",64,8,12.5
"Painkiller Resurrection",8,1,12.5
"Planets Under Attack",8,1,12.5
"Quake III Team Arena",16,2,12.5
"Rising Angels Reborn",8,1,12.5
"Sam & Max 201 Ice Station Santa",8,1,12.5
"Sam & Max 202 Moai Better Blues",8,1,12.5
"Sam & Max 205 What's New Beelzebub?",8,1,12.5
"Super Splatters",8,1,12.5
"Tom Clancy's Splinter Cell Double Agent",16,2,12.5
"Wasteland 2 Director's Cut",24,3,12.5
"Wolfenstein 3D Spear of Destiny",8,1,12.5
"Viscera Cleanup Detail Shadow Warrior",57,7,12.28
"Puzzle Agent 2",25,3,12.0
"Arma 2 Operation Arrowhead Beta (Obsolete)",250,29,11.6
"Half-Life Opposing Force",366,42,11.48
"CrimeCraft GangWars",44,5,11.36
"Alpha Prime",27,3,11.11
"Anomaly Korea",9,1,11.11
"Broken Sword 3 - the Sleeping Dragon",9,1,11.11
Daikatana,18,2,11.11
"Fractal Make Blooms Not War",9,1,11.11
"GEARCRACK Arena",18,2,11.11
"Giana Sisters Twisted Dreams - Rise of the Owlverlord",9,1,11.11
"Guild Wars Trilogy",9,1,11.11
"Incoming Forces",9,1,11.11
"Mare Nostrum",63,7,11.11
"Space Hack",36,4,11.11
"Stronghold Crusader Extreme HD",45,5,11.11
"The Vanishing of Ethan Carter Redux",27,3,11.11
"Thunder Wolves",9,1,11.11
"Trucks & Trailers",9,1,11.11
"WTFast Gamers Private Network (GPN)",9,1,11.11
"Tomb Raider II",37,4,10.81
"English Country Tune",19,2,10.53
"SEGA Bass Fishing",19,2,10.53
"Red Faction II",29,3,10.34
"Reversion - The Escape",29,3,10.34
"Chaos Domain",30,3,10.0
"Eufloria HD",20,2,10.0
"Eurofighter Typhoon",10,1,10.0
"Freedom Force vs. the 3rd Reich",10,1,10.0
"HeXen Beyond Heretic",10,1,10.0
"Septerra Core",10,1,10.0
"East India Company Gold",51,5,9.8
"Divine Divinity",31,3,9.68
"Puzzle Pirates",21,2,9.52
"Back to the Future Ep 4 - Double Visions",32,3,9.38
"Back to the Future Ep 5 - OUTATIME",32,3,9.38
"F.E.A.R. Perseus Mandate",76,7,9.21
Pressure,11,1,9.09
"Ravensword Shadowlands",11,1,9.09
"SpellForce 2 - Demons of the Past",11,1,9.09
"The Banner Saga Factions",23,2,8.7
"Time Gentlemen, Please!",35,3,8.57
"Tomb Raider (VI) The Angel of Darkness",35,3,8.57
"Mini Ninjas",24,2,8.33
"Nikopol Secrets of the Immortals",12,1,8.33
"RACE Caterham Expansion",12,1,8.33
Saviors,12,1,8.33
"Sweet Lily Dreams",12,1,8.33
"The Fish Fillets 2",12,1,8.33
"Wasteland 1 - The Original Classic",24,2,8.33
Xam,24,2,8.33
"The Guild II - Pirates of the European Seas",26,2,7.69
"The Whispered World Special Edition",13,1,7.69
"UFO Afterlight",26,2,7.69
"War of the Roses Balance Beta",53,4,7.55
"Starbound - Unstable",134,10,7.46
"Batman Arkham Origins Blackgate - Deluxe Edition",41,3,7.32
"Beyond Divinity",28,2,7.14
"Divinity Dragon Commander Beta",14,1,7.14
"Legacy of Kain Soul Reaver 2",14,1,7.14
Snapshot,14,1,7.14
"Team Fortress Classic",366,26,7.1
"Quake Mission Pack 1 Scourge of Armagon",15,1,6.67
"Quake Mission Pack 2 Dissolution of Eternity",15,1,6.67
"The 39 Steps",15,1,6.67
"F.E.A.R. Extraction Point",76,5,6.58
"H1Z1 Test Server",138,9,6.52
"Pirates of Black Cove Gold",47,3,6.38
"Arma 2 British Armed Forces",48,3,6.25
"Darksiders II Deathinitive Edition",32,2,6.25
"Hyper Fighters",16,1,6.25
"Memoir '44 Online",16,1,6.25
"Tom Clancy's Rainbow Six Vegas",16,1,6.25
"Weird Worlds Return to Infinite Space",16,1,6.25
"Deathmatch Classic",524,32,6.11
Anachronox,17,1,5.88
"Fiesta Online",17,1,5.88
"Rise of the Argonauts",34,2,5.88
"Syberia 2",17,1,5.88
"Tomb Raider III Adventures of Lara Croft",34,2,5.88
"Uncharted Waters Online",17,1,5.88
"Tomb Raider The Last Revelation",35,2,5.71
"Atlantica Online",18,1,5.56
"Earth 2150 Lost Souls",18,1,5.56
"Gorky 17",18,1,5.56
"Magic The Gathering  Tactics",18,1,5.56
"Star Wars - Jedi Knight Mysteries of the Sith",36,2,5.56
"Starseed Pilgrim",18,1,5.56
"X-COM Interceptor",36,2,5.56
"Crazy Taxi",19,1,5.26
Worms,19,1,5.26
"Half-Life Deathmatch Source",268,14,5.22
"Commander Conquest of the Americas Gold",39,2,5.13
"Broken Sword 2 - the Smoking Mirror Remastered",20,1,5.0
"Tesla Effect",20,1,5.0
"Patch testing for Chivalry",222,11,4.95
"Dungeon Party",21,1,4.76
"Hector Ep 2",22,1,4.55
"Star Wars The Clone Wars Republic Heroes",22,1,4.55
"Wallace & Gromit Ep 2 The Last Resort",22,1,4.55
"Wallace & Gromit Ep 3 Muzzled!",22,1,4.55
"Wallace & Gromit Ep 4 The Bogey Man",22,1,4.55
"GTR Evolution",69,3,4.35
Ricochet,524,21,4.01
"Commandos Beyond the Call of Duty",26,1,3.85
"Earth 2150 The Moon Project",26,1,3.85
"Sam & Max 302 The Tomb of Sammun-Mak",29,1,3.45
"Sam & Max 303 They Stole Max's Brain!",29,1,3.45
"Sam & Max 304 Beyond the Alley of the Dolls",29,1,3.45
"Sam & Max 305 The City that Dares not Sleep",29,1,3.45
"Realms of the Haunting",30,1,3.33
"Hitman Contracts",32,1,3.13
"Tomb Raider Chronicles",34,1,2.94
"X-COM Enforcer",36,1,2.78
"Serious Sam Classics Revolution",37,1,2.7
"Psychonauts Demo",82,1,1.22
